[2025-06-21T21:46:05.074Z] info: kubernetes.yaml was copied to the config folder
[2025-06-21T21:48:39.539Z] error: Host validation failed for: homelab.ddns.me. Hint: Set the HOMEPAGE_ALLOWED_HOSTS environment variable to allow requests from this host / port.
[2025-06-21T21:48:43.858Z] error: Host validation failed for: homelab.ddns.me. Hint: Set the HOMEPAGE_ALLOWED_HOSTS environment variable to allow requests from this host / port.
[2025-06-21T21:48:54.860Z] error: Host validation failed for: homelab.ddns.me. Hint: Set the HOMEPAGE_ALLOWED_HOSTS environment variable to allow requests from this host / port.
[2025-06-21T21:48:54.968Z] error: Host validation failed for: homelab.ddns.me. Hint: Set the HOMEPAGE_ALLOWED_HOSTS environment variable to allow requests from this host / port.
[2025-06-21T21:48:54.969Z] error: Host validation failed for: homelab.ddns.me. Hint: Set the HOMEPAGE_ALLOWED_HOSTS environment variable to allow requests from this host / port.
[2025-06-21T21:48:54.971Z] error: Host validation failed for: homelab.ddns.me. Hint: Set the HOMEPAGE_ALLOWED_HOSTS environment variable to allow requests from this host / port.
[2025-06-21T21:48:54.972Z] error: Host validation failed for: homelab.ddns.me. Hint: Set the HOMEPAGE_ALLOWED_HOSTS environment variable to allow requests from this host / port.
[2025-06-21T21:48:54.974Z] error: Host validation failed for: homelab.ddns.me. Hint: Set the HOMEPAGE_ALLOWED_HOSTS environment variable to allow requests from this host / port.
[2025-06-21T21:48:55.009Z] error: Host validation failed for: homelab.ddns.me. Hint: Set the HOMEPAGE_ALLOWED_HOSTS environment variable to allow requests from this host / port.
[2025-06-21T21:48:55.011Z] error: Host validation failed for: homelab.ddns.me. Hint: Set the HOMEPAGE_ALLOWED_HOSTS environment variable to allow requests from this host / port.
[2025-06-21T21:48:55.012Z] error: Host validation failed for: homelab.ddns.me. Hint: Set the HOMEPAGE_ALLOWED_HOSTS environment variable to allow requests from this host / port.
[2025-06-21T21:48:55.015Z] error: Host validation failed for: homelab.ddns.me. Hint: Set the HOMEPAGE_ALLOWED_HOSTS environment variable to allow requests from this host / port.
[2025-06-21T21:48:55.016Z] error: Host validation failed for: homelab.ddns.me. Hint: Set the HOMEPAGE_ALLOWED_HOSTS environment variable to allow requests from this host / port.
[2025-06-21T21:48:55.039Z] error: Host validation failed for: homelab.ddns.me. Hint: Set the HOMEPAGE_ALLOWED_HOSTS environment variable to allow requests from this host / port.
[2025-06-21T21:51:03.109Z] error: Host validation failed for: homelab.ddns.me. Hint: Set the HOMEPAGE_ALLOWED_HOSTS environment variable to allow requests from this host / port.
[2025-06-21T21:51:03.199Z] error: Host validation failed for: homelab.ddns.me. Hint: Set the HOMEPAGE_ALLOWED_HOSTS environment variable to allow requests from this host / port.
[2025-06-21T21:51:03.201Z] error: Host validation failed for: homelab.ddns.me. Hint: Set the HOMEPAGE_ALLOWED_HOSTS environment variable to allow requests from this host / port.
[2025-06-21T21:51:03.203Z] error: Host validation failed for: homelab.ddns.me. Hint: Set the HOMEPAGE_ALLOWED_HOSTS environment variable to allow requests from this host / port.
[2025-06-21T21:51:03.205Z] error: Host validation failed for: homelab.ddns.me. Hint: Set the HOMEPAGE_ALLOWED_HOSTS environment variable to allow requests from this host / port.
[2025-06-21T21:51:03.207Z] error: Host validation failed for: homelab.ddns.me. Hint: Set the HOMEPAGE_ALLOWED_HOSTS environment variable to allow requests from this host / port.
[2025-06-21T21:51:03.225Z] error: Host validation failed for: homelab.ddns.me. Hint: Set the HOMEPAGE_ALLOWED_HOSTS environment variable to allow requests from this host / port.
[2025-06-21T21:51:03.227Z] error: Host validation failed for: homelab.ddns.me. Hint: Set the HOMEPAGE_ALLOWED_HOSTS environment variable to allow requests from this host / port.
[2025-06-21T21:51:03.228Z] error: Host validation failed for: homelab.ddns.me. Hint: Set the HOMEPAGE_ALLOWED_HOSTS environment variable to allow requests from this host / port.
[2025-06-21T21:51:03.238Z] error: Host validation failed for: homelab.ddns.me. Hint: Set the HOMEPAGE_ALLOWED_HOSTS environment variable to allow requests from this host / port.
[2025-06-21T21:51:03.239Z] error: Host validation failed for: homelab.ddns.me. Hint: Set the HOMEPAGE_ALLOWED_HOSTS environment variable to allow requests from this host / port.
[2025-06-21T21:51:03.242Z] error: Host validation failed for: homelab.ddns.me. Hint: Set the HOMEPAGE_ALLOWED_HOSTS environment variable to allow requests from this host / port.
[2025-06-21T21:51:03.279Z] error: Host validation failed for: homelab.ddns.me. Hint: Set the HOMEPAGE_ALLOWED_HOSTS environment variable to allow requests from this host / port.
[2025-06-21T21:51:04.410Z] error: Host validation failed for: homelab.ddns.me. Hint: Set the HOMEPAGE_ALLOWED_HOSTS environment variable to allow requests from this host / port.
[2025-06-21T21:51:04.495Z] error: Host validation failed for: homelab.ddns.me. Hint: Set the HOMEPAGE_ALLOWED_HOSTS environment variable to allow requests from this host / port.
[2025-06-21T21:51:04.497Z] error: Host validation failed for: homelab.ddns.me. Hint: Set the HOMEPAGE_ALLOWED_HOSTS environment variable to allow requests from this host / port.
[2025-06-21T21:51:04.498Z] error: Host validation failed for: homelab.ddns.me. Hint: Set the HOMEPAGE_ALLOWED_HOSTS environment variable to allow requests from this host / port.
[2025-06-21T21:51:04.499Z] error: Host validation failed for: homelab.ddns.me. Hint: Set the HOMEPAGE_ALLOWED_HOSTS environment variable to allow requests from this host / port.
[2025-06-21T21:51:04.500Z] error: Host validation failed for: homelab.ddns.me. Hint: Set the HOMEPAGE_ALLOWED_HOSTS environment variable to allow requests from this host / port.
[2025-06-21T21:51:04.520Z] error: Host validation failed for: homelab.ddns.me. Hint: Set the HOMEPAGE_ALLOWED_HOSTS environment variable to allow requests from this host / port.
[2025-06-21T21:51:04.521Z] error: Host validation failed for: homelab.ddns.me. Hint: Set the HOMEPAGE_ALLOWED_HOSTS environment variable to allow requests from this host / port.
[2025-06-21T21:51:04.522Z] error: Host validation failed for: homelab.ddns.me. Hint: Set the HOMEPAGE_ALLOWED_HOSTS environment variable to allow requests from this host / port.
[2025-06-21T21:51:04.523Z] error: Host validation failed for: homelab.ddns.me. Hint: Set the HOMEPAGE_ALLOWED_HOSTS environment variable to allow requests from this host / port.
[2025-06-21T21:51:04.524Z] error: Host validation failed for: homelab.ddns.me. Hint: Set the HOMEPAGE_ALLOWED_HOSTS environment variable to allow requests from this host / port.
[2025-06-21T21:51:04.528Z] error: Host validation failed for: homelab.ddns.me. Hint: Set the HOMEPAGE_ALLOWED_HOSTS environment variable to allow requests from this host / port.
[2025-06-21T21:51:04.599Z] error: Host validation failed for: homelab.ddns.me. Hint: Set the HOMEPAGE_ALLOWED_HOSTS environment variable to allow requests from this host / port.
[2025-06-21T21:52:01.540Z] error: Host validation failed for: homelab.ddns.me. Hint: Set the HOMEPAGE_ALLOWED_HOSTS environment variable to allow requests from this host / port.
[2025-06-21T21:52:01.542Z] error: Host validation failed for: homelab.ddns.me. Hint: Set the HOMEPAGE_ALLOWED_HOSTS environment variable to allow requests from this host / port.
[2025-06-21T21:53:06.739Z] info: docker.yaml was copied to the config folder
[2025-06-21T21:53:06.740Z] info: bookmarks.yaml was copied to the config folder
[2025-06-21T21:53:06.741Z] info: widgets.yaml was copied to the config folder
[2025-06-21T21:53:06.741Z] info: custom.css was copied to the config folder
[2025-06-21T21:53:06.741Z] info: custom.js was copied to the config folder
[2025-06-21T22:17:26.632Z] info: widgets.yaml was copied to the config folder
[2025-06-21T22:31:39.107Z] error: Failed to load widgets, please check widgets.yaml for errors or remove example entries.
[2025-06-21T22:31:39.107Z] error: end of the stream or a document separator is expected (34:1)

 31 | - search:
 32 |     provider: duckduckgo
 33 |     target: _blank
 34 | widget:
------^
 35 |   type: adguard
 36 |   url: http://192.168.0.25:81
[2025-06-21T22:31:39.121Z] error: Failed to load widgets, please check widgets.yaml for errors or remove example entries.
[2025-06-21T22:31:39.121Z] error: end of the stream or a document separator is expected (34:1)

 31 | - search:
 32 |     provider: duckduckgo
 33 |     target: _blank
 34 | widget:
------^
 35 |   type: adguard
 36 |   url: http://192.168.0.25:81
[2025-06-21T22:31:39.272Z] error: Failed to load widgets, please check widgets.yaml for errors or remove example entries.
[2025-06-21T22:31:39.272Z] error: end of the stream or a document separator is expected (34:1)

 31 | - search:
 32 |     provider: duckduckgo
 33 |     target: _blank
 34 | widget:
------^
 35 |   type: adguard
 36 |   url: http://192.168.0.25:81
[2025-06-21T22:31:48.845Z] error: Failed to load widgets, please check widgets.yaml for errors or remove example entries.
[2025-06-21T22:31:48.846Z] error: end of the stream or a document separator is expected (34:1)

 31 | - search:
 32 |     provider: duckduckgo
 33 |     target: _blank
 34 | widget:
------^
 35 |   type: adguard
 36 |   url: http://192.168.0.25:81
[2025-06-21T22:31:48.939Z] error: Failed to load widgets, please check widgets.yaml for errors or remove example entries.
[2025-06-21T22:31:48.940Z] error: end of the stream or a document separator is expected (34:1)

 31 | - search:
 32 |     provider: duckduckgo
 33 |     target: _blank
 34 | widget:
------^
 35 |   type: adguard
 36 |   url: http://192.168.0.25:81
[2025-06-21T22:31:49.062Z] error: Failed to load widgets, please check widgets.yaml for errors or remove example entries.
[2025-06-21T22:31:49.063Z] error: end of the stream or a document separator is expected (34:1)

 31 | - search:
 32 |     provider: duckduckgo
 33 |     target: _blank
 34 | widget:
------^
 35 |   type: adguard
 36 |   url: http://192.168.0.25:81
[2025-06-21T22:31:50.640Z] error: Failed to load widgets, please check widgets.yaml for errors or remove example entries.
[2025-06-21T22:31:50.640Z] error: end of the stream or a document separator is expected (34:1)

 31 | - search:
 32 |     provider: duckduckgo
 33 |     target: _blank
 34 | widget:
------^
 35 |   type: adguard
 36 |   url: http://192.168.0.25:81
[2025-06-21T23:13:20.946Z] error: Failed to load widgets, please check widgets.yaml for errors or remove example entries.
[2025-06-21T23:13:20.946Z] error: duplicated mapping key (22:5)

 19 |       url: http://192.168.0.25:9100 ...
 20 |       query: (node_memory_MemTotal_ ...
 21 |       label: Used
 22 |     memory:
----------^
 23 |       title: Disk Total (Raw Value) ...
 24 |       type: prometheus
[2025-06-21T23:13:20.971Z] error: Failed to load widgets, please check widgets.yaml for errors or remove example entries.
[2025-06-21T23:13:20.971Z] error: duplicated mapping key (22:5)

 19 |       url: http://192.168.0.25:9100 ...
 20 |       query: (node_memory_MemTotal_ ...
 21 |       label: Used
 22 |     memory:
----------^
 23 |       title: Disk Total (Raw Value) ...
 24 |       type: prometheus
[2025-06-21T23:13:21.066Z] error: Failed to load widgets, please check widgets.yaml for errors or remove example entries.
[2025-06-21T23:13:21.066Z] error: duplicated mapping key (22:5)

 19 |       url: http://192.168.0.25:9100 ...
 20 |       query: (node_memory_MemTotal_ ...
 21 |       label: Used
 22 |     memory:
----------^
 23 |       title: Disk Total (Raw Value) ...
 24 |       type: prometheus
[2025-06-21T23:13:21.230Z] error: Failed to load widgets, please check widgets.yaml for errors or remove example entries.
[2025-06-21T23:13:21.230Z] error: duplicated mapping key (22:5)

 19 |       url: http://192.168.0.25:9100 ...
 20 |       query: (node_memory_MemTotal_ ...
 21 |       label: Used
 22 |     memory:
----------^
 23 |       title: Disk Total (Raw Value) ...
 24 |       type: prometheus
[2025-06-21T23:13:22.519Z] error: Failed to load widgets, please check widgets.yaml for errors or remove example entries.
[2025-06-21T23:13:22.519Z] error: duplicated mapping key (22:5)

 19 |       url: http://192.168.0.25:9100 ...
 20 |       query: (node_memory_MemTotal_ ...
 21 |       label: Used
 22 |     memory:
----------^
 23 |       title: Disk Total (Raw Value) ...
 24 |       type: prometheus
[2025-06-21T23:13:23.022Z] error: Failed to load widgets, please check widgets.yaml for errors or remove example entries.
[2025-06-21T23:13:23.022Z] error: duplicated mapping key (22:5)

 19 |       url: http://192.168.0.25:9100 ...
 20 |       query: (node_memory_MemTotal_ ...
 21 |       label: Used
 22 |     memory:
----------^
 23 |       title: Disk Total (Raw Value) ...
 24 |       type: prometheus
[2025-06-21T23:13:23.206Z] error: Failed to load widgets, please check widgets.yaml for errors or remove example entries.
[2025-06-21T23:13:23.206Z] error: duplicated mapping key (22:5)

 19 |       url: http://192.168.0.25:9100 ...
 20 |       query: (node_memory_MemTotal_ ...
 21 |       label: Used
 22 |     memory:
----------^
 23 |       title: Disk Total (Raw Value) ...
 24 |       type: prometheus
[2025-06-21T23:13:48.097Z] error: Failed to load widgets, please check widgets.yaml for errors or remove example entries.
[2025-06-21T23:13:48.097Z] error: duplicated mapping key (22:5)

 19 |       url: http://192.168.0.25:9100 ...
 20 |       query: (node_memory_MemTotal_ ...
 21 |       label: Used
 22 |     cpu:
----------^
 23 |       title: Disk Total (Raw Value) ...
 24 |       type: prometheus
[2025-06-21T23:13:48.109Z] error: Failed to load widgets, please check widgets.yaml for errors or remove example entries.
[2025-06-21T23:13:48.109Z] error: duplicated mapping key (22:5)

 19 |       url: http://192.168.0.25:9100 ...
 20 |       query: (node_memory_MemTotal_ ...
 21 |       label: Used
 22 |     cpu:
----------^
 23 |       title: Disk Total (Raw Value) ...
 24 |       type: prometheus
[2025-06-21T23:13:48.243Z] error: Failed to load widgets, please check widgets.yaml for errors or remove example entries.
[2025-06-21T23:13:48.243Z] error: duplicated mapping key (22:5)

 19 |       url: http://192.168.0.25:9100 ...
 20 |       query: (node_memory_MemTotal_ ...
 21 |       label: Used
 22 |     cpu:
----------^
 23 |       title: Disk Total (Raw Value) ...
 24 |       type: prometheus
[2025-06-21T23:13:48.326Z] error: Failed to load widgets, please check widgets.yaml for errors or remove example entries.
[2025-06-21T23:13:48.326Z] error: duplicated mapping key (22:5)

 19 |       url: http://192.168.0.25:9100 ...
 20 |       query: (node_memory_MemTotal_ ...
 21 |       label: Used
 22 |     cpu:
----------^
 23 |       title: Disk Total (Raw Value) ...
 24 |       type: prometheus
[2025-06-21T23:13:49.332Z] error: Failed to load widgets, please check widgets.yaml for errors or remove example entries.
[2025-06-21T23:13:49.332Z] error: duplicated mapping key (22:5)

 19 |       url: http://192.168.0.25:9100 ...
 20 |       query: (node_memory_MemTotal_ ...
 21 |       label: Used
 22 |     cpu:
----------^
 23 |       title: Disk Total (Raw Value) ...
 24 |       type: prometheus
[2025-06-21T23:47:51.278Z] error: Host validation failed for: homelab.ddns.me. Hint: Set the HOMEPAGE_ALLOWED_HOSTS environment variable to allow requests from this host / port.
[2025-06-21T23:47:51.381Z] error: Host validation failed for: homelab.ddns.me. Hint: Set the HOMEPAGE_ALLOWED_HOSTS environment variable to allow requests from this host / port.
[2025-06-21T23:47:51.383Z] error: Host validation failed for: homelab.ddns.me. Hint: Set the HOMEPAGE_ALLOWED_HOSTS environment variable to allow requests from this host / port.
[2025-06-21T23:47:51.385Z] error: Host validation failed for: homelab.ddns.me. Hint: Set the HOMEPAGE_ALLOWED_HOSTS environment variable to allow requests from this host / port.
[2025-06-21T23:47:51.387Z] error: Host validation failed for: homelab.ddns.me. Hint: Set the HOMEPAGE_ALLOWED_HOSTS environment variable to allow requests from this host / port.
[2025-06-21T23:47:51.390Z] error: Host validation failed for: homelab.ddns.me. Hint: Set the HOMEPAGE_ALLOWED_HOSTS environment variable to allow requests from this host / port.
[2025-06-21T23:47:51.392Z] error: Host validation failed for: homelab.ddns.me. Hint: Set the HOMEPAGE_ALLOWED_HOSTS environment variable to allow requests from this host / port.
[2025-06-21T23:47:51.394Z] error: Host validation failed for: homelab.ddns.me. Hint: Set the HOMEPAGE_ALLOWED_HOSTS environment variable to allow requests from this host / port.
[2025-06-21T23:47:51.395Z] error: Host validation failed for: homelab.ddns.me. Hint: Set the HOMEPAGE_ALLOWED_HOSTS environment variable to allow requests from this host / port.
[2025-06-21T23:47:51.411Z] error: Host validation failed for: homelab.ddns.me. Hint: Set the HOMEPAGE_ALLOWED_HOSTS environment variable to allow requests from this host / port.
[2025-06-21T23:47:51.413Z] error: Host validation failed for: homelab.ddns.me. Hint: Set the HOMEPAGE_ALLOWED_HOSTS environment variable to allow requests from this host / port.
[2025-06-21T23:47:51.415Z] error: Host validation failed for: homelab.ddns.me. Hint: Set the HOMEPAGE_ALLOWED_HOSTS environment variable to allow requests from this host / port.
[2025-06-21T23:47:51.452Z] error: Host validation failed for: homelab.ddns.me. Hint: Set the HOMEPAGE_ALLOWED_HOSTS environment variable to allow requests from this host / port.
[2025-06-21T23:47:52.292Z] error: Host validation failed for: homelab.ddns.me. Hint: Set the HOMEPAGE_ALLOWED_HOSTS environment variable to allow requests from this host / port.
[2025-06-21T23:47:52.338Z] error: Host validation failed for: homelab.ddns.me. Hint: Set the HOMEPAGE_ALLOWED_HOSTS environment variable to allow requests from this host / port.
[2025-06-21T23:47:52.339Z] error: Host validation failed for: homelab.ddns.me. Hint: Set the HOMEPAGE_ALLOWED_HOSTS environment variable to allow requests from this host / port.
[2025-06-21T23:47:52.340Z] error: Host validation failed for: homelab.ddns.me. Hint: Set the HOMEPAGE_ALLOWED_HOSTS environment variable to allow requests from this host / port.
[2025-06-21T23:47:52.341Z] error: Host validation failed for: homelab.ddns.me. Hint: Set the HOMEPAGE_ALLOWED_HOSTS environment variable to allow requests from this host / port.
[2025-06-21T23:47:52.342Z] error: Host validation failed for: homelab.ddns.me. Hint: Set the HOMEPAGE_ALLOWED_HOSTS environment variable to allow requests from this host / port.
[2025-06-21T23:47:52.361Z] error: Host validation failed for: homelab.ddns.me. Hint: Set the HOMEPAGE_ALLOWED_HOSTS environment variable to allow requests from this host / port.
[2025-06-21T23:47:52.362Z] error: Host validation failed for: homelab.ddns.me. Hint: Set the HOMEPAGE_ALLOWED_HOSTS environment variable to allow requests from this host / port.
[2025-06-21T23:47:52.363Z] error: Host validation failed for: homelab.ddns.me. Hint: Set the HOMEPAGE_ALLOWED_HOSTS environment variable to allow requests from this host / port.
[2025-06-21T23:47:52.364Z] error: Host validation failed for: homelab.ddns.me. Hint: Set the HOMEPAGE_ALLOWED_HOSTS environment variable to allow requests from this host / port.
[2025-06-21T23:47:52.365Z] error: Host validation failed for: homelab.ddns.me. Hint: Set the HOMEPAGE_ALLOWED_HOSTS environment variable to allow requests from this host / port.
[2025-06-21T23:47:52.367Z] error: Host validation failed for: homelab.ddns.me. Hint: Set the HOMEPAGE_ALLOWED_HOSTS environment variable to allow requests from this host / port.
[2025-06-21T23:47:52.402Z] error: Host validation failed for: homelab.ddns.me. Hint: Set the HOMEPAGE_ALLOWED_HOSTS environment variable to allow requests from this host / port.
[2025-06-21T23:47:57.664Z] error: Host validation failed for: homelab.ddns.me. Hint: Set the HOMEPAGE_ALLOWED_HOSTS environment variable to allow requests from this host / port.
[2025-06-21T23:47:57.665Z] error: Host validation failed for: homelab.ddns.me. Hint: Set the HOMEPAGE_ALLOWED_HOSTS environment variable to allow requests from this host / port.
[2025-06-21T23:49:05.783Z] error: Host validation failed for: homelab.ddns.me. Hint: Set the HOMEPAGE_ALLOWED_HOSTS environment variable to allow requests from this host / port.
[2025-06-21T23:49:05.785Z] error: Host validation failed for: homelab.ddns.me. Hint: Set the HOMEPAGE_ALLOWED_HOSTS environment variable to allow requests from this host / port.
[2025-06-21T23:49:05.790Z] error: Host validation failed for: homelab.ddns.me. Hint: Set the HOMEPAGE_ALLOWED_HOSTS environment variable to allow requests from this host / port.
[2025-06-21T23:49:06.400Z] error: Host validation failed for: homelab.ddns.me. Hint: Set the HOMEPAGE_ALLOWED_HOSTS environment variable to allow requests from this host / port.
[2025-06-21T23:49:06.443Z] error: Host validation failed for: homelab.ddns.me. Hint: Set the HOMEPAGE_ALLOWED_HOSTS environment variable to allow requests from this host / port.
[2025-06-21T23:49:06.445Z] error: Host validation failed for: homelab.ddns.me. Hint: Set the HOMEPAGE_ALLOWED_HOSTS environment variable to allow requests from this host / port.
[2025-06-21T23:49:06.446Z] error: Host validation failed for: homelab.ddns.me. Hint: Set the HOMEPAGE_ALLOWED_HOSTS environment variable to allow requests from this host / port.
[2025-06-21T23:49:06.447Z] error: Host validation failed for: homelab.ddns.me. Hint: Set the HOMEPAGE_ALLOWED_HOSTS environment variable to allow requests from this host / port.
[2025-06-21T23:49:06.448Z] error: Host validation failed for: homelab.ddns.me. Hint: Set the HOMEPAGE_ALLOWED_HOSTS environment variable to allow requests from this host / port.
[2025-06-21T23:49:06.474Z] error: Host validation failed for: homelab.ddns.me. Hint: Set the HOMEPAGE_ALLOWED_HOSTS environment variable to allow requests from this host / port.
[2025-06-21T23:49:06.475Z] error: Host validation failed for: homelab.ddns.me. Hint: Set the HOMEPAGE_ALLOWED_HOSTS environment variable to allow requests from this host / port.
[2025-06-21T23:49:06.476Z] error: Host validation failed for: homelab.ddns.me. Hint: Set the HOMEPAGE_ALLOWED_HOSTS environment variable to allow requests from this host / port.
[2025-06-21T23:49:06.477Z] error: Host validation failed for: homelab.ddns.me. Hint: Set the HOMEPAGE_ALLOWED_HOSTS environment variable to allow requests from this host / port.
[2025-06-21T23:49:06.478Z] error: Host validation failed for: homelab.ddns.me. Hint: Set the HOMEPAGE_ALLOWED_HOSTS environment variable to allow requests from this host / port.
[2025-06-21T23:49:06.479Z] error: Host validation failed for: homelab.ddns.me. Hint: Set the HOMEPAGE_ALLOWED_HOSTS environment variable to allow requests from this host / port.
[2025-06-21T23:49:06.525Z] error: Host validation failed for: homelab.ddns.me. Hint: Set the HOMEPAGE_ALLOWED_HOSTS environment variable to allow requests from this host / port.
[2025-06-21T23:49:07.934Z] error: Host validation failed for: homelab.ddns.me. Hint: Set the HOMEPAGE_ALLOWED_HOSTS environment variable to allow requests from this host / port.
[2025-06-21T23:49:07.975Z] error: Host validation failed for: homelab.ddns.me. Hint: Set the HOMEPAGE_ALLOWED_HOSTS environment variable to allow requests from this host / port.
[2025-06-21T23:49:07.977Z] error: Host validation failed for: homelab.ddns.me. Hint: Set the HOMEPAGE_ALLOWED_HOSTS environment variable to allow requests from this host / port.
[2025-06-21T23:49:07.978Z] error: Host validation failed for: homelab.ddns.me. Hint: Set the HOMEPAGE_ALLOWED_HOSTS environment variable to allow requests from this host / port.
[2025-06-21T23:49:07.979Z] error: Host validation failed for: homelab.ddns.me. Hint: Set the HOMEPAGE_ALLOWED_HOSTS environment variable to allow requests from this host / port.
[2025-06-21T23:49:07.980Z] error: Host validation failed for: homelab.ddns.me. Hint: Set the HOMEPAGE_ALLOWED_HOSTS environment variable to allow requests from this host / port.
[2025-06-21T23:49:07.983Z] error: Host validation failed for: homelab.ddns.me. Hint: Set the HOMEPAGE_ALLOWED_HOSTS environment variable to allow requests from this host / port.
[2025-06-21T23:49:07.983Z] error: Host validation failed for: homelab.ddns.me. Hint: Set the HOMEPAGE_ALLOWED_HOSTS environment variable to allow requests from this host / port.
[2025-06-21T23:49:07.985Z] error: Host validation failed for: homelab.ddns.me. Hint: Set the HOMEPAGE_ALLOWED_HOSTS environment variable to allow requests from this host / port.
[2025-06-21T23:49:08.004Z] error: Host validation failed for: homelab.ddns.me. Hint: Set the HOMEPAGE_ALLOWED_HOSTS environment variable to allow requests from this host / port.
[2025-06-21T23:49:08.005Z] error: Host validation failed for: homelab.ddns.me. Hint: Set the HOMEPAGE_ALLOWED_HOSTS environment variable to allow requests from this host / port.
[2025-06-21T23:49:08.008Z] error: Host validation failed for: homelab.ddns.me. Hint: Set the HOMEPAGE_ALLOWED_HOSTS environment variable to allow requests from this host / port.
[2025-06-21T23:49:08.043Z] error: Host validation failed for: homelab.ddns.me. Hint: Set the HOMEPAGE_ALLOWED_HOSTS environment variable to allow requests from this host / port.
[2025-06-21T23:49:25.922Z] error: Host validation failed for: homelab.ddns.me. Hint: Set the HOMEPAGE_ALLOWED_HOSTS environment variable to allow requests from this host / port.
[2025-06-21T23:49:25.923Z] error: Host validation failed for: homelab.ddns.me. Hint: Set the HOMEPAGE_ALLOWED_HOSTS environment variable to allow requests from this host / port.
[2025-06-21T23:49:25.924Z] error: Host validation failed for: homelab.ddns.me. Hint: Set the HOMEPAGE_ALLOWED_HOSTS environment variable to allow requests from this host / port.
[2025-06-21T23:49:31.867Z] error: Host validation failed for: 192.168.0.25:3000. Hint: Set the HOMEPAGE_ALLOWED_HOSTS environment variable to allow requests from this host / port.
[2025-06-21T23:49:31.962Z] error: Host validation failed for: 192.168.0.25:3000. Hint: Set the HOMEPAGE_ALLOWED_HOSTS environment variable to allow requests from this host / port.
[2025-06-21T23:49:31.963Z] error: Host validation failed for: 192.168.0.25:3000. Hint: Set the HOMEPAGE_ALLOWED_HOSTS environment variable to allow requests from this host / port.
[2025-06-21T23:49:31.964Z] error: Host validation failed for: 192.168.0.25:3000. Hint: Set the HOMEPAGE_ALLOWED_HOSTS environment variable to allow requests from this host / port.
[2025-06-21T23:49:31.965Z] error: Host validation failed for: 192.168.0.25:3000. Hint: Set the HOMEPAGE_ALLOWED_HOSTS environment variable to allow requests from this host / port.
[2025-06-21T23:49:31.966Z] error: Host validation failed for: 192.168.0.25:3000. Hint: Set the HOMEPAGE_ALLOWED_HOSTS environment variable to allow requests from this host / port.
[2025-06-21T23:49:31.994Z] error: Host validation failed for: 192.168.0.25:3000. Hint: Set the HOMEPAGE_ALLOWED_HOSTS environment variable to allow requests from this host / port.
[2025-06-21T23:49:31.995Z] error: Host validation failed for: 192.168.0.25:3000. Hint: Set the HOMEPAGE_ALLOWED_HOSTS environment variable to allow requests from this host / port.
[2025-06-21T23:49:31.995Z] error: Host validation failed for: 192.168.0.25:3000. Hint: Set the HOMEPAGE_ALLOWED_HOSTS environment variable to allow requests from this host / port.
[2025-06-21T23:49:31.996Z] error: Host validation failed for: 192.168.0.25:3000. Hint: Set the HOMEPAGE_ALLOWED_HOSTS environment variable to allow requests from this host / port.
[2025-06-21T23:49:31.997Z] error: Host validation failed for: 192.168.0.25:3000. Hint: Set the HOMEPAGE_ALLOWED_HOSTS environment variable to allow requests from this host / port.
[2025-06-21T23:49:32.018Z] error: Host validation failed for: 192.168.0.25:3000. Hint: Set the HOMEPAGE_ALLOWED_HOSTS environment variable to allow requests from this host / port.
[2025-06-21T23:50:08.842Z] error: Host validation failed for: 192.168.0.25:3000. Hint: Set the HOMEPAGE_ALLOWED_HOSTS environment variable to allow requests from this host / port.
[2025-06-21T23:50:08.843Z] error: Host validation failed for: 192.168.0.25:3000. Hint: Set the HOMEPAGE_ALLOWED_HOSTS environment variable to allow requests from this host / port.
[2025-06-21T23:50:09.047Z] error: Host validation failed for: 192.168.0.25:3000. Hint: Set the HOMEPAGE_ALLOWED_HOSTS environment variable to allow requests from this host / port.
[2025-06-21T23:50:09.079Z] error: Host validation failed for: 192.168.0.25:3000. Hint: Set the HOMEPAGE_ALLOWED_HOSTS environment variable to allow requests from this host / port.
[2025-06-21T23:50:09.197Z] error: Host validation failed for: 192.168.0.25:3000. Hint: Set the HOMEPAGE_ALLOWED_HOSTS environment variable to allow requests from this host / port.
[2025-06-21T23:50:09.198Z] error: Host validation failed for: 192.168.0.25:3000. Hint: Set the HOMEPAGE_ALLOWED_HOSTS environment variable to allow requests from this host / port.
[2025-06-21T23:50:09.199Z] error: Host validation failed for: 192.168.0.25:3000. Hint: Set the HOMEPAGE_ALLOWED_HOSTS environment variable to allow requests from this host / port.
[2025-06-21T23:50:09.200Z] error: Host validation failed for: 192.168.0.25:3000. Hint: Set the HOMEPAGE_ALLOWED_HOSTS environment variable to allow requests from this host / port.
[2025-06-21T23:50:09.201Z] error: Host validation failed for: 192.168.0.25:3000. Hint: Set the HOMEPAGE_ALLOWED_HOSTS environment variable to allow requests from this host / port.
[2025-06-21T23:50:09.202Z] error: Host validation failed for: 192.168.0.25:3000. Hint: Set the HOMEPAGE_ALLOWED_HOSTS environment variable to allow requests from this host / port.
[2025-06-21T23:50:09.203Z] error: Host validation failed for: 192.168.0.25:3000. Hint: Set the HOMEPAGE_ALLOWED_HOSTS environment variable to allow requests from this host / port.
[2025-06-21T23:50:09.204Z] error: Host validation failed for: 192.168.0.25:3000. Hint: Set the HOMEPAGE_ALLOWED_HOSTS environment variable to allow requests from this host / port.
[2025-06-21T23:50:09.206Z] error: Host validation failed for: 192.168.0.25:3000. Hint: Set the HOMEPAGE_ALLOWED_HOSTS environment variable to allow requests from this host / port.
[2025-06-21T23:50:09.207Z] error: Host validation failed for: 192.168.0.25:3000. Hint: Set the HOMEPAGE_ALLOWED_HOSTS environment variable to allow requests from this host / port.
[2025-06-21T23:50:09.209Z] error: Host validation failed for: 192.168.0.25:3000. Hint: Set the HOMEPAGE_ALLOWED_HOSTS environment variable to allow requests from this host / port.
[2025-06-21T23:50:09.230Z] error: Host validation failed for: 192.168.0.25:3000. Hint: Set the HOMEPAGE_ALLOWED_HOSTS environment variable to allow requests from this host / port.
[2025-06-21T23:50:09.744Z] error: Host validation failed for: 192.168.0.25:3000. Hint: Set the HOMEPAGE_ALLOWED_HOSTS environment variable to allow requests from this host / port.
[2025-06-21T23:50:09.790Z] error: Host validation failed for: 192.168.0.25:3000. Hint: Set the HOMEPAGE_ALLOWED_HOSTS environment variable to allow requests from this host / port.
[2025-06-21T23:50:09.791Z] error: Host validation failed for: 192.168.0.25:3000. Hint: Set the HOMEPAGE_ALLOWED_HOSTS environment variable to allow requests from this host / port.
[2025-06-21T23:50:09.792Z] error: Host validation failed for: 192.168.0.25:3000. Hint: Set the HOMEPAGE_ALLOWED_HOSTS environment variable to allow requests from this host / port.
[2025-06-21T23:50:09.793Z] error: Host validation failed for: 192.168.0.25:3000. Hint: Set the HOMEPAGE_ALLOWED_HOSTS environment variable to allow requests from this host / port.
[2025-06-21T23:50:09.794Z] error: Host validation failed for: 192.168.0.25:3000. Hint: Set the HOMEPAGE_ALLOWED_HOSTS environment variable to allow requests from this host / port.
[2025-06-21T23:50:09.796Z] error: Host validation failed for: 192.168.0.25:3000. Hint: Set the HOMEPAGE_ALLOWED_HOSTS environment variable to allow requests from this host / port.
[2025-06-21T23:50:09.797Z] error: Host validation failed for: 192.168.0.25:3000. Hint: Set the HOMEPAGE_ALLOWED_HOSTS environment variable to allow requests from this host / port.
[2025-06-21T23:50:09.798Z] error: Host validation failed for: 192.168.0.25:3000. Hint: Set the HOMEPAGE_ALLOWED_HOSTS environment variable to allow requests from this host / port.
[2025-06-21T23:50:09.798Z] error: Host validation failed for: 192.168.0.25:3000. Hint: Set the HOMEPAGE_ALLOWED_HOSTS environment variable to allow requests from this host / port.
[2025-06-21T23:50:09.799Z] error: Host validation failed for: 192.168.0.25:3000. Hint: Set the HOMEPAGE_ALLOWED_HOSTS environment variable to allow requests from this host / port.
[2025-06-21T23:50:09.800Z] error: Host validation failed for: 192.168.0.25:3000. Hint: Set the HOMEPAGE_ALLOWED_HOSTS environment variable to allow requests from this host / port.
[2025-06-21T23:50:09.828Z] error: Host validation failed for: 192.168.0.25:3000. Hint: Set the HOMEPAGE_ALLOWED_HOSTS environment variable to allow requests from this host / port.
[2025-06-21T23:50:10.126Z] error: Host validation failed for: homelab.ddns.me. Hint: Set the HOMEPAGE_ALLOWED_HOSTS environment variable to allow requests from this host / port.
[2025-06-21T23:50:10.127Z] error: Host validation failed for: homelab.ddns.me. Hint: Set the HOMEPAGE_ALLOWED_HOSTS environment variable to allow requests from this host / port.
[2025-06-21T23:50:10.128Z] error: Host validation failed for: homelab.ddns.me. Hint: Set the HOMEPAGE_ALLOWED_HOSTS environment variable to allow requests from this host / port.
[2025-06-21T23:50:10.235Z] error: Host validation failed for: homelab.ddns.me. Hint: Set the HOMEPAGE_ALLOWED_HOSTS environment variable to allow requests from this host / port.
[2025-06-21T23:50:10.289Z] error: Host validation failed for: homelab.ddns.me. Hint: Set the HOMEPAGE_ALLOWED_HOSTS environment variable to allow requests from this host / port.
[2025-06-21T23:50:10.290Z] error: Host validation failed for: homelab.ddns.me. Hint: Set the HOMEPAGE_ALLOWED_HOSTS environment variable to allow requests from this host / port.
[2025-06-21T23:50:10.292Z] error: Host validation failed for: homelab.ddns.me. Hint: Set the HOMEPAGE_ALLOWED_HOSTS environment variable to allow requests from this host / port.
[2025-06-21T23:50:10.293Z] error: Host validation failed for: homelab.ddns.me. Hint: Set the HOMEPAGE_ALLOWED_HOSTS environment variable to allow requests from this host / port.
[2025-06-21T23:50:10.294Z] error: Host validation failed for: homelab.ddns.me. Hint: Set the HOMEPAGE_ALLOWED_HOSTS environment variable to allow requests from this host / port.
[2025-06-21T23:50:10.295Z] error: Host validation failed for: homelab.ddns.me. Hint: Set the HOMEPAGE_ALLOWED_HOSTS environment variable to allow requests from this host / port.
[2025-06-21T23:50:10.296Z] error: Host validation failed for: homelab.ddns.me. Hint: Set the HOMEPAGE_ALLOWED_HOSTS environment variable to allow requests from this host / port.
[2025-06-21T23:50:10.297Z] error: Host validation failed for: homelab.ddns.me. Hint: Set the HOMEPAGE_ALLOWED_HOSTS environment variable to allow requests from this host / port.
[2025-06-21T23:50:10.321Z] error: Host validation failed for: homelab.ddns.me. Hint: Set the HOMEPAGE_ALLOWED_HOSTS environment variable to allow requests from this host / port.
[2025-06-21T23:50:10.322Z] error: Host validation failed for: homelab.ddns.me. Hint: Set the HOMEPAGE_ALLOWED_HOSTS environment variable to allow requests from this host / port.
[2025-06-21T23:50:10.324Z] error: Host validation failed for: homelab.ddns.me. Hint: Set the HOMEPAGE_ALLOWED_HOSTS environment variable to allow requests from this host / port.
[2025-06-21T23:50:10.359Z] error: Host validation failed for: homelab.ddns.me. Hint: Set the HOMEPAGE_ALLOWED_HOSTS environment variable to allow requests from this host / port.
[2025-06-21T23:50:10.738Z] error: Host validation failed for: homelab.ddns.me. Hint: Set the HOMEPAGE_ALLOWED_HOSTS environment variable to allow requests from this host / port.
[2025-06-21T23:50:10.790Z] error: Host validation failed for: homelab.ddns.me. Hint: Set the HOMEPAGE_ALLOWED_HOSTS environment variable to allow requests from this host / port.
[2025-06-21T23:50:10.791Z] error: Host validation failed for: homelab.ddns.me. Hint: Set the HOMEPAGE_ALLOWED_HOSTS environment variable to allow requests from this host / port.
[2025-06-21T23:50:10.791Z] error: Host validation failed for: homelab.ddns.me. Hint: Set the HOMEPAGE_ALLOWED_HOSTS environment variable to allow requests from this host / port.
[2025-06-21T23:50:10.793Z] error: Host validation failed for: homelab.ddns.me. Hint: Set the HOMEPAGE_ALLOWED_HOSTS environment variable to allow requests from this host / port.
[2025-06-21T23:50:10.794Z] error: Host validation failed for: homelab.ddns.me. Hint: Set the HOMEPAGE_ALLOWED_HOSTS environment variable to allow requests from this host / port.
[2025-06-21T23:50:10.797Z] error: Host validation failed for: homelab.ddns.me. Hint: Set the HOMEPAGE_ALLOWED_HOSTS environment variable to allow requests from this host / port.
[2025-06-21T23:50:10.798Z] error: Host validation failed for: homelab.ddns.me. Hint: Set the HOMEPAGE_ALLOWED_HOSTS environment variable to allow requests from this host / port.
[2025-06-21T23:50:10.799Z] error: Host validation failed for: homelab.ddns.me. Hint: Set the HOMEPAGE_ALLOWED_HOSTS environment variable to allow requests from this host / port.
[2025-06-21T23:50:10.821Z] error: Host validation failed for: homelab.ddns.me. Hint: Set the HOMEPAGE_ALLOWED_HOSTS environment variable to allow requests from this host / port.
[2025-06-21T23:50:10.821Z] error: Host validation failed for: homelab.ddns.me. Hint: Set the HOMEPAGE_ALLOWED_HOSTS environment variable to allow requests from this host / port.
[2025-06-21T23:50:10.823Z] error: Host validation failed for: homelab.ddns.me. Hint: Set the HOMEPAGE_ALLOWED_HOSTS environment variable to allow requests from this host / port.
[2025-06-21T23:50:10.855Z] error: Host validation failed for: homelab.ddns.me. Hint: Set the HOMEPAGE_ALLOWED_HOSTS environment variable to allow requests from this host / port.
[2025-06-21T23:50:11.208Z] error: Host validation failed for: homelab.ddns.me. Hint: Set the HOMEPAGE_ALLOWED_HOSTS environment variable to allow requests from this host / port.
[2025-06-21T23:50:11.247Z] error: Host validation failed for: homelab.ddns.me. Hint: Set the HOMEPAGE_ALLOWED_HOSTS environment variable to allow requests from this host / port.
[2025-06-21T23:50:11.248Z] error: Host validation failed for: homelab.ddns.me. Hint: Set the HOMEPAGE_ALLOWED_HOSTS environment variable to allow requests from this host / port.
[2025-06-21T23:50:11.250Z] error: Host validation failed for: homelab.ddns.me. Hint: Set the HOMEPAGE_ALLOWED_HOSTS environment variable to allow requests from this host / port.
[2025-06-21T23:50:11.251Z] error: Host validation failed for: homelab.ddns.me. Hint: Set the HOMEPAGE_ALLOWED_HOSTS environment variable to allow requests from this host / port.
[2025-06-21T23:50:11.252Z] error: Host validation failed for: homelab.ddns.me. Hint: Set the HOMEPAGE_ALLOWED_HOSTS environment variable to allow requests from this host / port.
[2025-06-21T23:50:11.254Z] error: Host validation failed for: homelab.ddns.me. Hint: Set the HOMEPAGE_ALLOWED_HOSTS environment variable to allow requests from this host / port.
[2025-06-21T23:50:11.255Z] error: Host validation failed for: homelab.ddns.me. Hint: Set the HOMEPAGE_ALLOWED_HOSTS environment variable to allow requests from this host / port.
[2025-06-21T23:50:11.256Z] error: Host validation failed for: homelab.ddns.me. Hint: Set the HOMEPAGE_ALLOWED_HOSTS environment variable to allow requests from this host / port.
[2025-06-21T23:50:11.273Z] error: Host validation failed for: homelab.ddns.me. Hint: Set the HOMEPAGE_ALLOWED_HOSTS environment variable to allow requests from this host / port.
[2025-06-21T23:50:11.274Z] error: Host validation failed for: homelab.ddns.me. Hint: Set the HOMEPAGE_ALLOWED_HOSTS environment variable to allow requests from this host / port.
[2025-06-21T23:50:11.276Z] error: Host validation failed for: homelab.ddns.me. Hint: Set the HOMEPAGE_ALLOWED_HOSTS environment variable to allow requests from this host / port.
[2025-06-21T23:50:11.313Z] error: Host validation failed for: homelab.ddns.me. Hint: Set the HOMEPAGE_ALLOWED_HOSTS environment variable to allow requests from this host / port.
[2025-06-21T23:50:30.920Z] error: Host validation failed for: homelab.ddns.me. Hint: Set the HOMEPAGE_ALLOWED_HOSTS environment variable to allow requests from this host / port.
[2025-06-21T23:50:30.926Z] error: Host validation failed for: homelab.ddns.me. Hint: Set the HOMEPAGE_ALLOWED_HOSTS environment variable to allow requests from this host / port.
[2025-06-21T23:50:31.491Z] error: Host validation failed for: homelab.ddns.me. Hint: Set the HOMEPAGE_ALLOWED_HOSTS environment variable to allow requests from this host / port.
[2025-06-21T23:50:31.534Z] error: Host validation failed for: homelab.ddns.me. Hint: Set the HOMEPAGE_ALLOWED_HOSTS environment variable to allow requests from this host / port.
[2025-06-21T23:50:31.536Z] error: Host validation failed for: homelab.ddns.me. Hint: Set the HOMEPAGE_ALLOWED_HOSTS environment variable to allow requests from this host / port.
[2025-06-21T23:50:31.538Z] error: Host validation failed for: homelab.ddns.me. Hint: Set the HOMEPAGE_ALLOWED_HOSTS environment variable to allow requests from this host / port.
[2025-06-21T23:50:31.540Z] error: Host validation failed for: homelab.ddns.me. Hint: Set the HOMEPAGE_ALLOWED_HOSTS environment variable to allow requests from this host / port.
[2025-06-21T23:50:31.542Z] error: Host validation failed for: homelab.ddns.me. Hint: Set the HOMEPAGE_ALLOWED_HOSTS environment variable to allow requests from this host / port.
[2025-06-21T23:50:31.544Z] error: Host validation failed for: homelab.ddns.me. Hint: Set the HOMEPAGE_ALLOWED_HOSTS environment variable to allow requests from this host / port.
[2025-06-21T23:50:31.546Z] error: Host validation failed for: homelab.ddns.me. Hint: Set the HOMEPAGE_ALLOWED_HOSTS environment variable to allow requests from this host / port.
[2025-06-21T23:50:31.548Z] error: Host validation failed for: homelab.ddns.me. Hint: Set the HOMEPAGE_ALLOWED_HOSTS environment variable to allow requests from this host / port.
[2025-06-21T23:50:31.556Z] error: Host validation failed for: homelab.ddns.me. Hint: Set the HOMEPAGE_ALLOWED_HOSTS environment variable to allow requests from this host / port.
[2025-06-21T23:50:31.557Z] error: Host validation failed for: homelab.ddns.me. Hint: Set the HOMEPAGE_ALLOWED_HOSTS environment variable to allow requests from this host / port.
[2025-06-21T23:50:31.559Z] error: Host validation failed for: homelab.ddns.me. Hint: Set the HOMEPAGE_ALLOWED_HOSTS environment variable to allow requests from this host / port.
[2025-06-21T23:50:31.595Z] error: Host validation failed for: homelab.ddns.me. Hint: Set the HOMEPAGE_ALLOWED_HOSTS environment variable to allow requests from this host / port.
[2025-06-21T23:50:31.993Z] error: Host validation failed for: homelab.ddns.me. Hint: Set the HOMEPAGE_ALLOWED_HOSTS environment variable to allow requests from this host / port.
[2025-06-21T23:50:32.037Z] error: Host validation failed for: homelab.ddns.me. Hint: Set the HOMEPAGE_ALLOWED_HOSTS environment variable to allow requests from this host / port.
[2025-06-21T23:50:32.038Z] error: Host validation failed for: homelab.ddns.me. Hint: Set the HOMEPAGE_ALLOWED_HOSTS environment variable to allow requests from this host / port.
[2025-06-21T23:50:32.039Z] error: Host validation failed for: homelab.ddns.me. Hint: Set the HOMEPAGE_ALLOWED_HOSTS environment variable to allow requests from this host / port.
[2025-06-21T23:50:32.040Z] error: Host validation failed for: homelab.ddns.me. Hint: Set the HOMEPAGE_ALLOWED_HOSTS environment variable to allow requests from this host / port.
[2025-06-21T23:50:32.041Z] error: Host validation failed for: homelab.ddns.me. Hint: Set the HOMEPAGE_ALLOWED_HOSTS environment variable to allow requests from this host / port.
[2025-06-21T23:50:32.062Z] error: Host validation failed for: homelab.ddns.me. Hint: Set the HOMEPAGE_ALLOWED_HOSTS environment variable to allow requests from this host / port.
[2025-06-21T23:50:32.063Z] error: Host validation failed for: homelab.ddns.me. Hint: Set the HOMEPAGE_ALLOWED_HOSTS environment variable to allow requests from this host / port.
[2025-06-21T23:50:32.064Z] error: Host validation failed for: homelab.ddns.me. Hint: Set the HOMEPAGE_ALLOWED_HOSTS environment variable to allow requests from this host / port.
[2025-06-21T23:50:32.065Z] error: Host validation failed for: homelab.ddns.me. Hint: Set the HOMEPAGE_ALLOWED_HOSTS environment variable to allow requests from this host / port.
[2025-06-21T23:50:32.066Z] error: Host validation failed for: homelab.ddns.me. Hint: Set the HOMEPAGE_ALLOWED_HOSTS environment variable to allow requests from this host / port.
[2025-06-21T23:50:32.067Z] error: Host validation failed for: homelab.ddns.me. Hint: Set the HOMEPAGE_ALLOWED_HOSTS environment variable to allow requests from this host / port.
[2025-06-21T23:50:32.100Z] error: Host validation failed for: homelab.ddns.me. Hint: Set the HOMEPAGE_ALLOWED_HOSTS environment variable to allow requests from this host / port.
[2025-06-21T23:50:32.432Z] error: Host validation failed for: homelab.ddns.me. Hint: Set the HOMEPAGE_ALLOWED_HOSTS environment variable to allow requests from this host / port.
[2025-06-21T23:50:32.473Z] error: Host validation failed for: homelab.ddns.me. Hint: Set the HOMEPAGE_ALLOWED_HOSTS environment variable to allow requests from this host / port.
[2025-06-21T23:50:32.474Z] error: Host validation failed for: homelab.ddns.me. Hint: Set the HOMEPAGE_ALLOWED_HOSTS environment variable to allow requests from this host / port.
[2025-06-21T23:50:32.475Z] error: Host validation failed for: homelab.ddns.me. Hint: Set the HOMEPAGE_ALLOWED_HOSTS environment variable to allow requests from this host / port.
[2025-06-21T23:50:32.476Z] error: Host validation failed for: homelab.ddns.me. Hint: Set the HOMEPAGE_ALLOWED_HOSTS environment variable to allow requests from this host / port.
[2025-06-21T23:50:32.477Z] error: Host validation failed for: homelab.ddns.me. Hint: Set the HOMEPAGE_ALLOWED_HOSTS environment variable to allow requests from this host / port.
[2025-06-21T23:50:32.498Z] error: Host validation failed for: homelab.ddns.me. Hint: Set the HOMEPAGE_ALLOWED_HOSTS environment variable to allow requests from this host / port.
[2025-06-21T23:50:32.498Z] error: Host validation failed for: homelab.ddns.me. Hint: Set the HOMEPAGE_ALLOWED_HOSTS environment variable to allow requests from this host / port.
[2025-06-21T23:50:32.499Z] error: Host validation failed for: homelab.ddns.me. Hint: Set the HOMEPAGE_ALLOWED_HOSTS environment variable to allow requests from this host / port.
[2025-06-21T23:50:32.502Z] error: Host validation failed for: homelab.ddns.me. Hint: Set the HOMEPAGE_ALLOWED_HOSTS environment variable to allow requests from this host / port.
[2025-06-21T23:50:32.503Z] error: Host validation failed for: homelab.ddns.me. Hint: Set the HOMEPAGE_ALLOWED_HOSTS environment variable to allow requests from this host / port.
[2025-06-21T23:50:32.504Z] error: Host validation failed for: homelab.ddns.me. Hint: Set the HOMEPAGE_ALLOWED_HOSTS environment variable to allow requests from this host / port.
[2025-06-21T23:50:32.547Z] error: Host validation failed for: homelab.ddns.me. Hint: Set the HOMEPAGE_ALLOWED_HOSTS environment variable to allow requests from this host / port.
[2025-06-21T23:50:32.830Z] error: Host validation failed for: homelab.ddns.me. Hint: Set the HOMEPAGE_ALLOWED_HOSTS environment variable to allow requests from this host / port.
[2025-06-21T23:50:32.874Z] error: Host validation failed for: homelab.ddns.me. Hint: Set the HOMEPAGE_ALLOWED_HOSTS environment variable to allow requests from this host / port.
[2025-06-21T23:50:32.875Z] error: Host validation failed for: homelab.ddns.me. Hint: Set the HOMEPAGE_ALLOWED_HOSTS environment variable to allow requests from this host / port.
[2025-06-21T23:50:32.876Z] error: Host validation failed for: homelab.ddns.me. Hint: Set the HOMEPAGE_ALLOWED_HOSTS environment variable to allow requests from this host / port.
[2025-06-21T23:50:32.877Z] error: Host validation failed for: homelab.ddns.me. Hint: Set the HOMEPAGE_ALLOWED_HOSTS environment variable to allow requests from this host / port.
[2025-06-21T23:50:32.878Z] error: Host validation failed for: homelab.ddns.me. Hint: Set the HOMEPAGE_ALLOWED_HOSTS environment variable to allow requests from this host / port.
[2025-06-21T23:50:32.900Z] error: Host validation failed for: homelab.ddns.me. Hint: Set the HOMEPAGE_ALLOWED_HOSTS environment variable to allow requests from this host / port.
[2025-06-21T23:50:32.901Z] error: Host validation failed for: homelab.ddns.me. Hint: Set the HOMEPAGE_ALLOWED_HOSTS environment variable to allow requests from this host / port.
[2025-06-21T23:50:32.902Z] error: Host validation failed for: homelab.ddns.me. Hint: Set the HOMEPAGE_ALLOWED_HOSTS environment variable to allow requests from this host / port.
[2025-06-21T23:50:32.903Z] error: Host validation failed for: homelab.ddns.me. Hint: Set the HOMEPAGE_ALLOWED_HOSTS environment variable to allow requests from this host / port.
[2025-06-21T23:50:32.904Z] error: Host validation failed for: homelab.ddns.me. Hint: Set the HOMEPAGE_ALLOWED_HOSTS environment variable to allow requests from this host / port.
[2025-06-21T23:50:32.905Z] error: Host validation failed for: homelab.ddns.me. Hint: Set the HOMEPAGE_ALLOWED_HOSTS environment variable to allow requests from this host / port.
[2025-06-21T23:50:32.941Z] error: Host validation failed for: homelab.ddns.me. Hint: Set the HOMEPAGE_ALLOWED_HOSTS environment variable to allow requests from this host / port.
[2025-06-21T23:50:32.999Z] error: Host validation failed for: homelab.ddns.me. Hint: Set the HOMEPAGE_ALLOWED_HOSTS environment variable to allow requests from this host / port.
[2025-06-21T23:50:33.037Z] error: Host validation failed for: homelab.ddns.me. Hint: Set the HOMEPAGE_ALLOWED_HOSTS environment variable to allow requests from this host / port.
[2025-06-21T23:50:33.038Z] error: Host validation failed for: homelab.ddns.me. Hint: Set the HOMEPAGE_ALLOWED_HOSTS environment variable to allow requests from this host / port.
[2025-06-21T23:50:33.039Z] error: Host validation failed for: homelab.ddns.me. Hint: Set the HOMEPAGE_ALLOWED_HOSTS environment variable to allow requests from this host / port.
[2025-06-21T23:50:33.040Z] error: Host validation failed for: homelab.ddns.me. Hint: Set the HOMEPAGE_ALLOWED_HOSTS environment variable to allow requests from this host / port.
[2025-06-21T23:50:33.041Z] error: Host validation failed for: homelab.ddns.me. Hint: Set the HOMEPAGE_ALLOWED_HOSTS environment variable to allow requests from this host / port.
[2025-06-21T23:50:33.062Z] error: Host validation failed for: homelab.ddns.me. Hint: Set the HOMEPAGE_ALLOWED_HOSTS environment variable to allow requests from this host / port.
[2025-06-21T23:50:33.063Z] error: Host validation failed for: homelab.ddns.me. Hint: Set the HOMEPAGE_ALLOWED_HOSTS environment variable to allow requests from this host / port.
[2025-06-21T23:50:33.064Z] error: Host validation failed for: homelab.ddns.me. Hint: Set the HOMEPAGE_ALLOWED_HOSTS environment variable to allow requests from this host / port.
[2025-06-21T23:50:33.065Z] error: Host validation failed for: homelab.ddns.me. Hint: Set the HOMEPAGE_ALLOWED_HOSTS environment variable to allow requests from this host / port.
[2025-06-21T23:50:33.066Z] error: Host validation failed for: homelab.ddns.me. Hint: Set the HOMEPAGE_ALLOWED_HOSTS environment variable to allow requests from this host / port.
[2025-06-21T23:50:33.067Z] error: Host validation failed for: homelab.ddns.me. Hint: Set the HOMEPAGE_ALLOWED_HOSTS environment variable to allow requests from this host / port.
[2025-06-21T23:50:33.101Z] error: Host validation failed for: homelab.ddns.me. Hint: Set the HOMEPAGE_ALLOWED_HOSTS environment variable to allow requests from this host / port.
[2025-06-21T23:50:33.187Z] error: Host validation failed for: homelab.ddns.me. Hint: Set the HOMEPAGE_ALLOWED_HOSTS environment variable to allow requests from this host / port.
[2025-06-21T23:50:33.230Z] error: Host validation failed for: homelab.ddns.me. Hint: Set the HOMEPAGE_ALLOWED_HOSTS environment variable to allow requests from this host / port.
[2025-06-21T23:50:33.231Z] error: Host validation failed for: homelab.ddns.me. Hint: Set the HOMEPAGE_ALLOWED_HOSTS environment variable to allow requests from this host / port.
[2025-06-21T23:50:33.232Z] error: Host validation failed for: homelab.ddns.me. Hint: Set the HOMEPAGE_ALLOWED_HOSTS environment variable to allow requests from this host / port.
[2025-06-21T23:50:33.233Z] error: Host validation failed for: homelab.ddns.me. Hint: Set the HOMEPAGE_ALLOWED_HOSTS environment variable to allow requests from this host / port.
[2025-06-21T23:50:33.234Z] error: Host validation failed for: homelab.ddns.me. Hint: Set the HOMEPAGE_ALLOWED_HOSTS environment variable to allow requests from this host / port.
[2025-06-21T23:50:33.235Z] error: Host validation failed for: homelab.ddns.me. Hint: Set the HOMEPAGE_ALLOWED_HOSTS environment variable to allow requests from this host / port.
[2025-06-21T23:50:33.236Z] error: Host validation failed for: homelab.ddns.me. Hint: Set the HOMEPAGE_ALLOWED_HOSTS environment variable to allow requests from this host / port.
[2025-06-21T23:50:33.237Z] error: Host validation failed for: homelab.ddns.me. Hint: Set the HOMEPAGE_ALLOWED_HOSTS environment variable to allow requests from this host / port.
[2025-06-21T23:50:33.256Z] error: Host validation failed for: homelab.ddns.me. Hint: Set the HOMEPAGE_ALLOWED_HOSTS environment variable to allow requests from this host / port.
[2025-06-21T23:50:33.257Z] error: Host validation failed for: homelab.ddns.me. Hint: Set the HOMEPAGE_ALLOWED_HOSTS environment variable to allow requests from this host / port.
[2025-06-21T23:50:33.259Z] error: Host validation failed for: homelab.ddns.me. Hint: Set the HOMEPAGE_ALLOWED_HOSTS environment variable to allow requests from this host / port.
[2025-06-21T23:50:33.294Z] error: Host validation failed for: homelab.ddns.me. Hint: Set the HOMEPAGE_ALLOWED_HOSTS environment variable to allow requests from this host / port.
[2025-06-21T23:50:33.349Z] error: Host validation failed for: homelab.ddns.me. Hint: Set the HOMEPAGE_ALLOWED_HOSTS environment variable to allow requests from this host / port.
[2025-06-21T23:50:33.387Z] error: Host validation failed for: homelab.ddns.me. Hint: Set the HOMEPAGE_ALLOWED_HOSTS environment variable to allow requests from this host / port.
[2025-06-21T23:50:33.388Z] error: Host validation failed for: homelab.ddns.me. Hint: Set the HOMEPAGE_ALLOWED_HOSTS environment variable to allow requests from this host / port.
[2025-06-21T23:50:33.388Z] error: Host validation failed for: homelab.ddns.me. Hint: Set the HOMEPAGE_ALLOWED_HOSTS environment variable to allow requests from this host / port.
[2025-06-21T23:50:33.389Z] error: Host validation failed for: homelab.ddns.me. Hint: Set the HOMEPAGE_ALLOWED_HOSTS environment variable to allow requests from this host / port.
[2025-06-21T23:50:33.390Z] error: Host validation failed for: homelab.ddns.me. Hint: Set the HOMEPAGE_ALLOWED_HOSTS environment variable to allow requests from this host / port.
[2025-06-21T23:50:33.411Z] error: Host validation failed for: 192.168.0.25:3000. Hint: Set the HOMEPAGE_ALLOWED_HOSTS environment variable to allow requests from this host / port.
[2025-06-21T23:50:33.411Z] error: Host validation failed for: 192.168.0.25:3000. Hint: Set the HOMEPAGE_ALLOWED_HOSTS environment variable to allow requests from this host / port.
[2025-06-21T23:50:33.412Z] error: Host validation failed for: homelab.ddns.me. Hint: Set the HOMEPAGE_ALLOWED_HOSTS environment variable to allow requests from this host / port.
[2025-06-21T23:50:33.413Z] error: Host validation failed for: homelab.ddns.me. Hint: Set the HOMEPAGE_ALLOWED_HOSTS environment variable to allow requests from this host / port.
[2025-06-21T23:50:33.414Z] error: Host validation failed for: homelab.ddns.me. Hint: Set the HOMEPAGE_ALLOWED_HOSTS environment variable to allow requests from this host / port.
[2025-06-21T23:50:33.415Z] error: Host validation failed for: 192.168.0.25:3000. Hint: Set the HOMEPAGE_ALLOWED_HOSTS environment variable to allow requests from this host / port.
[2025-06-21T23:50:33.416Z] error: Host validation failed for: homelab.ddns.me. Hint: Set the HOMEPAGE_ALLOWED_HOSTS environment variable to allow requests from this host / port.
[2025-06-21T23:50:33.417Z] error: Host validation failed for: homelab.ddns.me. Hint: Set the HOMEPAGE_ALLOWED_HOSTS environment variable to allow requests from this host / port.
[2025-06-21T23:50:33.420Z] error: Host validation failed for: homelab.ddns.me. Hint: Set the HOMEPAGE_ALLOWED_HOSTS environment variable to allow requests from this host / port.
[2025-06-21T23:50:33.457Z] error: Host validation failed for: homelab.ddns.me. Hint: Set the HOMEPAGE_ALLOWED_HOSTS environment variable to allow requests from this host / port.
[2025-06-21T23:50:33.730Z] error: Host validation failed for: 192.168.0.25:3000. Hint: Set the HOMEPAGE_ALLOWED_HOSTS environment variable to allow requests from this host / port.
[2025-06-21T23:50:33.771Z] error: Host validation failed for: 192.168.0.25:3000. Hint: Set the HOMEPAGE_ALLOWED_HOSTS environment variable to allow requests from this host / port.
[2025-06-21T23:50:33.772Z] error: Host validation failed for: 192.168.0.25:3000. Hint: Set the HOMEPAGE_ALLOWED_HOSTS environment variable to allow requests from this host / port.
[2025-06-21T23:50:33.773Z] error: Host validation failed for: 192.168.0.25:3000. Hint: Set the HOMEPAGE_ALLOWED_HOSTS environment variable to allow requests from this host / port.
[2025-06-21T23:50:33.774Z] error: Host validation failed for: 192.168.0.25:3000. Hint: Set the HOMEPAGE_ALLOWED_HOSTS environment variable to allow requests from this host / port.
[2025-06-21T23:50:33.775Z] error: Host validation failed for: 192.168.0.25:3000. Hint: Set the HOMEPAGE_ALLOWED_HOSTS environment variable to allow requests from this host / port.
[2025-06-21T23:50:33.776Z] error: Host validation failed for: 192.168.0.25:3000. Hint: Set the HOMEPAGE_ALLOWED_HOSTS environment variable to allow requests from this host / port.
[2025-06-21T23:50:33.778Z] error: Host validation failed for: 192.168.0.25:3000. Hint: Set the HOMEPAGE_ALLOWED_HOSTS environment variable to allow requests from this host / port.
[2025-06-21T23:50:33.779Z] error: Host validation failed for: 192.168.0.25:3000. Hint: Set the HOMEPAGE_ALLOWED_HOSTS environment variable to allow requests from this host / port.
[2025-06-21T23:50:33.780Z] error: Host validation failed for: 192.168.0.25:3000. Hint: Set the HOMEPAGE_ALLOWED_HOSTS environment variable to allow requests from this host / port.
[2025-06-21T23:50:33.780Z] error: Host validation failed for: 192.168.0.25:3000. Hint: Set the HOMEPAGE_ALLOWED_HOSTS environment variable to allow requests from this host / port.
[2025-06-21T23:50:33.781Z] error: Host validation failed for: 192.168.0.25:3000. Hint: Set the HOMEPAGE_ALLOWED_HOSTS environment variable to allow requests from this host / port.
[2025-06-21T23:50:33.793Z] error: Host validation failed for: 192.168.0.25:3000. Hint: Set the HOMEPAGE_ALLOWED_HOSTS environment variable to allow requests from this host / port.
[2025-06-21T23:50:34.343Z] error: Host validation failed for: 192.168.0.25:3000. Hint: Set the HOMEPAGE_ALLOWED_HOSTS environment variable to allow requests from this host / port.
[2025-06-21T23:50:34.382Z] error: Host validation failed for: 192.168.0.25:3000. Hint: Set the HOMEPAGE_ALLOWED_HOSTS environment variable to allow requests from this host / port.
[2025-06-21T23:50:34.382Z] error: Host validation failed for: 192.168.0.25:3000. Hint: Set the HOMEPAGE_ALLOWED_HOSTS environment variable to allow requests from this host / port.
[2025-06-21T23:50:34.383Z] error: Host validation failed for: 192.168.0.25:3000. Hint: Set the HOMEPAGE_ALLOWED_HOSTS environment variable to allow requests from this host / port.
[2025-06-21T23:50:34.384Z] error: Host validation failed for: 192.168.0.25:3000. Hint: Set the HOMEPAGE_ALLOWED_HOSTS environment variable to allow requests from this host / port.
[2025-06-21T23:50:34.385Z] error: Host validation failed for: 192.168.0.25:3000. Hint: Set the HOMEPAGE_ALLOWED_HOSTS environment variable to allow requests from this host / port.
[2025-06-21T23:50:34.387Z] error: Host validation failed for: 192.168.0.25:3000. Hint: Set the HOMEPAGE_ALLOWED_HOSTS environment variable to allow requests from this host / port.
[2025-06-21T23:50:34.388Z] error: Host validation failed for: 192.168.0.25:3000. Hint: Set the HOMEPAGE_ALLOWED_HOSTS environment variable to allow requests from this host / port.
[2025-06-21T23:50:34.389Z] error: Host validation failed for: 192.168.0.25:3000. Hint: Set the HOMEPAGE_ALLOWED_HOSTS environment variable to allow requests from this host / port.
[2025-06-21T23:50:34.390Z] error: Host validation failed for: 192.168.0.25:3000. Hint: Set the HOMEPAGE_ALLOWED_HOSTS environment variable to allow requests from this host / port.
[2025-06-21T23:50:34.390Z] error: Host validation failed for: 192.168.0.25:3000. Hint: Set the HOMEPAGE_ALLOWED_HOSTS environment variable to allow requests from this host / port.
[2025-06-21T23:50:34.391Z] error: Host validation failed for: 192.168.0.25:3000. Hint: Set the HOMEPAGE_ALLOWED_HOSTS environment variable to allow requests from this host / port.
[2025-06-21T23:50:34.408Z] error: Host validation failed for: 192.168.0.25:3000. Hint: Set the HOMEPAGE_ALLOWED_HOSTS environment variable to allow requests from this host / port.
[2025-06-21T23:50:34.543Z] error: Host validation failed for: 192.168.0.25:3000. Hint: Set the HOMEPAGE_ALLOWED_HOSTS environment variable to allow requests from this host / port.
[2025-06-21T23:50:34.586Z] error: Host validation failed for: 192.168.0.25:3000. Hint: Set the HOMEPAGE_ALLOWED_HOSTS environment variable to allow requests from this host / port.
[2025-06-21T23:50:34.587Z] error: Host validation failed for: 192.168.0.25:3000. Hint: Set the HOMEPAGE_ALLOWED_HOSTS environment variable to allow requests from this host / port.
[2025-06-21T23:50:34.587Z] error: Host validation failed for: 192.168.0.25:3000. Hint: Set the HOMEPAGE_ALLOWED_HOSTS environment variable to allow requests from this host / port.
[2025-06-21T23:50:34.588Z] error: Host validation failed for: 192.168.0.25:3000. Hint: Set the HOMEPAGE_ALLOWED_HOSTS environment variable to allow requests from this host / port.
[2025-06-21T23:50:34.589Z] error: Host validation failed for: 192.168.0.25:3000. Hint: Set the HOMEPAGE_ALLOWED_HOSTS environment variable to allow requests from this host / port.
[2025-06-21T23:50:34.592Z] error: Host validation failed for: 192.168.0.25:3000. Hint: Set the HOMEPAGE_ALLOWED_HOSTS environment variable to allow requests from this host / port.
[2025-06-21T23:50:34.593Z] error: Host validation failed for: 192.168.0.25:3000. Hint: Set the HOMEPAGE_ALLOWED_HOSTS environment variable to allow requests from this host / port.
[2025-06-21T23:50:34.593Z] error: Host validation failed for: 192.168.0.25:3000. Hint: Set the HOMEPAGE_ALLOWED_HOSTS environment variable to allow requests from this host / port.
[2025-06-21T23:50:34.594Z] error: Host validation failed for: 192.168.0.25:3000. Hint: Set the HOMEPAGE_ALLOWED_HOSTS environment variable to allow requests from this host / port.
[2025-06-21T23:50:34.595Z] error: Host validation failed for: 192.168.0.25:3000. Hint: Set the HOMEPAGE_ALLOWED_HOSTS environment variable to allow requests from this host / port.
[2025-06-21T23:50:34.595Z] error: Host validation failed for: 192.168.0.25:3000. Hint: Set the HOMEPAGE_ALLOWED_HOSTS environment variable to allow requests from this host / port.
[2025-06-21T23:50:34.611Z] error: Host validation failed for: 192.168.0.25:3000. Hint: Set the HOMEPAGE_ALLOWED_HOSTS environment variable to allow requests from this host / port.
[2025-06-21T23:50:34.646Z] error: Host validation failed for: homelab.ddns.me. Hint: Set the HOMEPAGE_ALLOWED_HOSTS environment variable to allow requests from this host / port.
[2025-06-21T23:50:34.810Z] error: Host validation failed for: homelab.ddns.me. Hint: Set the HOMEPAGE_ALLOWED_HOSTS environment variable to allow requests from this host / port.
[2025-06-21T23:50:34.846Z] error: Host validation failed for: homelab.ddns.me. Hint: Set the HOMEPAGE_ALLOWED_HOSTS environment variable to allow requests from this host / port.
[2025-06-21T23:50:34.846Z] error: Host validation failed for: homelab.ddns.me. Hint: Set the HOMEPAGE_ALLOWED_HOSTS environment variable to allow requests from this host / port.
[2025-06-21T23:50:34.847Z] error: Host validation failed for: homelab.ddns.me. Hint: Set the HOMEPAGE_ALLOWED_HOSTS environment variable to allow requests from this host / port.
[2025-06-21T23:50:34.848Z] error: Host validation failed for: homelab.ddns.me. Hint: Set the HOMEPAGE_ALLOWED_HOSTS environment variable to allow requests from this host / port.
[2025-06-21T23:50:34.849Z] error: Host validation failed for: homelab.ddns.me. Hint: Set the HOMEPAGE_ALLOWED_HOSTS environment variable to allow requests from this host / port.
[2025-06-21T23:50:34.871Z] error: Host validation failed for: homelab.ddns.me. Hint: Set the HOMEPAGE_ALLOWED_HOSTS environment variable to allow requests from this host / port.
[2025-06-21T23:50:34.871Z] error: Host validation failed for: homelab.ddns.me. Hint: Set the HOMEPAGE_ALLOWED_HOSTS environment variable to allow requests from this host / port.
[2025-06-21T23:50:34.872Z] error: Host validation failed for: homelab.ddns.me. Hint: Set the HOMEPAGE_ALLOWED_HOSTS environment variable to allow requests from this host / port.
[2025-06-21T23:50:34.873Z] error: Host validation failed for: homelab.ddns.me. Hint: Set the HOMEPAGE_ALLOWED_HOSTS environment variable to allow requests from this host / port.
[2025-06-21T23:50:34.875Z] error: Host validation failed for: homelab.ddns.me. Hint: Set the HOMEPAGE_ALLOWED_HOSTS environment variable to allow requests from this host / port.
[2025-06-21T23:50:34.876Z] error: Host validation failed for: homelab.ddns.me. Hint: Set the HOMEPAGE_ALLOWED_HOSTS environment variable to allow requests from this host / port.
[2025-06-21T23:50:34.908Z] error: Host validation failed for: homelab.ddns.me. Hint: Set the HOMEPAGE_ALLOWED_HOSTS environment variable to allow requests from this host / port.
[2025-06-21T23:50:35.273Z] error: Host validation failed for: homelab.ddns.me. Hint: Set the HOMEPAGE_ALLOWED_HOSTS environment variable to allow requests from this host / port.
[2025-06-21T23:50:35.311Z] error: Host validation failed for: homelab.ddns.me. Hint: Set the HOMEPAGE_ALLOWED_HOSTS environment variable to allow requests from this host / port.
[2025-06-21T23:50:35.312Z] error: Host validation failed for: homelab.ddns.me. Hint: Set the HOMEPAGE_ALLOWED_HOSTS environment variable to allow requests from this host / port.
[2025-06-21T23:50:35.313Z] error: Host validation failed for: homelab.ddns.me. Hint: Set the HOMEPAGE_ALLOWED_HOSTS environment variable to allow requests from this host / port.
[2025-06-21T23:50:35.314Z] error: Host validation failed for: homelab.ddns.me. Hint: Set the HOMEPAGE_ALLOWED_HOSTS environment variable to allow requests from this host / port.
[2025-06-21T23:50:35.315Z] error: Host validation failed for: homelab.ddns.me. Hint: Set the HOMEPAGE_ALLOWED_HOSTS environment variable to allow requests from this host / port.
[2025-06-21T23:50:35.318Z] error: Host validation failed for: homelab.ddns.me. Hint: Set the HOMEPAGE_ALLOWED_HOSTS environment variable to allow requests from this host / port.
[2025-06-21T23:50:35.319Z] error: Host validation failed for: homelab.ddns.me. Hint: Set the HOMEPAGE_ALLOWED_HOSTS environment variable to allow requests from this host / port.
[2025-06-21T23:50:35.320Z] error: Host validation failed for: homelab.ddns.me. Hint: Set the HOMEPAGE_ALLOWED_HOSTS environment variable to allow requests from this host / port.
[2025-06-21T23:50:35.337Z] error: Host validation failed for: homelab.ddns.me. Hint: Set the HOMEPAGE_ALLOWED_HOSTS environment variable to allow requests from this host / port.
[2025-06-21T23:50:35.338Z] error: Host validation failed for: homelab.ddns.me. Hint: Set the HOMEPAGE_ALLOWED_HOSTS environment variable to allow requests from this host / port.
[2025-06-21T23:50:35.340Z] error: Host validation failed for: homelab.ddns.me. Hint: Set the HOMEPAGE_ALLOWED_HOSTS environment variable to allow requests from this host / port.
[2025-06-21T23:50:35.374Z] error: Host validation failed for: homelab.ddns.me. Hint: Set the HOMEPAGE_ALLOWED_HOSTS environment variable to allow requests from this host / port.
[2025-06-21T23:50:35.517Z] error: Host validation failed for: 192.168.0.25:3000. Hint: Set the HOMEPAGE_ALLOWED_HOSTS environment variable to allow requests from this host / port.
[2025-06-21T23:50:38.473Z] error: Host validation failed for: 192.168.0.25:3000. Hint: Set the HOMEPAGE_ALLOWED_HOSTS environment variable to allow requests from this host / port.
[2025-06-21T23:50:38.474Z] error: Host validation failed for: homelab.ddns.me. Hint: Set the HOMEPAGE_ALLOWED_HOSTS environment variable to allow requests from this host / port.
[2025-06-21T23:50:51.740Z] error: Host validation failed for: homelab.ddns.me. Hint: Set the HOMEPAGE_ALLOWED_HOSTS environment variable to allow requests from this host / port.
[2025-06-21T23:50:51.741Z] error: Host validation failed for: homelab.ddns.me. Hint: Set the HOMEPAGE_ALLOWED_HOSTS environment variable to allow requests from this host / port.
[2025-06-21T23:50:51.744Z] error: Host validation failed for: homelab.ddns.me. Hint: Set the HOMEPAGE_ALLOWED_HOSTS environment variable to allow requests from this host / port.
[2025-06-21T23:50:52.181Z] error: Host validation failed for: homelab.ddns.me. Hint: Set the HOMEPAGE_ALLOWED_HOSTS environment variable to allow requests from this host / port.
[2025-06-21T23:50:52.222Z] error: Host validation failed for: homelab.ddns.me. Hint: Set the HOMEPAGE_ALLOWED_HOSTS environment variable to allow requests from this host / port.
[2025-06-21T23:50:52.223Z] error: Host validation failed for: homelab.ddns.me. Hint: Set the HOMEPAGE_ALLOWED_HOSTS environment variable to allow requests from this host / port.
[2025-06-21T23:50:52.224Z] error: Host validation failed for: homelab.ddns.me. Hint: Set the HOMEPAGE_ALLOWED_HOSTS environment variable to allow requests from this host / port.
[2025-06-21T23:50:52.225Z] error: Host validation failed for: homelab.ddns.me. Hint: Set the HOMEPAGE_ALLOWED_HOSTS environment variable to allow requests from this host / port.
[2025-06-21T23:50:52.226Z] error: Host validation failed for: homelab.ddns.me. Hint: Set the HOMEPAGE_ALLOWED_HOSTS environment variable to allow requests from this host / port.
[2025-06-21T23:50:52.250Z] error: Host validation failed for: homelab.ddns.me. Hint: Set the HOMEPAGE_ALLOWED_HOSTS environment variable to allow requests from this host / port.
[2025-06-21T23:50:52.252Z] error: Host validation failed for: homelab.ddns.me. Hint: Set the HOMEPAGE_ALLOWED_HOSTS environment variable to allow requests from this host / port.
[2025-06-21T23:50:52.252Z] error: Host validation failed for: homelab.ddns.me. Hint: Set the HOMEPAGE_ALLOWED_HOSTS environment variable to allow requests from this host / port.
[2025-06-21T23:50:52.253Z] error: Host validation failed for: homelab.ddns.me. Hint: Set the HOMEPAGE_ALLOWED_HOSTS environment variable to allow requests from this host / port.
[2025-06-21T23:50:52.254Z] error: Host validation failed for: homelab.ddns.me. Hint: Set the HOMEPAGE_ALLOWED_HOSTS environment variable to allow requests from this host / port.
[2025-06-21T23:50:52.257Z] error: Host validation failed for: homelab.ddns.me. Hint: Set the HOMEPAGE_ALLOWED_HOSTS environment variable to allow requests from this host / port.
[2025-06-21T23:50:52.289Z] error: Host validation failed for: homelab.ddns.me. Hint: Set the HOMEPAGE_ALLOWED_HOSTS environment variable to allow requests from this host / port.
[2025-06-21T23:51:03.579Z] error: Host validation failed for: homelab.ddns.me. Hint: Set the HOMEPAGE_ALLOWED_HOSTS environment variable to allow requests from this host / port.
[2025-06-21T23:51:03.581Z] error: Host validation failed for: homelab.ddns.me. Hint: Set the HOMEPAGE_ALLOWED_HOSTS environment variable to allow requests from this host / port.
[2025-06-21T23:51:48.456Z] error: Host validation failed for: 192.168.0.25:3000. Hint: Set the HOMEPAGE_ALLOWED_HOSTS environment variable to allow requests from this host / port.
[2025-06-21T23:51:48.461Z] error: Host validation failed for: 192.168.0.25:3000. Hint: Set the HOMEPAGE_ALLOWED_HOSTS environment variable to allow requests from this host / port.
[2025-06-21T23:51:48.464Z] error: Host validation failed for: 192.168.0.25:3000. Hint: Set the HOMEPAGE_ALLOWED_HOSTS environment variable to allow requests from this host / port.
[2025-06-21T23:51:48.622Z] error: Host validation failed for: 192.168.0.25:3000. Hint: Set the HOMEPAGE_ALLOWED_HOSTS environment variable to allow requests from this host / port.
[2025-06-21T23:51:48.644Z] error: Host validation failed for: 192.168.0.25:3000. Hint: Set the HOMEPAGE_ALLOWED_HOSTS environment variable to allow requests from this host / port.
[2025-06-21T23:51:48.645Z] error: Host validation failed for: 192.168.0.25:3000. Hint: Set the HOMEPAGE_ALLOWED_HOSTS environment variable to allow requests from this host / port.
[2025-06-21T23:51:48.647Z] error: Host validation failed for: 192.168.0.25:3000. Hint: Set the HOMEPAGE_ALLOWED_HOSTS environment variable to allow requests from this host / port.
[2025-06-21T23:51:48.649Z] error: Host validation failed for: 192.168.0.25:3000. Hint: Set the HOMEPAGE_ALLOWED_HOSTS environment variable to allow requests from this host / port.
[2025-06-21T23:51:48.651Z] error: Host validation failed for: 192.168.0.25:3000. Hint: Set the HOMEPAGE_ALLOWED_HOSTS environment variable to allow requests from this host / port.
[2025-06-21T23:51:48.653Z] error: Host validation failed for: 192.168.0.25:3000. Hint: Set the HOMEPAGE_ALLOWED_HOSTS environment variable to allow requests from this host / port.
[2025-06-21T23:51:48.654Z] error: Host validation failed for: 192.168.0.25:3000. Hint: Set the HOMEPAGE_ALLOWED_HOSTS environment variable to allow requests from this host / port.
[2025-06-21T23:51:48.655Z] error: Host validation failed for: 192.168.0.25:3000. Hint: Set the HOMEPAGE_ALLOWED_HOSTS environment variable to allow requests from this host / port.
[2025-06-21T23:51:48.656Z] error: Host validation failed for: 192.168.0.25:3000. Hint: Set the HOMEPAGE_ALLOWED_HOSTS environment variable to allow requests from this host / port.
[2025-06-21T23:51:48.658Z] error: Host validation failed for: 192.168.0.25:3000. Hint: Set the HOMEPAGE_ALLOWED_HOSTS environment variable to allow requests from this host / port.
[2025-06-21T23:51:48.659Z] error: Host validation failed for: 192.168.0.25:3000. Hint: Set the HOMEPAGE_ALLOWED_HOSTS environment variable to allow requests from this host / port.
[2025-06-21T23:51:48.677Z] error: Host validation failed for: 192.168.0.25:3000. Hint: Set the HOMEPAGE_ALLOWED_HOSTS environment variable to allow requests from this host / port.
[2025-06-21T23:51:49.128Z] error: Host validation failed for: 192.168.0.25:3000. Hint: Set the HOMEPAGE_ALLOWED_HOSTS environment variable to allow requests from this host / port.
[2025-06-21T23:51:49.150Z] error: Host validation failed for: 192.168.0.25:3000. Hint: Set the HOMEPAGE_ALLOWED_HOSTS environment variable to allow requests from this host / port.
[2025-06-21T23:51:49.151Z] error: Host validation failed for: 192.168.0.25:3000. Hint: Set the HOMEPAGE_ALLOWED_HOSTS environment variable to allow requests from this host / port.
[2025-06-21T23:51:49.151Z] error: Host validation failed for: 192.168.0.25:3000. Hint: Set the HOMEPAGE_ALLOWED_HOSTS environment variable to allow requests from this host / port.
[2025-06-21T23:51:49.152Z] error: Host validation failed for: 192.168.0.25:3000. Hint: Set the HOMEPAGE_ALLOWED_HOSTS environment variable to allow requests from this host / port.
[2025-06-21T23:51:49.153Z] error: Host validation failed for: 192.168.0.25:3000. Hint: Set the HOMEPAGE_ALLOWED_HOSTS environment variable to allow requests from this host / port.
[2025-06-21T23:51:49.157Z] error: Host validation failed for: 192.168.0.25:3000. Hint: Set the HOMEPAGE_ALLOWED_HOSTS environment variable to allow requests from this host / port.
[2025-06-21T23:51:49.157Z] error: Host validation failed for: 192.168.0.25:3000. Hint: Set the HOMEPAGE_ALLOWED_HOSTS environment variable to allow requests from this host / port.
[2025-06-21T23:51:49.158Z] error: Host validation failed for: 192.168.0.25:3000. Hint: Set the HOMEPAGE_ALLOWED_HOSTS environment variable to allow requests from this host / port.
[2025-06-21T23:51:49.159Z] error: Host validation failed for: 192.168.0.25:3000. Hint: Set the HOMEPAGE_ALLOWED_HOSTS environment variable to allow requests from this host / port.
[2025-06-21T23:51:49.160Z] error: Host validation failed for: 192.168.0.25:3000. Hint: Set the HOMEPAGE_ALLOWED_HOSTS environment variable to allow requests from this host / port.
[2025-06-21T23:51:49.161Z] error: Host validation failed for: 192.168.0.25:3000. Hint: Set the HOMEPAGE_ALLOWED_HOSTS environment variable to allow requests from this host / port.
[2025-06-21T23:51:49.178Z] error: Host validation failed for: 192.168.0.25:3000. Hint: Set the HOMEPAGE_ALLOWED_HOSTS environment variable to allow requests from this host / port.
[2025-06-21T23:51:49.461Z] error: Host validation failed for: homelab.ddns.me. Hint: Set the HOMEPAGE_ALLOWED_HOSTS environment variable to allow requests from this host / port.
[2025-06-21T23:51:49.462Z] error: Host validation failed for: homelab.ddns.me. Hint: Set the HOMEPAGE_ALLOWED_HOSTS environment variable to allow requests from this host / port.
[2025-06-21T23:51:49.567Z] error: Host validation failed for: homelab.ddns.me. Hint: Set the HOMEPAGE_ALLOWED_HOSTS environment variable to allow requests from this host / port.
[2025-06-21T23:51:49.609Z] error: Host validation failed for: homelab.ddns.me. Hint: Set the HOMEPAGE_ALLOWED_HOSTS environment variable to allow requests from this host / port.
[2025-06-21T23:51:49.610Z] error: Host validation failed for: homelab.ddns.me. Hint: Set the HOMEPAGE_ALLOWED_HOSTS environment variable to allow requests from this host / port.
[2025-06-21T23:51:49.611Z] error: Host validation failed for: homelab.ddns.me. Hint: Set the HOMEPAGE_ALLOWED_HOSTS environment variable to allow requests from this host / port.
[2025-06-21T23:51:49.612Z] error: Host validation failed for: homelab.ddns.me. Hint: Set the HOMEPAGE_ALLOWED_HOSTS environment variable to allow requests from this host / port.
[2025-06-21T23:51:49.613Z] error: Host validation failed for: homelab.ddns.me. Hint: Set the HOMEPAGE_ALLOWED_HOSTS environment variable to allow requests from this host / port.
[2025-06-21T23:51:49.637Z] error: Host validation failed for: homelab.ddns.me. Hint: Set the HOMEPAGE_ALLOWED_HOSTS environment variable to allow requests from this host / port.
[2025-06-21T23:51:49.638Z] error: Host validation failed for: homelab.ddns.me. Hint: Set the HOMEPAGE_ALLOWED_HOSTS environment variable to allow requests from this host / port.
[2025-06-21T23:51:49.639Z] error: Host validation failed for: homelab.ddns.me. Hint: Set the HOMEPAGE_ALLOWED_HOSTS environment variable to allow requests from this host / port.
[2025-06-21T23:51:49.640Z] error: Host validation failed for: homelab.ddns.me. Hint: Set the HOMEPAGE_ALLOWED_HOSTS environment variable to allow requests from this host / port.
[2025-06-21T23:51:49.641Z] error: Host validation failed for: homelab.ddns.me. Hint: Set the HOMEPAGE_ALLOWED_HOSTS environment variable to allow requests from this host / port.
[2025-06-21T23:51:49.642Z] error: Host validation failed for: homelab.ddns.me. Hint: Set the HOMEPAGE_ALLOWED_HOSTS environment variable to allow requests from this host / port.
[2025-06-21T23:51:49.714Z] error: Host validation failed for: homelab.ddns.me. Hint: Set the HOMEPAGE_ALLOWED_HOSTS environment variable to allow requests from this host / port.
[2025-06-21T23:51:50.081Z] error: Host validation failed for: homelab.ddns.me. Hint: Set the HOMEPAGE_ALLOWED_HOSTS environment variable to allow requests from this host / port.
[2025-06-21T23:51:50.120Z] error: Host validation failed for: homelab.ddns.me. Hint: Set the HOMEPAGE_ALLOWED_HOSTS environment variable to allow requests from this host / port.
[2025-06-21T23:51:50.121Z] error: Host validation failed for: homelab.ddns.me. Hint: Set the HOMEPAGE_ALLOWED_HOSTS environment variable to allow requests from this host / port.
[2025-06-21T23:51:50.122Z] error: Host validation failed for: homelab.ddns.me. Hint: Set the HOMEPAGE_ALLOWED_HOSTS environment variable to allow requests from this host / port.
[2025-06-21T23:51:50.123Z] error: Host validation failed for: homelab.ddns.me. Hint: Set the HOMEPAGE_ALLOWED_HOSTS environment variable to allow requests from this host / port.
[2025-06-21T23:51:50.124Z] error: Host validation failed for: homelab.ddns.me. Hint: Set the HOMEPAGE_ALLOWED_HOSTS environment variable to allow requests from this host / port.
[2025-06-21T23:51:50.146Z] error: Host validation failed for: homelab.ddns.me. Hint: Set the HOMEPAGE_ALLOWED_HOSTS environment variable to allow requests from this host / port.
[2025-06-21T23:51:50.147Z] error: Host validation failed for: homelab.ddns.me. Hint: Set the HOMEPAGE_ALLOWED_HOSTS environment variable to allow requests from this host / port.
[2025-06-21T23:51:50.147Z] error: Host validation failed for: homelab.ddns.me. Hint: Set the HOMEPAGE_ALLOWED_HOSTS environment variable to allow requests from this host / port.
[2025-06-21T23:51:50.149Z] error: Host validation failed for: homelab.ddns.me. Hint: Set the HOMEPAGE_ALLOWED_HOSTS environment variable to allow requests from this host / port.
[2025-06-21T23:51:50.149Z] error: Host validation failed for: homelab.ddns.me. Hint: Set the HOMEPAGE_ALLOWED_HOSTS environment variable to allow requests from this host / port.
[2025-06-21T23:51:50.152Z] error: Host validation failed for: homelab.ddns.me. Hint: Set the HOMEPAGE_ALLOWED_HOSTS environment variable to allow requests from this host / port.
[2025-06-21T23:51:50.181Z] error: Host validation failed for: homelab.ddns.me. Hint: Set the HOMEPAGE_ALLOWED_HOSTS environment variable to allow requests from this host / port.
[2025-06-22T00:46:04.438Z] error: end of the stream or a document separator is expected (26:1)

 23 |         icon: netdata.png
 24 |         href: http://192.168.0. ...
 25 |         ping: http://192.168.0. ...
 26 | widget:
------^
 27 |   type: prometheus
 28 |   url: http://192.168.0.25:9090
[2025-06-22T00:46:04.442Z] error: YAMLException: end of the stream or a document separator is expected (26:1)

 23 |         icon: netdata.png
 24 |         href: http://192.168.0. ...
 25 |         ping: http://192.168.0. ...
 26 | widget:
------^
 27 |   type: prometheus
 28 |   url: http://192.168.0.25:9090
    at generateError (file:///app/node_modules/.pnpm/js-yaml@4.1.0/node_modules/js-yaml/dist/js-yaml.mjs:1273:10)
    at throwError (file:///app/node_modules/.pnpm/js-yaml@4.1.0/node_modules/js-yaml/dist/js-yaml.mjs:1277:9)
    at readDocument (file:///app/node_modules/.pnpm/js-yaml@4.1.0/node_modules/js-yaml/dist/js-yaml.mjs:2735:5)
    at loadDocuments (file:///app/node_modules/.pnpm/js-yaml@4.1.0/node_modules/js-yaml/dist/js-yaml.mjs:2778:5)
    at Object.load$1 [as load] (file:///app/node_modules/.pnpm/js-yaml@4.1.0/node_modules/js-yaml/dist/js-yaml.mjs:2804:19)
    at y (/app/.next/server/chunks/7325.js:1:4898)
    at async b (/app/.next/server/chunks/7325.js:1:7395)
    at async u (/app/.next/server/pages/api/ping.js:1:883)
    at async X (/app/node_modules/.pnpm/next@15.3.1_react-dom@18.3.1_react@18.3.1__react@18.3.1/node_modules/next/dist/compiled/next-server/pages-api.runtime.prod.js:20:18441)
    at async z.render (/app/node_modules/.pnpm/next@15.3.1_react-dom@18.3.1_react@18.3.1__react@18.3.1/node_modules/next/dist/compiled/next-server/pages-api.runtime.prod.js:20:19237)
[2025-06-22T00:46:04.444Z] error: end of the stream or a document separator is expected (26:1)

 23 |         icon: netdata.png
 24 |         href: http://192.168.0. ...
 25 |         ping: http://192.168.0. ...
 26 | widget:
------^
 27 |   type: prometheus
 28 |   url: http://192.168.0.25:9090
[2025-06-22T00:46:04.445Z] error: YAMLException: end of the stream or a document separator is expected (26:1)

 23 |         icon: netdata.png
 24 |         href: http://192.168.0. ...
 25 |         ping: http://192.168.0. ...
 26 | widget:
------^
 27 |   type: prometheus
 28 |   url: http://192.168.0.25:9090
    at generateError (file:///app/node_modules/.pnpm/js-yaml@4.1.0/node_modules/js-yaml/dist/js-yaml.mjs:1273:10)
    at throwError (file:///app/node_modules/.pnpm/js-yaml@4.1.0/node_modules/js-yaml/dist/js-yaml.mjs:1277:9)
    at readDocument (file:///app/node_modules/.pnpm/js-yaml@4.1.0/node_modules/js-yaml/dist/js-yaml.mjs:2735:5)
    at loadDocuments (file:///app/node_modules/.pnpm/js-yaml@4.1.0/node_modules/js-yaml/dist/js-yaml.mjs:2778:5)
    at Object.load$1 [as load] (file:///app/node_modules/.pnpm/js-yaml@4.1.0/node_modules/js-yaml/dist/js-yaml.mjs:2804:19)
    at y (/app/.next/server/chunks/7325.js:1:4898)
    at async b (/app/.next/server/chunks/7325.js:1:7395)
    at async u (/app/.next/server/pages/api/ping.js:1:883)
    at async X (/app/node_modules/.pnpm/next@15.3.1_react-dom@18.3.1_react@18.3.1__react@18.3.1/node_modules/next/dist/compiled/next-server/pages-api.runtime.prod.js:20:18441)
    at async z.render (/app/node_modules/.pnpm/next@15.3.1_react-dom@18.3.1_react@18.3.1__react@18.3.1/node_modules/next/dist/compiled/next-server/pages-api.runtime.prod.js:20:19237)
[2025-06-22T00:46:04.446Z] error: end of the stream or a document separator is expected (26:1)

 23 |         icon: netdata.png
 24 |         href: http://192.168.0. ...
 25 |         ping: http://192.168.0. ...
 26 | widget:
------^
 27 |   type: prometheus
 28 |   url: http://192.168.0.25:9090
[2025-06-22T00:46:04.447Z] error: YAMLException: end of the stream or a document separator is expected (26:1)

 23 |         icon: netdata.png
 24 |         href: http://192.168.0. ...
 25 |         ping: http://192.168.0. ...
 26 | widget:
------^
 27 |   type: prometheus
 28 |   url: http://192.168.0.25:9090
    at generateError (file:///app/node_modules/.pnpm/js-yaml@4.1.0/node_modules/js-yaml/dist/js-yaml.mjs:1273:10)
    at throwError (file:///app/node_modules/.pnpm/js-yaml@4.1.0/node_modules/js-yaml/dist/js-yaml.mjs:1277:9)
    at readDocument (file:///app/node_modules/.pnpm/js-yaml@4.1.0/node_modules/js-yaml/dist/js-yaml.mjs:2735:5)
    at loadDocuments (file:///app/node_modules/.pnpm/js-yaml@4.1.0/node_modules/js-yaml/dist/js-yaml.mjs:2778:5)
    at Object.load$1 [as load] (file:///app/node_modules/.pnpm/js-yaml@4.1.0/node_modules/js-yaml/dist/js-yaml.mjs:2804:19)
    at y (/app/.next/server/chunks/7325.js:1:4898)
    at async b (/app/.next/server/chunks/7325.js:1:7395)
    at async u (/app/.next/server/pages/api/ping.js:1:883)
    at async X (/app/node_modules/.pnpm/next@15.3.1_react-dom@18.3.1_react@18.3.1__react@18.3.1/node_modules/next/dist/compiled/next-server/pages-api.runtime.prod.js:20:18441)
    at async z.render (/app/node_modules/.pnpm/next@15.3.1_react-dom@18.3.1_react@18.3.1__react@18.3.1/node_modules/next/dist/compiled/next-server/pages-api.runtime.prod.js:20:19237)
[2025-06-22T00:46:04.448Z] error: end of the stream or a document separator is expected (26:1)

 23 |         icon: netdata.png
 24 |         href: http://192.168.0. ...
 25 |         ping: http://192.168.0. ...
 26 | widget:
------^
 27 |   type: prometheus
 28 |   url: http://192.168.0.25:9090
[2025-06-22T00:46:04.448Z] error: YAMLException: end of the stream or a document separator is expected (26:1)

 23 |         icon: netdata.png
 24 |         href: http://192.168.0. ...
 25 |         ping: http://192.168.0. ...
 26 | widget:
------^
 27 |   type: prometheus
 28 |   url: http://192.168.0.25:9090
    at generateError (file:///app/node_modules/.pnpm/js-yaml@4.1.0/node_modules/js-yaml/dist/js-yaml.mjs:1273:10)
    at throwError (file:///app/node_modules/.pnpm/js-yaml@4.1.0/node_modules/js-yaml/dist/js-yaml.mjs:1277:9)
    at readDocument (file:///app/node_modules/.pnpm/js-yaml@4.1.0/node_modules/js-yaml/dist/js-yaml.mjs:2735:5)
    at loadDocuments (file:///app/node_modules/.pnpm/js-yaml@4.1.0/node_modules/js-yaml/dist/js-yaml.mjs:2778:5)
    at Object.load$1 [as load] (file:///app/node_modules/.pnpm/js-yaml@4.1.0/node_modules/js-yaml/dist/js-yaml.mjs:2804:19)
    at y (/app/.next/server/chunks/7325.js:1:4898)
    at async b (/app/.next/server/chunks/7325.js:1:7395)
    at async u (/app/.next/server/pages/api/ping.js:1:883)
    at async X (/app/node_modules/.pnpm/next@15.3.1_react-dom@18.3.1_react@18.3.1__react@18.3.1/node_modules/next/dist/compiled/next-server/pages-api.runtime.prod.js:20:18441)
    at async z.render (/app/node_modules/.pnpm/next@15.3.1_react-dom@18.3.1_react@18.3.1__react@18.3.1/node_modules/next/dist/compiled/next-server/pages-api.runtime.prod.js:20:19237)
[2025-06-22T00:46:04.450Z] error: end of the stream or a document separator is expected (26:1)

 23 |         icon: netdata.png
 24 |         href: http://192.168.0. ...
 25 |         ping: http://192.168.0. ...
 26 | widget:
------^
 27 |   type: prometheus
 28 |   url: http://192.168.0.25:9090
[2025-06-22T00:46:04.450Z] error: YAMLException: end of the stream or a document separator is expected (26:1)

 23 |         icon: netdata.png
 24 |         href: http://192.168.0. ...
 25 |         ping: http://192.168.0. ...
 26 | widget:
------^
 27 |   type: prometheus
 28 |   url: http://192.168.0.25:9090
    at generateError (file:///app/node_modules/.pnpm/js-yaml@4.1.0/node_modules/js-yaml/dist/js-yaml.mjs:1273:10)
    at throwError (file:///app/node_modules/.pnpm/js-yaml@4.1.0/node_modules/js-yaml/dist/js-yaml.mjs:1277:9)
    at readDocument (file:///app/node_modules/.pnpm/js-yaml@4.1.0/node_modules/js-yaml/dist/js-yaml.mjs:2735:5)
    at loadDocuments (file:///app/node_modules/.pnpm/js-yaml@4.1.0/node_modules/js-yaml/dist/js-yaml.mjs:2778:5)
    at Object.load$1 [as load] (file:///app/node_modules/.pnpm/js-yaml@4.1.0/node_modules/js-yaml/dist/js-yaml.mjs:2804:19)
    at y (/app/.next/server/chunks/7325.js:1:4898)
    at async b (/app/.next/server/chunks/7325.js:1:7395)
    at async u (/app/.next/server/pages/api/ping.js:1:883)
    at async X (/app/node_modules/.pnpm/next@15.3.1_react-dom@18.3.1_react@18.3.1__react@18.3.1/node_modules/next/dist/compiled/next-server/pages-api.runtime.prod.js:20:18441)
    at async z.render (/app/node_modules/.pnpm/next@15.3.1_react-dom@18.3.1_react@18.3.1__react@18.3.1/node_modules/next/dist/compiled/next-server/pages-api.runtime.prod.js:20:19237)
[2025-06-22T00:46:04.454Z] error: Failed to load services.yaml, please check for errors
[2025-06-22T00:46:04.454Z] error: YAMLException: end of the stream or a document separator is expected (26:1)

 23 |         icon: netdata.png
 24 |         href: http://192.168.0. ...
 25 |         ping: http://192.168.0. ...
 26 | widget:
------^
 27 |   type: prometheus
 28 |   url: http://192.168.0.25:9090
[2025-06-22T00:46:04.468Z] error: Failed to load services.yaml, please check for errors
[2025-06-22T00:46:04.469Z] error: YAMLException: end of the stream or a document separator is expected (26:1)

 23 |         icon: netdata.png
 24 |         href: http://192.168.0. ...
 25 |         ping: http://192.168.0. ...
 26 | widget:
------^
 27 |   type: prometheus
 28 |   url: http://192.168.0.25:9090
[2025-06-22T00:46:04.590Z] error: Failed to load services.yaml, please check for errors
[2025-06-22T00:46:04.590Z] error: YAMLException: end of the stream or a document separator is expected (26:1)

 23 |         icon: netdata.png
 24 |         href: http://192.168.0. ...
 25 |         ping: http://192.168.0. ...
 26 | widget:
------^
 27 |   type: prometheus
 28 |   url: http://192.168.0.25:9090
[2025-06-22T00:46:04.896Z] error: Failed to load services.yaml, please check for errors
[2025-06-22T00:46:04.896Z] error: YAMLException: end of the stream or a document separator is expected (26:1)

 23 |         icon: netdata.png
 24 |         href: http://192.168.0. ...
 25 |         ping: http://192.168.0. ...
 26 | widget:
------^
 27 |   type: prometheus
 28 |   url: http://192.168.0.25:9090
[2025-06-22T00:49:52.233Z] error: Failed to load widgets, please check widgets.yaml for errors or remove example entries.
[2025-06-22T00:49:52.233Z] error: end of the stream or a document separator is expected (11:1)

  8 | - search:
  9 |     provider: duckduckgo
 10 |     target: _blank
 11 | widget:
------^
 12 |   type: prometheusmetric
 13 |   url: http:192.168.0.25:9090
[2025-06-22T00:49:52.260Z] error: Failed to load widgets, please check widgets.yaml for errors or remove example entries.
[2025-06-22T00:49:52.260Z] error: end of the stream or a document separator is expected (11:1)

  8 | - search:
  9 |     provider: duckduckgo
 10 |     target: _blank
 11 | widget:
------^
 12 |   type: prometheusmetric
 13 |   url: http:192.168.0.25:9090
[2025-06-22T00:49:52.401Z] error: Failed to load widgets, please check widgets.yaml for errors or remove example entries.
[2025-06-22T00:49:52.401Z] error: end of the stream or a document separator is expected (11:1)

  8 | - search:
  9 |     provider: duckduckgo
 10 |     target: _blank
 11 | widget:
------^
 12 |   type: prometheusmetric
 13 |   url: http:192.168.0.25:9090
[2025-06-22T00:49:53.104Z] error: Failed to load widgets, please check widgets.yaml for errors or remove example entries.
[2025-06-22T00:49:53.104Z] error: end of the stream or a document separator is expected (11:1)

  8 | - search:
  9 |     provider: duckduckgo
 10 |     target: _blank
 11 | widget:
------^
 12 |   type: prometheusmetric
 13 |   url: http:192.168.0.25:9090
[2025-06-22T00:49:54.021Z] error: Failed to load widgets, please check widgets.yaml for errors or remove example entries.
[2025-06-22T00:49:54.021Z] error: end of the stream or a document separator is expected (11:1)

  8 | - search:
  9 |     provider: duckduckgo
 10 |     target: _blank
 11 | widget:
------^
 12 |   type: prometheusmetric
 13 |   url: http:192.168.0.25:9090
[2025-06-22T00:50:00.666Z] error: Failed to load widgets, please check widgets.yaml for errors or remove example entries.
[2025-06-22T00:50:00.666Z] error: end of the stream or a document separator is expected (11:1)

  8 | - search:
  9 |     provider: duckduckgo
 10 |     target: _blank
 11 | widget:
------^
 12 |   type: prometheusmetric
 13 |   url: http:192.168.0.25:9090
[2025-06-22T00:50:02.951Z] error: Failed to load widgets, please check widgets.yaml for errors or remove example entries.
[2025-06-22T00:50:02.951Z] error: end of the stream or a document separator is expected (11:1)

  8 | - search:
  9 |     provider: duckduckgo
 10 |     target: _blank
 11 | widget:
------^
 12 |   type: prometheusmetric
 13 |   url: http:192.168.0.25:9090
[2025-06-22T00:53:32.627Z] error: bad indentation of a sequence entry (28:12)

 25 |         ping: http://192.168.0.25:19999 #  ...
 26 | - Monitoring:
 27 |     -  TinyNAS Metrics
 28 |        icon: server.svg # Or choose a more ...
-----------------^
 29 |        href: http://192.168.0.25:9090 # Li ...
 30 |        widget:
[2025-06-22T00:53:32.627Z] error: YAMLException: bad indentation of a sequence entry (28:12)

 25 |         ping: http://192.168.0.25:19999 #  ...
 26 | - Monitoring:
 27 |     -  TinyNAS Metrics
 28 |        icon: server.svg # Or choose a more ...
-----------------^
 29 |        href: http://192.168.0.25:9090 # Li ...
 30 |        widget:
    at generateError (file:///app/node_modules/.pnpm/js-yaml@4.1.0/node_modules/js-yaml/dist/js-yaml.mjs:1273:10)
    at throwError (file:///app/node_modules/.pnpm/js-yaml@4.1.0/node_modules/js-yaml/dist/js-yaml.mjs:1277:9)
    at readBlockSequence (file:///app/node_modules/.pnpm/js-yaml@4.1.0/node_modules/js-yaml/dist/js-yaml.mjs:2105:7)
    at composeNode (file:///app/node_modules/.pnpm/js-yaml@4.1.0/node_modules/js-yaml/dist/js-yaml.mjs:2530:12)
    at readBlockMapping (file:///app/node_modules/.pnpm/js-yaml@4.1.0/node_modules/js-yaml/dist/js-yaml.mjs:2254:11)
    at composeNode (file:///app/node_modules/.pnpm/js-yaml@4.1.0/node_modules/js-yaml/dist/js-yaml.mjs:2531:12)
    at readBlockSequence (file:///app/node_modules/.pnpm/js-yaml@4.1.0/node_modules/js-yaml/dist/js-yaml.mjs:2098:5)
    at composeNode (file:///app/node_modules/.pnpm/js-yaml@4.1.0/node_modules/js-yaml/dist/js-yaml.mjs:2530:12)
    at readDocument (file:///app/node_modules/.pnpm/js-yaml@4.1.0/node_modules/js-yaml/dist/js-yaml.mjs:2715:3)
    at loadDocuments (file:///app/node_modules/.pnpm/js-yaml@4.1.0/node_modules/js-yaml/dist/js-yaml.mjs:2778:5)
[2025-06-22T00:53:32.629Z] error: bad indentation of a sequence entry (28:12)

 25 |         ping: http://192.168.0.25:19999 #  ...
 26 | - Monitoring:
 27 |     -  TinyNAS Metrics
 28 |        icon: server.svg # Or choose a more ...
-----------------^
 29 |        href: http://192.168.0.25:9090 # Li ...
 30 |        widget:
[2025-06-22T00:53:32.630Z] error: YAMLException: bad indentation of a sequence entry (28:12)

 25 |         ping: http://192.168.0.25:19999 #  ...
 26 | - Monitoring:
 27 |     -  TinyNAS Metrics
 28 |        icon: server.svg # Or choose a more ...
-----------------^
 29 |        href: http://192.168.0.25:9090 # Li ...
 30 |        widget:
    at generateError (file:///app/node_modules/.pnpm/js-yaml@4.1.0/node_modules/js-yaml/dist/js-yaml.mjs:1273:10)
    at throwError (file:///app/node_modules/.pnpm/js-yaml@4.1.0/node_modules/js-yaml/dist/js-yaml.mjs:1277:9)
    at readBlockSequence (file:///app/node_modules/.pnpm/js-yaml@4.1.0/node_modules/js-yaml/dist/js-yaml.mjs:2105:7)
    at composeNode (file:///app/node_modules/.pnpm/js-yaml@4.1.0/node_modules/js-yaml/dist/js-yaml.mjs:2530:12)
    at readBlockMapping (file:///app/node_modules/.pnpm/js-yaml@4.1.0/node_modules/js-yaml/dist/js-yaml.mjs:2254:11)
    at composeNode (file:///app/node_modules/.pnpm/js-yaml@4.1.0/node_modules/js-yaml/dist/js-yaml.mjs:2531:12)
    at readBlockSequence (file:///app/node_modules/.pnpm/js-yaml@4.1.0/node_modules/js-yaml/dist/js-yaml.mjs:2098:5)
    at composeNode (file:///app/node_modules/.pnpm/js-yaml@4.1.0/node_modules/js-yaml/dist/js-yaml.mjs:2530:12)
    at readDocument (file:///app/node_modules/.pnpm/js-yaml@4.1.0/node_modules/js-yaml/dist/js-yaml.mjs:2715:3)
    at loadDocuments (file:///app/node_modules/.pnpm/js-yaml@4.1.0/node_modules/js-yaml/dist/js-yaml.mjs:2778:5)
[2025-06-22T00:53:32.631Z] error: Failed to load services.yaml, please check for errors
[2025-06-22T00:53:32.631Z] error: YAMLException: bad indentation of a sequence entry (28:12)

 25 |         ping: http://192.168.0.25:19999 #  ...
 26 | - Monitoring:
 27 |     -  TinyNAS Metrics
 28 |        icon: server.svg # Or choose a more ...
-----------------^
 29 |        href: http://192.168.0.25:9090 # Li ...
 30 |        widget:
[2025-06-22T00:53:32.634Z] error: bad indentation of a sequence entry (28:12)

 25 |         ping: http://192.168.0.25:19999 #  ...
 26 | - Monitoring:
 27 |     -  TinyNAS Metrics
 28 |        icon: server.svg # Or choose a more ...
-----------------^
 29 |        href: http://192.168.0.25:9090 # Li ...
 30 |        widget:
[2025-06-22T00:53:32.634Z] error: YAMLException: bad indentation of a sequence entry (28:12)

 25 |         ping: http://192.168.0.25:19999 #  ...
 26 | - Monitoring:
 27 |     -  TinyNAS Metrics
 28 |        icon: server.svg # Or choose a more ...
-----------------^
 29 |        href: http://192.168.0.25:9090 # Li ...
 30 |        widget:
    at generateError (file:///app/node_modules/.pnpm/js-yaml@4.1.0/node_modules/js-yaml/dist/js-yaml.mjs:1273:10)
    at throwError (file:///app/node_modules/.pnpm/js-yaml@4.1.0/node_modules/js-yaml/dist/js-yaml.mjs:1277:9)
    at readBlockSequence (file:///app/node_modules/.pnpm/js-yaml@4.1.0/node_modules/js-yaml/dist/js-yaml.mjs:2105:7)
    at composeNode (file:///app/node_modules/.pnpm/js-yaml@4.1.0/node_modules/js-yaml/dist/js-yaml.mjs:2530:12)
    at readBlockMapping (file:///app/node_modules/.pnpm/js-yaml@4.1.0/node_modules/js-yaml/dist/js-yaml.mjs:2254:11)
    at composeNode (file:///app/node_modules/.pnpm/js-yaml@4.1.0/node_modules/js-yaml/dist/js-yaml.mjs:2531:12)
    at readBlockSequence (file:///app/node_modules/.pnpm/js-yaml@4.1.0/node_modules/js-yaml/dist/js-yaml.mjs:2098:5)
    at composeNode (file:///app/node_modules/.pnpm/js-yaml@4.1.0/node_modules/js-yaml/dist/js-yaml.mjs:2530:12)
    at readDocument (file:///app/node_modules/.pnpm/js-yaml@4.1.0/node_modules/js-yaml/dist/js-yaml.mjs:2715:3)
    at loadDocuments (file:///app/node_modules/.pnpm/js-yaml@4.1.0/node_modules/js-yaml/dist/js-yaml.mjs:2778:5)
[2025-06-22T00:53:32.635Z] error: bad indentation of a sequence entry (28:12)

 25 |         ping: http://192.168.0.25:19999 #  ...
 26 | - Monitoring:
 27 |     -  TinyNAS Metrics
 28 |        icon: server.svg # Or choose a more ...
-----------------^
 29 |        href: http://192.168.0.25:9090 # Li ...
 30 |        widget:
[2025-06-22T00:53:32.635Z] error: YAMLException: bad indentation of a sequence entry (28:12)

 25 |         ping: http://192.168.0.25:19999 #  ...
 26 | - Monitoring:
 27 |     -  TinyNAS Metrics
 28 |        icon: server.svg # Or choose a more ...
-----------------^
 29 |        href: http://192.168.0.25:9090 # Li ...
 30 |        widget:
    at generateError (file:///app/node_modules/.pnpm/js-yaml@4.1.0/node_modules/js-yaml/dist/js-yaml.mjs:1273:10)
    at throwError (file:///app/node_modules/.pnpm/js-yaml@4.1.0/node_modules/js-yaml/dist/js-yaml.mjs:1277:9)
    at readBlockSequence (file:///app/node_modules/.pnpm/js-yaml@4.1.0/node_modules/js-yaml/dist/js-yaml.mjs:2105:7)
    at composeNode (file:///app/node_modules/.pnpm/js-yaml@4.1.0/node_modules/js-yaml/dist/js-yaml.mjs:2530:12)
    at readBlockMapping (file:///app/node_modules/.pnpm/js-yaml@4.1.0/node_modules/js-yaml/dist/js-yaml.mjs:2254:11)
    at composeNode (file:///app/node_modules/.pnpm/js-yaml@4.1.0/node_modules/js-yaml/dist/js-yaml.mjs:2531:12)
    at readBlockSequence (file:///app/node_modules/.pnpm/js-yaml@4.1.0/node_modules/js-yaml/dist/js-yaml.mjs:2098:5)
    at composeNode (file:///app/node_modules/.pnpm/js-yaml@4.1.0/node_modules/js-yaml/dist/js-yaml.mjs:2530:12)
    at readDocument (file:///app/node_modules/.pnpm/js-yaml@4.1.0/node_modules/js-yaml/dist/js-yaml.mjs:2715:3)
    at loadDocuments (file:///app/node_modules/.pnpm/js-yaml@4.1.0/node_modules/js-yaml/dist/js-yaml.mjs:2778:5)
[2025-06-22T00:53:32.636Z] error: bad indentation of a sequence entry (28:12)

 25 |         ping: http://192.168.0.25:19999 #  ...
 26 | - Monitoring:
 27 |     -  TinyNAS Metrics
 28 |        icon: server.svg # Or choose a more ...
-----------------^
 29 |        href: http://192.168.0.25:9090 # Li ...
 30 |        widget:
[2025-06-22T00:53:32.636Z] error: YAMLException: bad indentation of a sequence entry (28:12)

 25 |         ping: http://192.168.0.25:19999 #  ...
 26 | - Monitoring:
 27 |     -  TinyNAS Metrics
 28 |        icon: server.svg # Or choose a more ...
-----------------^
 29 |        href: http://192.168.0.25:9090 # Li ...
 30 |        widget:
    at generateError (file:///app/node_modules/.pnpm/js-yaml@4.1.0/node_modules/js-yaml/dist/js-yaml.mjs:1273:10)
    at throwError (file:///app/node_modules/.pnpm/js-yaml@4.1.0/node_modules/js-yaml/dist/js-yaml.mjs:1277:9)
    at readBlockSequence (file:///app/node_modules/.pnpm/js-yaml@4.1.0/node_modules/js-yaml/dist/js-yaml.mjs:2105:7)
    at composeNode (file:///app/node_modules/.pnpm/js-yaml@4.1.0/node_modules/js-yaml/dist/js-yaml.mjs:2530:12)
    at readBlockMapping (file:///app/node_modules/.pnpm/js-yaml@4.1.0/node_modules/js-yaml/dist/js-yaml.mjs:2254:11)
    at composeNode (file:///app/node_modules/.pnpm/js-yaml@4.1.0/node_modules/js-yaml/dist/js-yaml.mjs:2531:12)
    at readBlockSequence (file:///app/node_modules/.pnpm/js-yaml@4.1.0/node_modules/js-yaml/dist/js-yaml.mjs:2098:5)
    at composeNode (file:///app/node_modules/.pnpm/js-yaml@4.1.0/node_modules/js-yaml/dist/js-yaml.mjs:2530:12)
    at readDocument (file:///app/node_modules/.pnpm/js-yaml@4.1.0/node_modules/js-yaml/dist/js-yaml.mjs:2715:3)
    at loadDocuments (file:///app/node_modules/.pnpm/js-yaml@4.1.0/node_modules/js-yaml/dist/js-yaml.mjs:2778:5)
[2025-06-22T00:53:32.653Z] error: Failed to load services.yaml, please check for errors
[2025-06-22T00:53:32.653Z] error: YAMLException: bad indentation of a sequence entry (28:12)

 25 |         ping: http://192.168.0.25:19999 #  ...
 26 | - Monitoring:
 27 |     -  TinyNAS Metrics
 28 |        icon: server.svg # Or choose a more ...
-----------------^
 29 |        href: http://192.168.0.25:9090 # Li ...
 30 |        widget:
[2025-06-22T00:53:32.796Z] error: Failed to load services.yaml, please check for errors
[2025-06-22T00:53:32.796Z] error: YAMLException: bad indentation of a sequence entry (28:12)

 25 |         ping: http://192.168.0.25:19999 #  ...
 26 | - Monitoring:
 27 |     -  TinyNAS Metrics
 28 |        icon: server.svg # Or choose a more ...
-----------------^
 29 |        href: http://192.168.0.25:9090 # Li ...
 30 |        widget:
[2025-06-22T00:53:32.938Z] error: Failed to load services.yaml, please check for errors
[2025-06-22T00:53:32.938Z] error: YAMLException: bad indentation of a sequence entry (28:12)

 25 |         ping: http://192.168.0.25:19999 #  ...
 26 | - Monitoring:
 27 |     -  TinyNAS Metrics
 28 |        icon: server.svg # Or choose a more ...
-----------------^
 29 |        href: http://192.168.0.25:9090 # Li ...
 30 |        widget:
[2025-06-22T02:36:57.105Z] error: Failed to load widgets, please check widgets.yaml for errors or remove example entries.
[2025-06-22T02:36:57.105Z] error: duplicated mapping key (14:5)

 11 |       url: http://192.168.0.25:9100 ...
 12 |       query: (node_memory_MemTotal_ ...
 13 |       label: Used
 14 |     cpu:
----------^
 15 |       title: CPU Temp
 16 |       type: prometheus
[2025-06-22T02:36:57.147Z] error: Failed to load widgets, please check widgets.yaml for errors or remove example entries.
[2025-06-22T02:36:57.147Z] error: duplicated mapping key (14:5)

 11 |       url: http://192.168.0.25:9100 ...
 12 |       query: (node_memory_MemTotal_ ...
 13 |       label: Used
 14 |     cpu:
----------^
 15 |       title: CPU Temp
 16 |       type: prometheus
[2025-06-22T02:36:57.221Z] error: Failed to load widgets, please check widgets.yaml for errors or remove example entries.
[2025-06-22T02:36:57.221Z] error: duplicated mapping key (14:5)

 11 |       url: http://192.168.0.25:9100 ...
 12 |       query: (node_memory_MemTotal_ ...
 13 |       label: Used
 14 |     cpu:
----------^
 15 |       title: CPU Temp
 16 |       type: prometheus
[2025-06-22T02:36:58.744Z] error: Failed to load widgets, please check widgets.yaml for errors or remove example entries.
[2025-06-22T02:36:58.744Z] error: duplicated mapping key (14:5)

 11 |       url: http://192.168.0.25:9100 ...
 12 |       query: (node_memory_MemTotal_ ...
 13 |       label: Used
 14 |     cpu:
----------^
 15 |       title: CPU Temp
 16 |       type: prometheus
[2025-06-22T02:56:22.534Z] error: <servicesProxy> TypeError: Cannot read properties of null (reading 'forEach')
    at /app/.next/server/chunks/7325.js:1:4992
    at Array.map (<anonymous>)
    at e (/app/.next/server/chunks/7325.js:1:4938)
    at y (/app/.next/server/chunks/7325.js:1:5307)
    at async b (/app/.next/server/chunks/7325.js:1:7395)
    at async A (/app/.next/server/chunks/7325.js:1:7674)
    at async u (/app/.next/server/pages/api/services/proxy.js:25:30657)
    at async X (/app/node_modules/.pnpm/next@15.3.1_react-dom@18.3.1_react@18.3.1__react@18.3.1/node_modules/next/dist/compiled/next-server/pages-api.runtime.prod.js:20:18441)
    at async z.render (/app/node_modules/.pnpm/next@15.3.1_react-dom@18.3.1_react@18.3.1__react@18.3.1/node_modules/next/dist/compiled/next-server/pages-api.runtime.prod.js:20:19237)
    at async NextNodeServer.runApi (/app/node_modules/.pnpm/next@15.3.1_react-dom@18.3.1_react@18.3.1__react@18.3.1/node_modules/next/dist/server/next-server.js:671:9)
[2025-06-22T02:56:22.537Z] error: undefined
[2025-06-22T02:56:22.540Z] error: TypeError: Cannot read properties of null (reading 'forEach')
    at /app/.next/server/chunks/7325.js:1:4992
    at Array.map (<anonymous>)
    at e (/app/.next/server/chunks/7325.js:1:4938)
    at y (/app/.next/server/chunks/7325.js:1:5307)
    at async b (/app/.next/server/chunks/7325.js:1:7395)
    at async u (/app/.next/server/pages/api/ping.js:1:883)
    at async X (/app/node_modules/.pnpm/next@15.3.1_react-dom@18.3.1_react@18.3.1__react@18.3.1/node_modules/next/dist/compiled/next-server/pages-api.runtime.prod.js:20:18441)
    at async z.render (/app/node_modules/.pnpm/next@15.3.1_react-dom@18.3.1_react@18.3.1__react@18.3.1/node_modules/next/dist/compiled/next-server/pages-api.runtime.prod.js:20:19237)
    at async NextNodeServer.runApi (/app/node_modules/.pnpm/next@15.3.1_react-dom@18.3.1_react@18.3.1__react@18.3.1/node_modules/next/dist/server/next-server.js:671:9)
    at async NextNodeServer.handleCatchallRenderRequest (/app/node_modules/.pnpm/next@15.3.1_react-dom@18.3.1_react@18.3.1__react@18.3.1/node_modules/next/dist/server/next-server.js:302:37)
[2025-06-22T02:56:22.542Z] error: undefined
[2025-06-22T02:56:22.542Z] error: TypeError: Cannot read properties of null (reading 'forEach')
    at /app/.next/server/chunks/7325.js:1:4992
    at Array.map (<anonymous>)
    at e (/app/.next/server/chunks/7325.js:1:4938)
    at y (/app/.next/server/chunks/7325.js:1:5307)
    at async b (/app/.next/server/chunks/7325.js:1:7395)
    at async u (/app/.next/server/pages/api/ping.js:1:883)
    at async X (/app/node_modules/.pnpm/next@15.3.1_react-dom@18.3.1_react@18.3.1__react@18.3.1/node_modules/next/dist/compiled/next-server/pages-api.runtime.prod.js:20:18441)
    at async z.render (/app/node_modules/.pnpm/next@15.3.1_react-dom@18.3.1_react@18.3.1__react@18.3.1/node_modules/next/dist/compiled/next-server/pages-api.runtime.prod.js:20:19237)
    at async NextNodeServer.runApi (/app/node_modules/.pnpm/next@15.3.1_react-dom@18.3.1_react@18.3.1__react@18.3.1/node_modules/next/dist/server/next-server.js:671:9)
    at async NextNodeServer.handleCatchallRenderRequest (/app/node_modules/.pnpm/next@15.3.1_react-dom@18.3.1_react@18.3.1__react@18.3.1/node_modules/next/dist/server/next-server.js:302:37)
[2025-06-22T02:56:22.544Z] error: <servicesProxy> TypeError: Cannot read properties of null (reading 'forEach')
    at /app/.next/server/chunks/7325.js:1:4992
    at Array.map (<anonymous>)
    at e (/app/.next/server/chunks/7325.js:1:4938)
    at y (/app/.next/server/chunks/7325.js:1:5307)
    at async b (/app/.next/server/chunks/7325.js:1:7395)
    at async A (/app/.next/server/chunks/7325.js:1:7674)
    at async u (/app/.next/server/pages/api/services/proxy.js:25:30657)
    at async X (/app/node_modules/.pnpm/next@15.3.1_react-dom@18.3.1_react@18.3.1__react@18.3.1/node_modules/next/dist/compiled/next-server/pages-api.runtime.prod.js:20:18441)
    at async z.render (/app/node_modules/.pnpm/next@15.3.1_react-dom@18.3.1_react@18.3.1__react@18.3.1/node_modules/next/dist/compiled/next-server/pages-api.runtime.prod.js:20:19237)
    at async NextNodeServer.runApi (/app/node_modules/.pnpm/next@15.3.1_react-dom@18.3.1_react@18.3.1__react@18.3.1/node_modules/next/dist/server/next-server.js:671:9)
[2025-06-22T02:56:22.545Z] error: <servicesProxy> TypeError: Cannot read properties of null (reading 'forEach')
    at /app/.next/server/chunks/7325.js:1:4992
    at Array.map (<anonymous>)
    at e (/app/.next/server/chunks/7325.js:1:4938)
    at y (/app/.next/server/chunks/7325.js:1:5307)
    at async b (/app/.next/server/chunks/7325.js:1:7395)
    at async A (/app/.next/server/chunks/7325.js:1:7674)
    at async u (/app/.next/server/pages/api/services/proxy.js:25:30657)
    at async X (/app/node_modules/.pnpm/next@15.3.1_react-dom@18.3.1_react@18.3.1__react@18.3.1/node_modules/next/dist/compiled/next-server/pages-api.runtime.prod.js:20:18441)
    at async z.render (/app/node_modules/.pnpm/next@15.3.1_react-dom@18.3.1_react@18.3.1__react@18.3.1/node_modules/next/dist/compiled/next-server/pages-api.runtime.prod.js:20:19237)
    at async NextNodeServer.runApi (/app/node_modules/.pnpm/next@15.3.1_react-dom@18.3.1_react@18.3.1__react@18.3.1/node_modules/next/dist/server/next-server.js:671:9)
[2025-06-22T02:56:22.546Z] error: undefined
[2025-06-22T02:56:22.547Z] error: TypeError: Cannot read properties of null (reading 'forEach')
    at /app/.next/server/chunks/7325.js:1:4992
    at Array.map (<anonymous>)
    at e (/app/.next/server/chunks/7325.js:1:4938)
    at y (/app/.next/server/chunks/7325.js:1:5307)
    at async b (/app/.next/server/chunks/7325.js:1:7395)
    at async u (/app/.next/server/pages/api/ping.js:1:883)
    at async X (/app/node_modules/.pnpm/next@15.3.1_react-dom@18.3.1_react@18.3.1__react@18.3.1/node_modules/next/dist/compiled/next-server/pages-api.runtime.prod.js:20:18441)
    at async z.render (/app/node_modules/.pnpm/next@15.3.1_react-dom@18.3.1_react@18.3.1__react@18.3.1/node_modules/next/dist/compiled/next-server/pages-api.runtime.prod.js:20:19237)
    at async NextNodeServer.runApi (/app/node_modules/.pnpm/next@15.3.1_react-dom@18.3.1_react@18.3.1__react@18.3.1/node_modules/next/dist/server/next-server.js:671:9)
    at async NextNodeServer.handleCatchallRenderRequest (/app/node_modules/.pnpm/next@15.3.1_react-dom@18.3.1_react@18.3.1__react@18.3.1/node_modules/next/dist/server/next-server.js:302:37)
[2025-06-22T02:56:22.549Z] error: undefined
[2025-06-22T02:56:22.550Z] error: TypeError: Cannot read properties of null (reading 'forEach')
    at /app/.next/server/chunks/7325.js:1:4992
    at Array.map (<anonymous>)
    at e (/app/.next/server/chunks/7325.js:1:4938)
    at y (/app/.next/server/chunks/7325.js:1:5307)
    at async b (/app/.next/server/chunks/7325.js:1:7395)
    at async u (/app/.next/server/pages/api/ping.js:1:883)
    at async X (/app/node_modules/.pnpm/next@15.3.1_react-dom@18.3.1_react@18.3.1__react@18.3.1/node_modules/next/dist/compiled/next-server/pages-api.runtime.prod.js:20:18441)
    at async z.render (/app/node_modules/.pnpm/next@15.3.1_react-dom@18.3.1_react@18.3.1__react@18.3.1/node_modules/next/dist/compiled/next-server/pages-api.runtime.prod.js:20:19237)
    at async NextNodeServer.runApi (/app/node_modules/.pnpm/next@15.3.1_react-dom@18.3.1_react@18.3.1__react@18.3.1/node_modules/next/dist/server/next-server.js:671:9)
    at async NextNodeServer.handleCatchallRenderRequest (/app/node_modules/.pnpm/next@15.3.1_react-dom@18.3.1_react@18.3.1__react@18.3.1/node_modules/next/dist/server/next-server.js:302:37)
[2025-06-22T02:56:22.554Z] error: <servicesProxy> TypeError: Cannot read properties of null (reading 'forEach')
    at /app/.next/server/chunks/7325.js:1:4992
    at Array.map (<anonymous>)
    at e (/app/.next/server/chunks/7325.js:1:4938)
    at y (/app/.next/server/chunks/7325.js:1:5307)
    at async b (/app/.next/server/chunks/7325.js:1:7395)
    at async A (/app/.next/server/chunks/7325.js:1:7674)
    at async u (/app/.next/server/pages/api/services/proxy.js:25:30657)
    at async X (/app/node_modules/.pnpm/next@15.3.1_react-dom@18.3.1_react@18.3.1__react@18.3.1/node_modules/next/dist/compiled/next-server/pages-api.runtime.prod.js:20:18441)
    at async z.render (/app/node_modules/.pnpm/next@15.3.1_react-dom@18.3.1_react@18.3.1__react@18.3.1/node_modules/next/dist/compiled/next-server/pages-api.runtime.prod.js:20:19237)
    at async NextNodeServer.runApi (/app/node_modules/.pnpm/next@15.3.1_react-dom@18.3.1_react@18.3.1__react@18.3.1/node_modules/next/dist/server/next-server.js:671:9)
[2025-06-22T02:56:22.555Z] error: undefined
[2025-06-22T02:56:22.556Z] error: TypeError: Cannot read properties of null (reading 'forEach')
    at /app/.next/server/chunks/7325.js:1:4992
    at Array.map (<anonymous>)
    at e (/app/.next/server/chunks/7325.js:1:4938)
    at y (/app/.next/server/chunks/7325.js:1:5307)
    at async b (/app/.next/server/chunks/7325.js:1:7395)
    at async u (/app/.next/server/pages/api/ping.js:1:883)
    at async X (/app/node_modules/.pnpm/next@15.3.1_react-dom@18.3.1_react@18.3.1__react@18.3.1/node_modules/next/dist/compiled/next-server/pages-api.runtime.prod.js:20:18441)
    at async z.render (/app/node_modules/.pnpm/next@15.3.1_react-dom@18.3.1_react@18.3.1__react@18.3.1/node_modules/next/dist/compiled/next-server/pages-api.runtime.prod.js:20:19237)
    at async NextNodeServer.runApi (/app/node_modules/.pnpm/next@15.3.1_react-dom@18.3.1_react@18.3.1__react@18.3.1/node_modules/next/dist/server/next-server.js:671:9)
    at async NextNodeServer.handleCatchallRenderRequest (/app/node_modules/.pnpm/next@15.3.1_react-dom@18.3.1_react@18.3.1__react@18.3.1/node_modules/next/dist/server/next-server.js:302:37)
[2025-06-22T02:56:22.557Z] error: <servicesProxy> TypeError: Cannot read properties of null (reading 'forEach')
    at /app/.next/server/chunks/7325.js:1:4992
    at Array.map (<anonymous>)
    at e (/app/.next/server/chunks/7325.js:1:4938)
    at y (/app/.next/server/chunks/7325.js:1:5307)
    at async b (/app/.next/server/chunks/7325.js:1:7395)
    at async A (/app/.next/server/chunks/7325.js:1:7674)
    at async u (/app/.next/server/pages/api/services/proxy.js:25:30657)
    at async X (/app/node_modules/.pnpm/next@15.3.1_react-dom@18.3.1_react@18.3.1__react@18.3.1/node_modules/next/dist/compiled/next-server/pages-api.runtime.prod.js:20:18441)
    at async z.render (/app/node_modules/.pnpm/next@15.3.1_react-dom@18.3.1_react@18.3.1__react@18.3.1/node_modules/next/dist/compiled/next-server/pages-api.runtime.prod.js:20:19237)
    at async NextNodeServer.runApi (/app/node_modules/.pnpm/next@15.3.1_react-dom@18.3.1_react@18.3.1__react@18.3.1/node_modules/next/dist/server/next-server.js:671:9)
[2025-06-22T02:56:22.568Z] error: Failed to load services.yaml, please check for errors
[2025-06-22T02:56:22.568Z] error: TypeError: Cannot read properties of null (reading 'forEach')
[2025-06-22T02:56:22.569Z] error: Failed to load services.yaml, please check for errors
[2025-06-22T02:56:22.569Z] error: TypeError: Cannot read properties of null (reading 'forEach')
[2025-06-22T02:56:22.713Z] error: Failed to load services.yaml, please check for errors
[2025-06-22T02:56:22.713Z] error: TypeError: Cannot read properties of null (reading 'forEach')
[2025-06-22T18:56:08.717Z] error: undefined
[2025-06-22T18:56:08.723Z] error: TypeError: t[a].forEach is not a function
    at /app/.next/server/chunks/7325.js:1:4992
    at Array.map (<anonymous>)
    at e (/app/.next/server/chunks/7325.js:1:4938)
    at y (/app/.next/server/chunks/7325.js:1:5307)
    at async b (/app/.next/server/chunks/7325.js:1:7395)
    at async u (/app/.next/server/pages/api/ping.js:1:883)
    at async X (/app/node_modules/.pnpm/next@15.3.1_react-dom@18.3.1_react@18.3.1__react@18.3.1/node_modules/next/dist/compiled/next-server/pages-api.runtime.prod.js:20:18441)
    at async z.render (/app/node_modules/.pnpm/next@15.3.1_react-dom@18.3.1_react@18.3.1__react@18.3.1/node_modules/next/dist/compiled/next-server/pages-api.runtime.prod.js:20:19237)
    at async NextNodeServer.runApi (/app/node_modules/.pnpm/next@15.3.1_react-dom@18.3.1_react@18.3.1__react@18.3.1/node_modules/next/dist/server/next-server.js:671:9)
    at async NextNodeServer.handleCatchallRenderRequest (/app/node_modules/.pnpm/next@15.3.1_react-dom@18.3.1_react@18.3.1__react@18.3.1/node_modules/next/dist/server/next-server.js:302:37)
[2025-06-22T18:56:08.724Z] error: undefined
[2025-06-22T18:56:08.725Z] error: TypeError: t[a].forEach is not a function
    at /app/.next/server/chunks/7325.js:1:4992
    at Array.map (<anonymous>)
    at e (/app/.next/server/chunks/7325.js:1:4938)
    at y (/app/.next/server/chunks/7325.js:1:5307)
    at async b (/app/.next/server/chunks/7325.js:1:7395)
    at async u (/app/.next/server/pages/api/ping.js:1:883)
    at async X (/app/node_modules/.pnpm/next@15.3.1_react-dom@18.3.1_react@18.3.1__react@18.3.1/node_modules/next/dist/compiled/next-server/pages-api.runtime.prod.js:20:18441)
    at async z.render (/app/node_modules/.pnpm/next@15.3.1_react-dom@18.3.1_react@18.3.1__react@18.3.1/node_modules/next/dist/compiled/next-server/pages-api.runtime.prod.js:20:19237)
    at async NextNodeServer.runApi (/app/node_modules/.pnpm/next@15.3.1_react-dom@18.3.1_react@18.3.1__react@18.3.1/node_modules/next/dist/server/next-server.js:671:9)
    at async NextNodeServer.handleCatchallRenderRequest (/app/node_modules/.pnpm/next@15.3.1_react-dom@18.3.1_react@18.3.1__react@18.3.1/node_modules/next/dist/server/next-server.js:302:37)
[2025-06-22T18:56:08.727Z] error: undefined
[2025-06-22T18:56:08.728Z] error: TypeError: t[a].forEach is not a function
    at /app/.next/server/chunks/7325.js:1:4992
    at Array.map (<anonymous>)
    at e (/app/.next/server/chunks/7325.js:1:4938)
    at y (/app/.next/server/chunks/7325.js:1:5307)
    at async b (/app/.next/server/chunks/7325.js:1:7395)
    at async u (/app/.next/server/pages/api/ping.js:1:883)
    at async X (/app/node_modules/.pnpm/next@15.3.1_react-dom@18.3.1_react@18.3.1__react@18.3.1/node_modules/next/dist/compiled/next-server/pages-api.runtime.prod.js:20:18441)
    at async z.render (/app/node_modules/.pnpm/next@15.3.1_react-dom@18.3.1_react@18.3.1__react@18.3.1/node_modules/next/dist/compiled/next-server/pages-api.runtime.prod.js:20:19237)
    at async NextNodeServer.runApi (/app/node_modules/.pnpm/next@15.3.1_react-dom@18.3.1_react@18.3.1__react@18.3.1/node_modules/next/dist/server/next-server.js:671:9)
    at async NextNodeServer.handleCatchallRenderRequest (/app/node_modules/.pnpm/next@15.3.1_react-dom@18.3.1_react@18.3.1__react@18.3.1/node_modules/next/dist/server/next-server.js:302:37)
[2025-06-22T18:56:08.729Z] error: undefined
[2025-06-22T18:56:08.730Z] error: TypeError: t[a].forEach is not a function
    at /app/.next/server/chunks/7325.js:1:4992
    at Array.map (<anonymous>)
    at e (/app/.next/server/chunks/7325.js:1:4938)
    at y (/app/.next/server/chunks/7325.js:1:5307)
    at async b (/app/.next/server/chunks/7325.js:1:7395)
    at async u (/app/.next/server/pages/api/ping.js:1:883)
    at async X (/app/node_modules/.pnpm/next@15.3.1_react-dom@18.3.1_react@18.3.1__react@18.3.1/node_modules/next/dist/compiled/next-server/pages-api.runtime.prod.js:20:18441)
    at async z.render (/app/node_modules/.pnpm/next@15.3.1_react-dom@18.3.1_react@18.3.1__react@18.3.1/node_modules/next/dist/compiled/next-server/pages-api.runtime.prod.js:20:19237)
    at async NextNodeServer.runApi (/app/node_modules/.pnpm/next@15.3.1_react-dom@18.3.1_react@18.3.1__react@18.3.1/node_modules/next/dist/server/next-server.js:671:9)
    at async NextNodeServer.handleCatchallRenderRequest (/app/node_modules/.pnpm/next@15.3.1_react-dom@18.3.1_react@18.3.1__react@18.3.1/node_modules/next/dist/server/next-server.js:302:37)
[2025-06-22T18:56:08.731Z] error: undefined
[2025-06-22T18:56:08.732Z] error: TypeError: t[a].forEach is not a function
    at /app/.next/server/chunks/7325.js:1:4992
    at Array.map (<anonymous>)
    at e (/app/.next/server/chunks/7325.js:1:4938)
    at y (/app/.next/server/chunks/7325.js:1:5307)
    at async b (/app/.next/server/chunks/7325.js:1:7395)
    at async u (/app/.next/server/pages/api/ping.js:1:883)
    at async X (/app/node_modules/.pnpm/next@15.3.1_react-dom@18.3.1_react@18.3.1__react@18.3.1/node_modules/next/dist/compiled/next-server/pages-api.runtime.prod.js:20:18441)
    at async z.render (/app/node_modules/.pnpm/next@15.3.1_react-dom@18.3.1_react@18.3.1__react@18.3.1/node_modules/next/dist/compiled/next-server/pages-api.runtime.prod.js:20:19237)
    at async NextNodeServer.runApi (/app/node_modules/.pnpm/next@15.3.1_react-dom@18.3.1_react@18.3.1__react@18.3.1/node_modules/next/dist/server/next-server.js:671:9)
    at async NextNodeServer.handleCatchallRenderRequest (/app/node_modules/.pnpm/next@15.3.1_react-dom@18.3.1_react@18.3.1__react@18.3.1/node_modules/next/dist/server/next-server.js:302:37)
[2025-06-22T18:56:08.734Z] error: <servicesProxy> TypeError: t[a].forEach is not a function
    at /app/.next/server/chunks/7325.js:1:4992
    at Array.map (<anonymous>)
    at e (/app/.next/server/chunks/7325.js:1:4938)
    at y (/app/.next/server/chunks/7325.js:1:5307)
    at async b (/app/.next/server/chunks/7325.js:1:7395)
    at async A (/app/.next/server/chunks/7325.js:1:7674)
    at async u (/app/.next/server/pages/api/services/proxy.js:25:30657)
    at async X (/app/node_modules/.pnpm/next@15.3.1_react-dom@18.3.1_react@18.3.1__react@18.3.1/node_modules/next/dist/compiled/next-server/pages-api.runtime.prod.js:20:18441)
    at async z.render (/app/node_modules/.pnpm/next@15.3.1_react-dom@18.3.1_react@18.3.1__react@18.3.1/node_modules/next/dist/compiled/next-server/pages-api.runtime.prod.js:20:19237)
    at async NextNodeServer.runApi (/app/node_modules/.pnpm/next@15.3.1_react-dom@18.3.1_react@18.3.1__react@18.3.1/node_modules/next/dist/server/next-server.js:671:9)
[2025-06-22T18:56:08.735Z] error: <servicesProxy> TypeError: t[a].forEach is not a function
    at /app/.next/server/chunks/7325.js:1:4992
    at Array.map (<anonymous>)
    at e (/app/.next/server/chunks/7325.js:1:4938)
    at y (/app/.next/server/chunks/7325.js:1:5307)
    at async b (/app/.next/server/chunks/7325.js:1:7395)
    at async A (/app/.next/server/chunks/7325.js:1:7674)
    at async u (/app/.next/server/pages/api/services/proxy.js:25:30657)
    at async X (/app/node_modules/.pnpm/next@15.3.1_react-dom@18.3.1_react@18.3.1__react@18.3.1/node_modules/next/dist/compiled/next-server/pages-api.runtime.prod.js:20:18441)
    at async z.render (/app/node_modules/.pnpm/next@15.3.1_react-dom@18.3.1_react@18.3.1__react@18.3.1/node_modules/next/dist/compiled/next-server/pages-api.runtime.prod.js:20:19237)
    at async NextNodeServer.runApi (/app/node_modules/.pnpm/next@15.3.1_react-dom@18.3.1_react@18.3.1__react@18.3.1/node_modules/next/dist/server/next-server.js:671:9)
[2025-06-22T18:56:08.736Z] error: <servicesProxy> TypeError: t[a].forEach is not a function
    at /app/.next/server/chunks/7325.js:1:4992
    at Array.map (<anonymous>)
    at e (/app/.next/server/chunks/7325.js:1:4938)
    at y (/app/.next/server/chunks/7325.js:1:5307)
    at async b (/app/.next/server/chunks/7325.js:1:7395)
    at async A (/app/.next/server/chunks/7325.js:1:7674)
    at async u (/app/.next/server/pages/api/services/proxy.js:25:30657)
    at async X (/app/node_modules/.pnpm/next@15.3.1_react-dom@18.3.1_react@18.3.1__react@18.3.1/node_modules/next/dist/compiled/next-server/pages-api.runtime.prod.js:20:18441)
    at async z.render (/app/node_modules/.pnpm/next@15.3.1_react-dom@18.3.1_react@18.3.1__react@18.3.1/node_modules/next/dist/compiled/next-server/pages-api.runtime.prod.js:20:19237)
    at async NextNodeServer.runApi (/app/node_modules/.pnpm/next@15.3.1_react-dom@18.3.1_react@18.3.1__react@18.3.1/node_modules/next/dist/server/next-server.js:671:9)
[2025-06-22T18:56:08.738Z] error: <servicesProxy> TypeError: t[a].forEach is not a function
    at /app/.next/server/chunks/7325.js:1:4992
    at Array.map (<anonymous>)
    at e (/app/.next/server/chunks/7325.js:1:4938)
    at y (/app/.next/server/chunks/7325.js:1:5307)
    at async b (/app/.next/server/chunks/7325.js:1:7395)
    at async A (/app/.next/server/chunks/7325.js:1:7674)
    at async u (/app/.next/server/pages/api/services/proxy.js:25:30657)
    at async X (/app/node_modules/.pnpm/next@15.3.1_react-dom@18.3.1_react@18.3.1__react@18.3.1/node_modules/next/dist/compiled/next-server/pages-api.runtime.prod.js:20:18441)
    at async z.render (/app/node_modules/.pnpm/next@15.3.1_react-dom@18.3.1_react@18.3.1__react@18.3.1/node_modules/next/dist/compiled/next-server/pages-api.runtime.prod.js:20:19237)
    at async NextNodeServer.runApi (/app/node_modules/.pnpm/next@15.3.1_react-dom@18.3.1_react@18.3.1__react@18.3.1/node_modules/next/dist/server/next-server.js:671:9)
[2025-06-22T18:56:08.739Z] error: <servicesProxy> TypeError: t[a].forEach is not a function
    at /app/.next/server/chunks/7325.js:1:4992
    at Array.map (<anonymous>)
    at e (/app/.next/server/chunks/7325.js:1:4938)
    at y (/app/.next/server/chunks/7325.js:1:5307)
    at async b (/app/.next/server/chunks/7325.js:1:7395)
    at async A (/app/.next/server/chunks/7325.js:1:7674)
    at async u (/app/.next/server/pages/api/services/proxy.js:25:30657)
    at async X (/app/node_modules/.pnpm/next@15.3.1_react-dom@18.3.1_react@18.3.1__react@18.3.1/node_modules/next/dist/compiled/next-server/pages-api.runtime.prod.js:20:18441)
    at async z.render (/app/node_modules/.pnpm/next@15.3.1_react-dom@18.3.1_react@18.3.1__react@18.3.1/node_modules/next/dist/compiled/next-server/pages-api.runtime.prod.js:20:19237)
    at async NextNodeServer.runApi (/app/node_modules/.pnpm/next@15.3.1_react-dom@18.3.1_react@18.3.1__react@18.3.1/node_modules/next/dist/server/next-server.js:671:9)
[2025-06-22T18:56:08.741Z] error: <servicesProxy> TypeError: t[a].forEach is not a function
    at /app/.next/server/chunks/7325.js:1:4992
    at Array.map (<anonymous>)
    at e (/app/.next/server/chunks/7325.js:1:4938)
    at y (/app/.next/server/chunks/7325.js:1:5307)
    at async b (/app/.next/server/chunks/7325.js:1:7395)
    at async A (/app/.next/server/chunks/7325.js:1:7674)
    at async u (/app/.next/server/pages/api/services/proxy.js:25:30657)
    at async X (/app/node_modules/.pnpm/next@15.3.1_react-dom@18.3.1_react@18.3.1__react@18.3.1/node_modules/next/dist/compiled/next-server/pages-api.runtime.prod.js:20:18441)
    at async z.render (/app/node_modules/.pnpm/next@15.3.1_react-dom@18.3.1_react@18.3.1__react@18.3.1/node_modules/next/dist/compiled/next-server/pages-api.runtime.prod.js:20:19237)
    at async NextNodeServer.runApi (/app/node_modules/.pnpm/next@15.3.1_react-dom@18.3.1_react@18.3.1__react@18.3.1/node_modules/next/dist/server/next-server.js:671:9)
[2025-06-22T18:56:08.742Z] error: <servicesProxy> TypeError: t[a].forEach is not a function
    at /app/.next/server/chunks/7325.js:1:4992
    at Array.map (<anonymous>)
    at e (/app/.next/server/chunks/7325.js:1:4938)
    at y (/app/.next/server/chunks/7325.js:1:5307)
    at async b (/app/.next/server/chunks/7325.js:1:7395)
    at async A (/app/.next/server/chunks/7325.js:1:7674)
    at async u (/app/.next/server/pages/api/services/proxy.js:25:30657)
    at async X (/app/node_modules/.pnpm/next@15.3.1_react-dom@18.3.1_react@18.3.1__react@18.3.1/node_modules/next/dist/compiled/next-server/pages-api.runtime.prod.js:20:18441)
    at async z.render (/app/node_modules/.pnpm/next@15.3.1_react-dom@18.3.1_react@18.3.1__react@18.3.1/node_modules/next/dist/compiled/next-server/pages-api.runtime.prod.js:20:19237)
    at async NextNodeServer.runApi (/app/node_modules/.pnpm/next@15.3.1_react-dom@18.3.1_react@18.3.1__react@18.3.1/node_modules/next/dist/server/next-server.js:671:9)
[2025-06-22T18:56:08.743Z] error: <servicesProxy> TypeError: t[a].forEach is not a function
    at /app/.next/server/chunks/7325.js:1:4992
    at Array.map (<anonymous>)
    at e (/app/.next/server/chunks/7325.js:1:4938)
    at y (/app/.next/server/chunks/7325.js:1:5307)
    at async b (/app/.next/server/chunks/7325.js:1:7395)
    at async A (/app/.next/server/chunks/7325.js:1:7674)
    at async u (/app/.next/server/pages/api/services/proxy.js:25:30657)
    at async X (/app/node_modules/.pnpm/next@15.3.1_react-dom@18.3.1_react@18.3.1__react@18.3.1/node_modules/next/dist/compiled/next-server/pages-api.runtime.prod.js:20:18441)
    at async z.render (/app/node_modules/.pnpm/next@15.3.1_react-dom@18.3.1_react@18.3.1__react@18.3.1/node_modules/next/dist/compiled/next-server/pages-api.runtime.prod.js:20:19237)
    at async NextNodeServer.runApi (/app/node_modules/.pnpm/next@15.3.1_react-dom@18.3.1_react@18.3.1__react@18.3.1/node_modules/next/dist/server/next-server.js:671:9)
[2025-06-22T18:56:08.744Z] error: <servicesProxy> TypeError: t[a].forEach is not a function
    at /app/.next/server/chunks/7325.js:1:4992
    at Array.map (<anonymous>)
    at e (/app/.next/server/chunks/7325.js:1:4938)
    at y (/app/.next/server/chunks/7325.js:1:5307)
    at async b (/app/.next/server/chunks/7325.js:1:7395)
    at async A (/app/.next/server/chunks/7325.js:1:7674)
    at async u (/app/.next/server/pages/api/services/proxy.js:25:30657)
    at async X (/app/node_modules/.pnpm/next@15.3.1_react-dom@18.3.1_react@18.3.1__react@18.3.1/node_modules/next/dist/compiled/next-server/pages-api.runtime.prod.js:20:18441)
    at async z.render (/app/node_modules/.pnpm/next@15.3.1_react-dom@18.3.1_react@18.3.1__react@18.3.1/node_modules/next/dist/compiled/next-server/pages-api.runtime.prod.js:20:19237)
    at async NextNodeServer.runApi (/app/node_modules/.pnpm/next@15.3.1_react-dom@18.3.1_react@18.3.1__react@18.3.1/node_modules/next/dist/server/next-server.js:671:9)
[2025-06-22T18:56:08.746Z] error: <servicesProxy> TypeError: t[a].forEach is not a function
    at /app/.next/server/chunks/7325.js:1:4992
    at Array.map (<anonymous>)
    at e (/app/.next/server/chunks/7325.js:1:4938)
    at y (/app/.next/server/chunks/7325.js:1:5307)
    at async b (/app/.next/server/chunks/7325.js:1:7395)
    at async A (/app/.next/server/chunks/7325.js:1:7674)
    at async u (/app/.next/server/pages/api/services/proxy.js:25:30657)
    at async X (/app/node_modules/.pnpm/next@15.3.1_react-dom@18.3.1_react@18.3.1__react@18.3.1/node_modules/next/dist/compiled/next-server/pages-api.runtime.prod.js:20:18441)
    at async z.render (/app/node_modules/.pnpm/next@15.3.1_react-dom@18.3.1_react@18.3.1__react@18.3.1/node_modules/next/dist/compiled/next-server/pages-api.runtime.prod.js:20:19237)
    at async NextNodeServer.runApi (/app/node_modules/.pnpm/next@15.3.1_react-dom@18.3.1_react@18.3.1__react@18.3.1/node_modules/next/dist/server/next-server.js:671:9)
[2025-06-22T18:56:08.747Z] error: <servicesProxy> TypeError: t[a].forEach is not a function
    at /app/.next/server/chunks/7325.js:1:4992
    at Array.map (<anonymous>)
    at e (/app/.next/server/chunks/7325.js:1:4938)
    at y (/app/.next/server/chunks/7325.js:1:5307)
    at async b (/app/.next/server/chunks/7325.js:1:7395)
    at async A (/app/.next/server/chunks/7325.js:1:7674)
    at async u (/app/.next/server/pages/api/services/proxy.js:25:30657)
    at async X (/app/node_modules/.pnpm/next@15.3.1_react-dom@18.3.1_react@18.3.1__react@18.3.1/node_modules/next/dist/compiled/next-server/pages-api.runtime.prod.js:20:18441)
    at async z.render (/app/node_modules/.pnpm/next@15.3.1_react-dom@18.3.1_react@18.3.1__react@18.3.1/node_modules/next/dist/compiled/next-server/pages-api.runtime.prod.js:20:19237)
    at async NextNodeServer.runApi (/app/node_modules/.pnpm/next@15.3.1_react-dom@18.3.1_react@18.3.1__react@18.3.1/node_modules/next/dist/server/next-server.js:671:9)
[2025-06-22T18:56:08.748Z] error: <servicesProxy> TypeError: t[a].forEach is not a function
    at /app/.next/server/chunks/7325.js:1:4992
    at Array.map (<anonymous>)
    at e (/app/.next/server/chunks/7325.js:1:4938)
    at y (/app/.next/server/chunks/7325.js:1:5307)
    at async b (/app/.next/server/chunks/7325.js:1:7395)
    at async A (/app/.next/server/chunks/7325.js:1:7674)
    at async u (/app/.next/server/pages/api/services/proxy.js:25:30657)
    at async X (/app/node_modules/.pnpm/next@15.3.1_react-dom@18.3.1_react@18.3.1__react@18.3.1/node_modules/next/dist/compiled/next-server/pages-api.runtime.prod.js:20:18441)
    at async z.render (/app/node_modules/.pnpm/next@15.3.1_react-dom@18.3.1_react@18.3.1__react@18.3.1/node_modules/next/dist/compiled/next-server/pages-api.runtime.prod.js:20:19237)
    at async NextNodeServer.runApi (/app/node_modules/.pnpm/next@15.3.1_react-dom@18.3.1_react@18.3.1__react@18.3.1/node_modules/next/dist/server/next-server.js:671:9)
[2025-06-22T18:56:08.749Z] error: <servicesProxy> TypeError: t[a].forEach is not a function
    at /app/.next/server/chunks/7325.js:1:4992
    at Array.map (<anonymous>)
    at e (/app/.next/server/chunks/7325.js:1:4938)
    at y (/app/.next/server/chunks/7325.js:1:5307)
    at async b (/app/.next/server/chunks/7325.js:1:7395)
    at async A (/app/.next/server/chunks/7325.js:1:7674)
    at async u (/app/.next/server/pages/api/services/proxy.js:25:30657)
    at async X (/app/node_modules/.pnpm/next@15.3.1_react-dom@18.3.1_react@18.3.1__react@18.3.1/node_modules/next/dist/compiled/next-server/pages-api.runtime.prod.js:20:18441)
    at async z.render (/app/node_modules/.pnpm/next@15.3.1_react-dom@18.3.1_react@18.3.1__react@18.3.1/node_modules/next/dist/compiled/next-server/pages-api.runtime.prod.js:20:19237)
    at async NextNodeServer.runApi (/app/node_modules/.pnpm/next@15.3.1_react-dom@18.3.1_react@18.3.1__react@18.3.1/node_modules/next/dist/server/next-server.js:671:9)
[2025-06-22T18:56:08.750Z] error: <servicesProxy> TypeError: t[a].forEach is not a function
    at /app/.next/server/chunks/7325.js:1:4992
    at Array.map (<anonymous>)
    at e (/app/.next/server/chunks/7325.js:1:4938)
    at y (/app/.next/server/chunks/7325.js:1:5307)
    at async b (/app/.next/server/chunks/7325.js:1:7395)
    at async A (/app/.next/server/chunks/7325.js:1:7674)
    at async u (/app/.next/server/pages/api/services/proxy.js:25:30657)
    at async X (/app/node_modules/.pnpm/next@15.3.1_react-dom@18.3.1_react@18.3.1__react@18.3.1/node_modules/next/dist/compiled/next-server/pages-api.runtime.prod.js:20:18441)
    at async z.render (/app/node_modules/.pnpm/next@15.3.1_react-dom@18.3.1_react@18.3.1__react@18.3.1/node_modules/next/dist/compiled/next-server/pages-api.runtime.prod.js:20:19237)
    at async NextNodeServer.runApi (/app/node_modules/.pnpm/next@15.3.1_react-dom@18.3.1_react@18.3.1__react@18.3.1/node_modules/next/dist/server/next-server.js:671:9)
[2025-06-22T18:56:08.752Z] error: <servicesProxy> TypeError: t[a].forEach is not a function
    at /app/.next/server/chunks/7325.js:1:4992
    at Array.map (<anonymous>)
    at e (/app/.next/server/chunks/7325.js:1:4938)
    at y (/app/.next/server/chunks/7325.js:1:5307)
    at async b (/app/.next/server/chunks/7325.js:1:7395)
    at async A (/app/.next/server/chunks/7325.js:1:7674)
    at async u (/app/.next/server/pages/api/services/proxy.js:25:30657)
    at async X (/app/node_modules/.pnpm/next@15.3.1_react-dom@18.3.1_react@18.3.1__react@18.3.1/node_modules/next/dist/compiled/next-server/pages-api.runtime.prod.js:20:18441)
    at async z.render (/app/node_modules/.pnpm/next@15.3.1_react-dom@18.3.1_react@18.3.1__react@18.3.1/node_modules/next/dist/compiled/next-server/pages-api.runtime.prod.js:20:19237)
    at async NextNodeServer.runApi (/app/node_modules/.pnpm/next@15.3.1_react-dom@18.3.1_react@18.3.1__react@18.3.1/node_modules/next/dist/server/next-server.js:671:9)
[2025-06-22T18:56:08.753Z] error: Failed to load services.yaml, please check for errors
[2025-06-22T18:56:08.753Z] error: TypeError: t[a].forEach is not a function
[2025-06-22T18:56:08.769Z] error: Failed to load services.yaml, please check for errors
[2025-06-22T18:56:08.769Z] error: TypeError: t[r].forEach is not a function
[2025-06-22T18:56:08.897Z] error: Failed to load services.yaml, please check for errors
[2025-06-22T18:56:08.897Z] error: TypeError: t[a].forEach is not a function
[2025-06-22T19:10:31.424Z] error: <servicesProxy> TypeError: t[a].forEach is not a function
    at /app/.next/server/chunks/7325.js:1:4992
    at Array.map (<anonymous>)
    at e (/app/.next/server/chunks/7325.js:1:4938)
    at y (/app/.next/server/chunks/7325.js:1:5307)
    at async b (/app/.next/server/chunks/7325.js:1:7395)
    at async A (/app/.next/server/chunks/7325.js:1:7674)
    at async u (/app/.next/server/pages/api/services/proxy.js:25:30657)
    at async X (/app/node_modules/.pnpm/next@15.3.1_react-dom@18.3.1_react@18.3.1__react@18.3.1/node_modules/next/dist/compiled/next-server/pages-api.runtime.prod.js:20:18441)
    at async z.render (/app/node_modules/.pnpm/next@15.3.1_react-dom@18.3.1_react@18.3.1__react@18.3.1/node_modules/next/dist/compiled/next-server/pages-api.runtime.prod.js:20:19237)
    at async NextNodeServer.runApi (/app/node_modules/.pnpm/next@15.3.1_react-dom@18.3.1_react@18.3.1__react@18.3.1/node_modules/next/dist/server/next-server.js:671:9)
[2025-06-22T19:10:31.424Z] error: <servicesProxy> TypeError: t[a].forEach is not a function
    at /app/.next/server/chunks/7325.js:1:4992
    at Array.map (<anonymous>)
    at e (/app/.next/server/chunks/7325.js:1:4938)
    at y (/app/.next/server/chunks/7325.js:1:5307)
    at async b (/app/.next/server/chunks/7325.js:1:7395)
    at async A (/app/.next/server/chunks/7325.js:1:7674)
    at async u (/app/.next/server/pages/api/services/proxy.js:25:30657)
    at async X (/app/node_modules/.pnpm/next@15.3.1_react-dom@18.3.1_react@18.3.1__react@18.3.1/node_modules/next/dist/compiled/next-server/pages-api.runtime.prod.js:20:18441)
    at async z.render (/app/node_modules/.pnpm/next@15.3.1_react-dom@18.3.1_react@18.3.1__react@18.3.1/node_modules/next/dist/compiled/next-server/pages-api.runtime.prod.js:20:19237)
    at async NextNodeServer.runApi (/app/node_modules/.pnpm/next@15.3.1_react-dom@18.3.1_react@18.3.1__react@18.3.1/node_modules/next/dist/server/next-server.js:671:9)
[2025-06-22T19:10:31.425Z] error: <servicesProxy> TypeError: t[a].forEach is not a function
    at /app/.next/server/chunks/7325.js:1:4992
    at Array.map (<anonymous>)
    at e (/app/.next/server/chunks/7325.js:1:4938)
    at y (/app/.next/server/chunks/7325.js:1:5307)
    at async b (/app/.next/server/chunks/7325.js:1:7395)
    at async A (/app/.next/server/chunks/7325.js:1:7674)
    at async u (/app/.next/server/pages/api/services/proxy.js:25:30657)
    at async X (/app/node_modules/.pnpm/next@15.3.1_react-dom@18.3.1_react@18.3.1__react@18.3.1/node_modules/next/dist/compiled/next-server/pages-api.runtime.prod.js:20:18441)
    at async z.render (/app/node_modules/.pnpm/next@15.3.1_react-dom@18.3.1_react@18.3.1__react@18.3.1/node_modules/next/dist/compiled/next-server/pages-api.runtime.prod.js:20:19237)
    at async NextNodeServer.runApi (/app/node_modules/.pnpm/next@15.3.1_react-dom@18.3.1_react@18.3.1__react@18.3.1/node_modules/next/dist/server/next-server.js:671:9)
[2025-06-22T19:10:31.426Z] error: <servicesProxy> TypeError: t[a].forEach is not a function
    at /app/.next/server/chunks/7325.js:1:4992
    at Array.map (<anonymous>)
    at e (/app/.next/server/chunks/7325.js:1:4938)
    at y (/app/.next/server/chunks/7325.js:1:5307)
    at async b (/app/.next/server/chunks/7325.js:1:7395)
    at async A (/app/.next/server/chunks/7325.js:1:7674)
    at async u (/app/.next/server/pages/api/services/proxy.js:25:30657)
    at async X (/app/node_modules/.pnpm/next@15.3.1_react-dom@18.3.1_react@18.3.1__react@18.3.1/node_modules/next/dist/compiled/next-server/pages-api.runtime.prod.js:20:18441)
    at async z.render (/app/node_modules/.pnpm/next@15.3.1_react-dom@18.3.1_react@18.3.1__react@18.3.1/node_modules/next/dist/compiled/next-server/pages-api.runtime.prod.js:20:19237)
    at async NextNodeServer.runApi (/app/node_modules/.pnpm/next@15.3.1_react-dom@18.3.1_react@18.3.1__react@18.3.1/node_modules/next/dist/server/next-server.js:671:9)
[2025-06-22T19:10:31.427Z] error: <servicesProxy> TypeError: t[a].forEach is not a function
    at /app/.next/server/chunks/7325.js:1:4992
    at Array.map (<anonymous>)
    at e (/app/.next/server/chunks/7325.js:1:4938)
    at y (/app/.next/server/chunks/7325.js:1:5307)
    at async b (/app/.next/server/chunks/7325.js:1:7395)
    at async A (/app/.next/server/chunks/7325.js:1:7674)
    at async u (/app/.next/server/pages/api/services/proxy.js:25:30657)
    at async X (/app/node_modules/.pnpm/next@15.3.1_react-dom@18.3.1_react@18.3.1__react@18.3.1/node_modules/next/dist/compiled/next-server/pages-api.runtime.prod.js:20:18441)
    at async z.render (/app/node_modules/.pnpm/next@15.3.1_react-dom@18.3.1_react@18.3.1__react@18.3.1/node_modules/next/dist/compiled/next-server/pages-api.runtime.prod.js:20:19237)
    at async NextNodeServer.runApi (/app/node_modules/.pnpm/next@15.3.1_react-dom@18.3.1_react@18.3.1__react@18.3.1/node_modules/next/dist/server/next-server.js:671:9)
[2025-06-22T19:10:31.429Z] error: <servicesProxy> TypeError: t[a].forEach is not a function
    at /app/.next/server/chunks/7325.js:1:4992
    at Array.map (<anonymous>)
    at e (/app/.next/server/chunks/7325.js:1:4938)
    at y (/app/.next/server/chunks/7325.js:1:5307)
    at async b (/app/.next/server/chunks/7325.js:1:7395)
    at async A (/app/.next/server/chunks/7325.js:1:7674)
    at async u (/app/.next/server/pages/api/services/proxy.js:25:30657)
    at async X (/app/node_modules/.pnpm/next@15.3.1_react-dom@18.3.1_react@18.3.1__react@18.3.1/node_modules/next/dist/compiled/next-server/pages-api.runtime.prod.js:20:18441)
    at async z.render (/app/node_modules/.pnpm/next@15.3.1_react-dom@18.3.1_react@18.3.1__react@18.3.1/node_modules/next/dist/compiled/next-server/pages-api.runtime.prod.js:20:19237)
    at async NextNodeServer.runApi (/app/node_modules/.pnpm/next@15.3.1_react-dom@18.3.1_react@18.3.1__react@18.3.1/node_modules/next/dist/server/next-server.js:671:9)
[2025-06-22T19:10:31.430Z] error: <servicesProxy> TypeError: t[a].forEach is not a function
    at /app/.next/server/chunks/7325.js:1:4992
    at Array.map (<anonymous>)
    at e (/app/.next/server/chunks/7325.js:1:4938)
    at y (/app/.next/server/chunks/7325.js:1:5307)
    at async b (/app/.next/server/chunks/7325.js:1:7395)
    at async A (/app/.next/server/chunks/7325.js:1:7674)
    at async u (/app/.next/server/pages/api/services/proxy.js:25:30657)
    at async X (/app/node_modules/.pnpm/next@15.3.1_react-dom@18.3.1_react@18.3.1__react@18.3.1/node_modules/next/dist/compiled/next-server/pages-api.runtime.prod.js:20:18441)
    at async z.render (/app/node_modules/.pnpm/next@15.3.1_react-dom@18.3.1_react@18.3.1__react@18.3.1/node_modules/next/dist/compiled/next-server/pages-api.runtime.prod.js:20:19237)
    at async NextNodeServer.runApi (/app/node_modules/.pnpm/next@15.3.1_react-dom@18.3.1_react@18.3.1__react@18.3.1/node_modules/next/dist/server/next-server.js:671:9)
[2025-06-22T19:10:31.431Z] error: <servicesProxy> TypeError: t[a].forEach is not a function
    at /app/.next/server/chunks/7325.js:1:4992
    at Array.map (<anonymous>)
    at e (/app/.next/server/chunks/7325.js:1:4938)
    at y (/app/.next/server/chunks/7325.js:1:5307)
    at async b (/app/.next/server/chunks/7325.js:1:7395)
    at async A (/app/.next/server/chunks/7325.js:1:7674)
    at async u (/app/.next/server/pages/api/services/proxy.js:25:30657)
    at async X (/app/node_modules/.pnpm/next@15.3.1_react-dom@18.3.1_react@18.3.1__react@18.3.1/node_modules/next/dist/compiled/next-server/pages-api.runtime.prod.js:20:18441)
    at async z.render (/app/node_modules/.pnpm/next@15.3.1_react-dom@18.3.1_react@18.3.1__react@18.3.1/node_modules/next/dist/compiled/next-server/pages-api.runtime.prod.js:20:19237)
    at async NextNodeServer.runApi (/app/node_modules/.pnpm/next@15.3.1_react-dom@18.3.1_react@18.3.1__react@18.3.1/node_modules/next/dist/server/next-server.js:671:9)
[2025-06-22T19:10:31.432Z] error: <servicesProxy> TypeError: t[a].forEach is not a function
    at /app/.next/server/chunks/7325.js:1:4992
    at Array.map (<anonymous>)
    at e (/app/.next/server/chunks/7325.js:1:4938)
    at y (/app/.next/server/chunks/7325.js:1:5307)
    at async b (/app/.next/server/chunks/7325.js:1:7395)
    at async A (/app/.next/server/chunks/7325.js:1:7674)
    at async u (/app/.next/server/pages/api/services/proxy.js:25:30657)
    at async X (/app/node_modules/.pnpm/next@15.3.1_react-dom@18.3.1_react@18.3.1__react@18.3.1/node_modules/next/dist/compiled/next-server/pages-api.runtime.prod.js:20:18441)
    at async z.render (/app/node_modules/.pnpm/next@15.3.1_react-dom@18.3.1_react@18.3.1__react@18.3.1/node_modules/next/dist/compiled/next-server/pages-api.runtime.prod.js:20:19237)
    at async NextNodeServer.runApi (/app/node_modules/.pnpm/next@15.3.1_react-dom@18.3.1_react@18.3.1__react@18.3.1/node_modules/next/dist/server/next-server.js:671:9)
[2025-06-22T19:10:31.433Z] error: <servicesProxy> TypeError: t[a].forEach is not a function
    at /app/.next/server/chunks/7325.js:1:4992
    at Array.map (<anonymous>)
    at e (/app/.next/server/chunks/7325.js:1:4938)
    at y (/app/.next/server/chunks/7325.js:1:5307)
    at async b (/app/.next/server/chunks/7325.js:1:7395)
    at async A (/app/.next/server/chunks/7325.js:1:7674)
    at async u (/app/.next/server/pages/api/services/proxy.js:25:30657)
    at async X (/app/node_modules/.pnpm/next@15.3.1_react-dom@18.3.1_react@18.3.1__react@18.3.1/node_modules/next/dist/compiled/next-server/pages-api.runtime.prod.js:20:18441)
    at async z.render (/app/node_modules/.pnpm/next@15.3.1_react-dom@18.3.1_react@18.3.1__react@18.3.1/node_modules/next/dist/compiled/next-server/pages-api.runtime.prod.js:20:19237)
    at async NextNodeServer.runApi (/app/node_modules/.pnpm/next@15.3.1_react-dom@18.3.1_react@18.3.1__react@18.3.1/node_modules/next/dist/server/next-server.js:671:9)
[2025-06-22T19:10:31.438Z] error: <servicesProxy> TypeError: t[a].forEach is not a function
    at /app/.next/server/chunks/7325.js:1:4992
    at Array.map (<anonymous>)
    at e (/app/.next/server/chunks/7325.js:1:4938)
    at y (/app/.next/server/chunks/7325.js:1:5307)
    at async b (/app/.next/server/chunks/7325.js:1:7395)
    at async A (/app/.next/server/chunks/7325.js:1:7674)
    at async u (/app/.next/server/pages/api/services/proxy.js:25:30657)
    at async X (/app/node_modules/.pnpm/next@15.3.1_react-dom@18.3.1_react@18.3.1__react@18.3.1/node_modules/next/dist/compiled/next-server/pages-api.runtime.prod.js:20:18441)
    at async z.render (/app/node_modules/.pnpm/next@15.3.1_react-dom@18.3.1_react@18.3.1__react@18.3.1/node_modules/next/dist/compiled/next-server/pages-api.runtime.prod.js:20:19237)
    at async NextNodeServer.runApi (/app/node_modules/.pnpm/next@15.3.1_react-dom@18.3.1_react@18.3.1__react@18.3.1/node_modules/next/dist/server/next-server.js:671:9)
[2025-06-22T19:10:31.440Z] error: Failed to load services.yaml, please check for errors
[2025-06-22T19:10:31.441Z] error: TypeError: t[a].forEach is not a function
[2025-06-22T19:10:31.442Z] error: undefined
[2025-06-22T19:10:31.442Z] error: TypeError: t[a].forEach is not a function
    at /app/.next/server/chunks/7325.js:1:4992
    at Array.map (<anonymous>)
    at e (/app/.next/server/chunks/7325.js:1:4938)
    at y (/app/.next/server/chunks/7325.js:1:5307)
    at async b (/app/.next/server/chunks/7325.js:1:7395)
    at async u (/app/.next/server/pages/api/ping.js:1:883)
    at async X (/app/node_modules/.pnpm/next@15.3.1_react-dom@18.3.1_react@18.3.1__react@18.3.1/node_modules/next/dist/compiled/next-server/pages-api.runtime.prod.js:20:18441)
    at async z.render (/app/node_modules/.pnpm/next@15.3.1_react-dom@18.3.1_react@18.3.1__react@18.3.1/node_modules/next/dist/compiled/next-server/pages-api.runtime.prod.js:20:19237)
    at async NextNodeServer.runApi (/app/node_modules/.pnpm/next@15.3.1_react-dom@18.3.1_react@18.3.1__react@18.3.1/node_modules/next/dist/server/next-server.js:671:9)
    at async NextNodeServer.handleCatchallRenderRequest (/app/node_modules/.pnpm/next@15.3.1_react-dom@18.3.1_react@18.3.1__react@18.3.1/node_modules/next/dist/server/next-server.js:302:37)
[2025-06-22T19:10:31.444Z] error: undefined
[2025-06-22T19:10:31.444Z] error: TypeError: t[a].forEach is not a function
    at /app/.next/server/chunks/7325.js:1:4992
    at Array.map (<anonymous>)
    at e (/app/.next/server/chunks/7325.js:1:4938)
    at y (/app/.next/server/chunks/7325.js:1:5307)
    at async b (/app/.next/server/chunks/7325.js:1:7395)
    at async u (/app/.next/server/pages/api/ping.js:1:883)
    at async X (/app/node_modules/.pnpm/next@15.3.1_react-dom@18.3.1_react@18.3.1__react@18.3.1/node_modules/next/dist/compiled/next-server/pages-api.runtime.prod.js:20:18441)
    at async z.render (/app/node_modules/.pnpm/next@15.3.1_react-dom@18.3.1_react@18.3.1__react@18.3.1/node_modules/next/dist/compiled/next-server/pages-api.runtime.prod.js:20:19237)
    at async NextNodeServer.runApi (/app/node_modules/.pnpm/next@15.3.1_react-dom@18.3.1_react@18.3.1__react@18.3.1/node_modules/next/dist/server/next-server.js:671:9)
    at async NextNodeServer.handleCatchallRenderRequest (/app/node_modules/.pnpm/next@15.3.1_react-dom@18.3.1_react@18.3.1__react@18.3.1/node_modules/next/dist/server/next-server.js:302:37)
[2025-06-22T19:10:31.447Z] error: undefined
[2025-06-22T19:10:31.447Z] error: TypeError: t[a].forEach is not a function
    at /app/.next/server/chunks/7325.js:1:4992
    at Array.map (<anonymous>)
    at e (/app/.next/server/chunks/7325.js:1:4938)
    at y (/app/.next/server/chunks/7325.js:1:5307)
    at async b (/app/.next/server/chunks/7325.js:1:7395)
    at async u (/app/.next/server/pages/api/ping.js:1:883)
    at async X (/app/node_modules/.pnpm/next@15.3.1_react-dom@18.3.1_react@18.3.1__react@18.3.1/node_modules/next/dist/compiled/next-server/pages-api.runtime.prod.js:20:18441)
    at async z.render (/app/node_modules/.pnpm/next@15.3.1_react-dom@18.3.1_react@18.3.1__react@18.3.1/node_modules/next/dist/compiled/next-server/pages-api.runtime.prod.js:20:19237)
    at async NextNodeServer.runApi (/app/node_modules/.pnpm/next@15.3.1_react-dom@18.3.1_react@18.3.1__react@18.3.1/node_modules/next/dist/server/next-server.js:671:9)
    at async NextNodeServer.handleCatchallRenderRequest (/app/node_modules/.pnpm/next@15.3.1_react-dom@18.3.1_react@18.3.1__react@18.3.1/node_modules/next/dist/server/next-server.js:302:37)
[2025-06-22T19:10:31.448Z] error: undefined
[2025-06-22T19:10:31.449Z] error: TypeError: t[a].forEach is not a function
    at /app/.next/server/chunks/7325.js:1:4992
    at Array.map (<anonymous>)
    at e (/app/.next/server/chunks/7325.js:1:4938)
    at y (/app/.next/server/chunks/7325.js:1:5307)
    at async b (/app/.next/server/chunks/7325.js:1:7395)
    at async u (/app/.next/server/pages/api/ping.js:1:883)
    at async X (/app/node_modules/.pnpm/next@15.3.1_react-dom@18.3.1_react@18.3.1__react@18.3.1/node_modules/next/dist/compiled/next-server/pages-api.runtime.prod.js:20:18441)
    at async z.render (/app/node_modules/.pnpm/next@15.3.1_react-dom@18.3.1_react@18.3.1__react@18.3.1/node_modules/next/dist/compiled/next-server/pages-api.runtime.prod.js:20:19237)
    at async NextNodeServer.runApi (/app/node_modules/.pnpm/next@15.3.1_react-dom@18.3.1_react@18.3.1__react@18.3.1/node_modules/next/dist/server/next-server.js:671:9)
    at async NextNodeServer.handleCatchallRenderRequest (/app/node_modules/.pnpm/next@15.3.1_react-dom@18.3.1_react@18.3.1__react@18.3.1/node_modules/next/dist/server/next-server.js:302:37)
[2025-06-22T19:10:31.452Z] error: undefined
[2025-06-22T19:10:31.453Z] error: TypeError: t[a].forEach is not a function
    at /app/.next/server/chunks/7325.js:1:4992
    at Array.map (<anonymous>)
    at e (/app/.next/server/chunks/7325.js:1:4938)
    at y (/app/.next/server/chunks/7325.js:1:5307)
    at async b (/app/.next/server/chunks/7325.js:1:7395)
    at async u (/app/.next/server/pages/api/ping.js:1:883)
    at async X (/app/node_modules/.pnpm/next@15.3.1_react-dom@18.3.1_react@18.3.1__react@18.3.1/node_modules/next/dist/compiled/next-server/pages-api.runtime.prod.js:20:18441)
    at async z.render (/app/node_modules/.pnpm/next@15.3.1_react-dom@18.3.1_react@18.3.1__react@18.3.1/node_modules/next/dist/compiled/next-server/pages-api.runtime.prod.js:20:19237)
    at async NextNodeServer.runApi (/app/node_modules/.pnpm/next@15.3.1_react-dom@18.3.1_react@18.3.1__react@18.3.1/node_modules/next/dist/server/next-server.js:671:9)
    at async NextNodeServer.handleCatchallRenderRequest (/app/node_modules/.pnpm/next@15.3.1_react-dom@18.3.1_react@18.3.1__react@18.3.1/node_modules/next/dist/server/next-server.js:302:37)
[2025-06-22T19:10:31.463Z] error: Failed to load services.yaml, please check for errors
[2025-06-22T19:10:31.463Z] error: TypeError: t[r].forEach is not a function
[2025-06-22T19:10:31.568Z] error: Failed to load services.yaml, please check for errors
[2025-06-22T19:10:31.568Z] error: TypeError: t[a].forEach is not a function
[2025-06-22T19:13:51.688Z] error: Failed to load services.yaml, please check for errors
[2025-06-22T19:13:51.688Z] error: TypeError: t[a].forEach is not a function
[2025-06-22T19:20:43.872Z] error: Failed to load services.yaml, please check for errors
[2025-06-22T19:20:43.873Z] error: TypeError: t[a].forEach is not a function
[2025-06-22T19:20:43.881Z] error: Failed to load services.yaml, please check for errors
[2025-06-22T19:20:43.882Z] error: TypeError: t[r].forEach is not a function
[2025-06-22T19:20:43.991Z] error: Failed to load services.yaml, please check for errors
[2025-06-22T19:20:43.991Z] error: TypeError: t[a].forEach is not a function
[2025-06-22T19:20:55.067Z] error: Failed to load services.yaml, please check for errors
[2025-06-22T19:20:55.068Z] error: TypeError: t[a].forEach is not a function
[2025-06-22T19:20:55.078Z] error: Failed to load services.yaml, please check for errors
[2025-06-22T19:20:55.078Z] error: TypeError: t[r].forEach is not a function
[2025-06-22T19:20:55.142Z] error: Failed to load services.yaml, please check for errors
[2025-06-22T19:20:55.142Z] error: TypeError: t[a].forEach is not a function
[2025-06-22T19:21:03.311Z] info: services.yaml was copied to the config folder
[2025-06-22T19:21:08.196Z] error: Failed to load services.yaml, please check for errors
[2025-06-22T19:21:08.196Z] error: TypeError: t[a].forEach is not a function
[2025-06-22T19:21:08.202Z] error: Failed to load services.yaml, please check for errors
[2025-06-22T19:21:08.202Z] error: TypeError: t[r].forEach is not a function
[2025-06-22T19:21:08.268Z] error: Failed to load services.yaml, please check for errors
[2025-06-22T19:21:08.268Z] error: TypeError: t[a].forEach is not a function
[2025-06-22T19:22:12.346Z] error: undefined
[2025-06-22T19:22:12.347Z] error: TypeError: t[a].forEach is not a function
    at /app/.next/server/chunks/7325.js:1:4992
    at Array.map (<anonymous>)
    at e (/app/.next/server/chunks/7325.js:1:4938)
    at y (/app/.next/server/chunks/7325.js:1:5307)
    at async b (/app/.next/server/chunks/7325.js:1:7395)
    at async u (/app/.next/server/pages/api/ping.js:1:883)
    at async X (/app/node_modules/.pnpm/next@15.3.1_react-dom@18.3.1_react@18.3.1__react@18.3.1/node_modules/next/dist/compiled/next-server/pages-api.runtime.prod.js:20:18441)
    at async z.render (/app/node_modules/.pnpm/next@15.3.1_react-dom@18.3.1_react@18.3.1__react@18.3.1/node_modules/next/dist/compiled/next-server/pages-api.runtime.prod.js:20:19237)
    at async NextNodeServer.runApi (/app/node_modules/.pnpm/next@15.3.1_react-dom@18.3.1_react@18.3.1__react@18.3.1/node_modules/next/dist/server/next-server.js:671:9)
    at async NextNodeServer.handleCatchallRenderRequest (/app/node_modules/.pnpm/next@15.3.1_react-dom@18.3.1_react@18.3.1__react@18.3.1/node_modules/next/dist/server/next-server.js:302:37)
[2025-06-22T19:22:12.348Z] error: undefined
[2025-06-22T19:22:12.349Z] error: TypeError: t[a].forEach is not a function
    at /app/.next/server/chunks/7325.js:1:4992
    at Array.map (<anonymous>)
    at e (/app/.next/server/chunks/7325.js:1:4938)
    at y (/app/.next/server/chunks/7325.js:1:5307)
    at async b (/app/.next/server/chunks/7325.js:1:7395)
    at async u (/app/.next/server/pages/api/ping.js:1:883)
    at async X (/app/node_modules/.pnpm/next@15.3.1_react-dom@18.3.1_react@18.3.1__react@18.3.1/node_modules/next/dist/compiled/next-server/pages-api.runtime.prod.js:20:18441)
    at async z.render (/app/node_modules/.pnpm/next@15.3.1_react-dom@18.3.1_react@18.3.1__react@18.3.1/node_modules/next/dist/compiled/next-server/pages-api.runtime.prod.js:20:19237)
    at async NextNodeServer.runApi (/app/node_modules/.pnpm/next@15.3.1_react-dom@18.3.1_react@18.3.1__react@18.3.1/node_modules/next/dist/server/next-server.js:671:9)
    at async NextNodeServer.handleCatchallRenderRequest (/app/node_modules/.pnpm/next@15.3.1_react-dom@18.3.1_react@18.3.1__react@18.3.1/node_modules/next/dist/server/next-server.js:302:37)
[2025-06-22T19:22:12.350Z] error: undefined
[2025-06-22T19:22:12.351Z] error: TypeError: t[a].forEach is not a function
    at /app/.next/server/chunks/7325.js:1:4992
    at Array.map (<anonymous>)
    at e (/app/.next/server/chunks/7325.js:1:4938)
    at y (/app/.next/server/chunks/7325.js:1:5307)
    at async b (/app/.next/server/chunks/7325.js:1:7395)
    at async u (/app/.next/server/pages/api/ping.js:1:883)
    at async X (/app/node_modules/.pnpm/next@15.3.1_react-dom@18.3.1_react@18.3.1__react@18.3.1/node_modules/next/dist/compiled/next-server/pages-api.runtime.prod.js:20:18441)
    at async z.render (/app/node_modules/.pnpm/next@15.3.1_react-dom@18.3.1_react@18.3.1__react@18.3.1/node_modules/next/dist/compiled/next-server/pages-api.runtime.prod.js:20:19237)
    at async NextNodeServer.runApi (/app/node_modules/.pnpm/next@15.3.1_react-dom@18.3.1_react@18.3.1__react@18.3.1/node_modules/next/dist/server/next-server.js:671:9)
    at async NextNodeServer.handleCatchallRenderRequest (/app/node_modules/.pnpm/next@15.3.1_react-dom@18.3.1_react@18.3.1__react@18.3.1/node_modules/next/dist/server/next-server.js:302:37)
[2025-06-22T19:22:12.352Z] error: undefined
[2025-06-22T19:22:12.353Z] error: TypeError: t[a].forEach is not a function
    at /app/.next/server/chunks/7325.js:1:4992
    at Array.map (<anonymous>)
    at e (/app/.next/server/chunks/7325.js:1:4938)
    at y (/app/.next/server/chunks/7325.js:1:5307)
    at async b (/app/.next/server/chunks/7325.js:1:7395)
    at async u (/app/.next/server/pages/api/ping.js:1:883)
    at async X (/app/node_modules/.pnpm/next@15.3.1_react-dom@18.3.1_react@18.3.1__react@18.3.1/node_modules/next/dist/compiled/next-server/pages-api.runtime.prod.js:20:18441)
    at async z.render (/app/node_modules/.pnpm/next@15.3.1_react-dom@18.3.1_react@18.3.1__react@18.3.1/node_modules/next/dist/compiled/next-server/pages-api.runtime.prod.js:20:19237)
    at async NextNodeServer.runApi (/app/node_modules/.pnpm/next@15.3.1_react-dom@18.3.1_react@18.3.1__react@18.3.1/node_modules/next/dist/server/next-server.js:671:9)
    at async NextNodeServer.handleCatchallRenderRequest (/app/node_modules/.pnpm/next@15.3.1_react-dom@18.3.1_react@18.3.1__react@18.3.1/node_modules/next/dist/server/next-server.js:302:37)
[2025-06-22T19:22:12.355Z] error: undefined
[2025-06-22T19:22:12.355Z] error: TypeError: t[a].forEach is not a function
    at /app/.next/server/chunks/7325.js:1:4992
    at Array.map (<anonymous>)
    at e (/app/.next/server/chunks/7325.js:1:4938)
    at y (/app/.next/server/chunks/7325.js:1:5307)
    at async b (/app/.next/server/chunks/7325.js:1:7395)
    at async u (/app/.next/server/pages/api/ping.js:1:883)
    at async X (/app/node_modules/.pnpm/next@15.3.1_react-dom@18.3.1_react@18.3.1__react@18.3.1/node_modules/next/dist/compiled/next-server/pages-api.runtime.prod.js:20:18441)
    at async z.render (/app/node_modules/.pnpm/next@15.3.1_react-dom@18.3.1_react@18.3.1__react@18.3.1/node_modules/next/dist/compiled/next-server/pages-api.runtime.prod.js:20:19237)
    at async NextNodeServer.runApi (/app/node_modules/.pnpm/next@15.3.1_react-dom@18.3.1_react@18.3.1__react@18.3.1/node_modules/next/dist/server/next-server.js:671:9)
    at async NextNodeServer.handleCatchallRenderRequest (/app/node_modules/.pnpm/next@15.3.1_react-dom@18.3.1_react@18.3.1__react@18.3.1/node_modules/next/dist/server/next-server.js:302:37)
[2025-06-22T19:22:12.357Z] error: <servicesProxy> TypeError: t[a].forEach is not a function
    at /app/.next/server/chunks/7325.js:1:4992
    at Array.map (<anonymous>)
    at e (/app/.next/server/chunks/7325.js:1:4938)
    at y (/app/.next/server/chunks/7325.js:1:5307)
    at async b (/app/.next/server/chunks/7325.js:1:7395)
    at async A (/app/.next/server/chunks/7325.js:1:7674)
    at async u (/app/.next/server/pages/api/services/proxy.js:25:30657)
    at async X (/app/node_modules/.pnpm/next@15.3.1_react-dom@18.3.1_react@18.3.1__react@18.3.1/node_modules/next/dist/compiled/next-server/pages-api.runtime.prod.js:20:18441)
    at async z.render (/app/node_modules/.pnpm/next@15.3.1_react-dom@18.3.1_react@18.3.1__react@18.3.1/node_modules/next/dist/compiled/next-server/pages-api.runtime.prod.js:20:19237)
    at async NextNodeServer.runApi (/app/node_modules/.pnpm/next@15.3.1_react-dom@18.3.1_react@18.3.1__react@18.3.1/node_modules/next/dist/server/next-server.js:671:9)
[2025-06-22T19:22:12.358Z] error: <servicesProxy> TypeError: t[a].forEach is not a function
    at /app/.next/server/chunks/7325.js:1:4992
    at Array.map (<anonymous>)
    at e (/app/.next/server/chunks/7325.js:1:4938)
    at y (/app/.next/server/chunks/7325.js:1:5307)
    at async b (/app/.next/server/chunks/7325.js:1:7395)
    at async A (/app/.next/server/chunks/7325.js:1:7674)
    at async u (/app/.next/server/pages/api/services/proxy.js:25:30657)
    at async X (/app/node_modules/.pnpm/next@15.3.1_react-dom@18.3.1_react@18.3.1__react@18.3.1/node_modules/next/dist/compiled/next-server/pages-api.runtime.prod.js:20:18441)
    at async z.render (/app/node_modules/.pnpm/next@15.3.1_react-dom@18.3.1_react@18.3.1__react@18.3.1/node_modules/next/dist/compiled/next-server/pages-api.runtime.prod.js:20:19237)
    at async NextNodeServer.runApi (/app/node_modules/.pnpm/next@15.3.1_react-dom@18.3.1_react@18.3.1__react@18.3.1/node_modules/next/dist/server/next-server.js:671:9)
[2025-06-22T19:22:12.360Z] error: <servicesProxy> TypeError: t[a].forEach is not a function
    at /app/.next/server/chunks/7325.js:1:4992
    at Array.map (<anonymous>)
    at e (/app/.next/server/chunks/7325.js:1:4938)
    at y (/app/.next/server/chunks/7325.js:1:5307)
    at async b (/app/.next/server/chunks/7325.js:1:7395)
    at async A (/app/.next/server/chunks/7325.js:1:7674)
    at async u (/app/.next/server/pages/api/services/proxy.js:25:30657)
    at async X (/app/node_modules/.pnpm/next@15.3.1_react-dom@18.3.1_react@18.3.1__react@18.3.1/node_modules/next/dist/compiled/next-server/pages-api.runtime.prod.js:20:18441)
    at async z.render (/app/node_modules/.pnpm/next@15.3.1_react-dom@18.3.1_react@18.3.1__react@18.3.1/node_modules/next/dist/compiled/next-server/pages-api.runtime.prod.js:20:19237)
    at async NextNodeServer.runApi (/app/node_modules/.pnpm/next@15.3.1_react-dom@18.3.1_react@18.3.1__react@18.3.1/node_modules/next/dist/server/next-server.js:671:9)
[2025-06-22T19:22:12.361Z] error: <servicesProxy> TypeError: t[a].forEach is not a function
    at /app/.next/server/chunks/7325.js:1:4992
    at Array.map (<anonymous>)
    at e (/app/.next/server/chunks/7325.js:1:4938)
    at y (/app/.next/server/chunks/7325.js:1:5307)
    at async b (/app/.next/server/chunks/7325.js:1:7395)
    at async A (/app/.next/server/chunks/7325.js:1:7674)
    at async u (/app/.next/server/pages/api/services/proxy.js:25:30657)
    at async X (/app/node_modules/.pnpm/next@15.3.1_react-dom@18.3.1_react@18.3.1__react@18.3.1/node_modules/next/dist/compiled/next-server/pages-api.runtime.prod.js:20:18441)
    at async z.render (/app/node_modules/.pnpm/next@15.3.1_react-dom@18.3.1_react@18.3.1__react@18.3.1/node_modules/next/dist/compiled/next-server/pages-api.runtime.prod.js:20:19237)
    at async NextNodeServer.runApi (/app/node_modules/.pnpm/next@15.3.1_react-dom@18.3.1_react@18.3.1__react@18.3.1/node_modules/next/dist/server/next-server.js:671:9)
[2025-06-22T19:22:12.362Z] error: <servicesProxy> TypeError: t[a].forEach is not a function
    at /app/.next/server/chunks/7325.js:1:4992
    at Array.map (<anonymous>)
    at e (/app/.next/server/chunks/7325.js:1:4938)
    at y (/app/.next/server/chunks/7325.js:1:5307)
    at async b (/app/.next/server/chunks/7325.js:1:7395)
    at async A (/app/.next/server/chunks/7325.js:1:7674)
    at async u (/app/.next/server/pages/api/services/proxy.js:25:30657)
    at async X (/app/node_modules/.pnpm/next@15.3.1_react-dom@18.3.1_react@18.3.1__react@18.3.1/node_modules/next/dist/compiled/next-server/pages-api.runtime.prod.js:20:18441)
    at async z.render (/app/node_modules/.pnpm/next@15.3.1_react-dom@18.3.1_react@18.3.1__react@18.3.1/node_modules/next/dist/compiled/next-server/pages-api.runtime.prod.js:20:19237)
    at async NextNodeServer.runApi (/app/node_modules/.pnpm/next@15.3.1_react-dom@18.3.1_react@18.3.1__react@18.3.1/node_modules/next/dist/server/next-server.js:671:9)
[2025-06-22T19:22:12.364Z] error: <servicesProxy> TypeError: t[a].forEach is not a function
    at /app/.next/server/chunks/7325.js:1:4992
    at Array.map (<anonymous>)
    at e (/app/.next/server/chunks/7325.js:1:4938)
    at y (/app/.next/server/chunks/7325.js:1:5307)
    at async b (/app/.next/server/chunks/7325.js:1:7395)
    at async A (/app/.next/server/chunks/7325.js:1:7674)
    at async u (/app/.next/server/pages/api/services/proxy.js:25:30657)
    at async X (/app/node_modules/.pnpm/next@15.3.1_react-dom@18.3.1_react@18.3.1__react@18.3.1/node_modules/next/dist/compiled/next-server/pages-api.runtime.prod.js:20:18441)
    at async z.render (/app/node_modules/.pnpm/next@15.3.1_react-dom@18.3.1_react@18.3.1__react@18.3.1/node_modules/next/dist/compiled/next-server/pages-api.runtime.prod.js:20:19237)
    at async NextNodeServer.runApi (/app/node_modules/.pnpm/next@15.3.1_react-dom@18.3.1_react@18.3.1__react@18.3.1/node_modules/next/dist/server/next-server.js:671:9)
[2025-06-22T19:22:12.365Z] error: <servicesProxy> TypeError: t[a].forEach is not a function
    at /app/.next/server/chunks/7325.js:1:4992
    at Array.map (<anonymous>)
    at e (/app/.next/server/chunks/7325.js:1:4938)
    at y (/app/.next/server/chunks/7325.js:1:5307)
    at async b (/app/.next/server/chunks/7325.js:1:7395)
    at async A (/app/.next/server/chunks/7325.js:1:7674)
    at async u (/app/.next/server/pages/api/services/proxy.js:25:30657)
    at async X (/app/node_modules/.pnpm/next@15.3.1_react-dom@18.3.1_react@18.3.1__react@18.3.1/node_modules/next/dist/compiled/next-server/pages-api.runtime.prod.js:20:18441)
    at async z.render (/app/node_modules/.pnpm/next@15.3.1_react-dom@18.3.1_react@18.3.1__react@18.3.1/node_modules/next/dist/compiled/next-server/pages-api.runtime.prod.js:20:19237)
    at async NextNodeServer.runApi (/app/node_modules/.pnpm/next@15.3.1_react-dom@18.3.1_react@18.3.1__react@18.3.1/node_modules/next/dist/server/next-server.js:671:9)
[2025-06-22T19:22:12.366Z] error: <servicesProxy> TypeError: t[a].forEach is not a function
    at /app/.next/server/chunks/7325.js:1:4992
    at Array.map (<anonymous>)
    at e (/app/.next/server/chunks/7325.js:1:4938)
    at y (/app/.next/server/chunks/7325.js:1:5307)
    at async b (/app/.next/server/chunks/7325.js:1:7395)
    at async A (/app/.next/server/chunks/7325.js:1:7674)
    at async u (/app/.next/server/pages/api/services/proxy.js:25:30657)
    at async X (/app/node_modules/.pnpm/next@15.3.1_react-dom@18.3.1_react@18.3.1__react@18.3.1/node_modules/next/dist/compiled/next-server/pages-api.runtime.prod.js:20:18441)
    at async z.render (/app/node_modules/.pnpm/next@15.3.1_react-dom@18.3.1_react@18.3.1__react@18.3.1/node_modules/next/dist/compiled/next-server/pages-api.runtime.prod.js:20:19237)
    at async NextNodeServer.runApi (/app/node_modules/.pnpm/next@15.3.1_react-dom@18.3.1_react@18.3.1__react@18.3.1/node_modules/next/dist/server/next-server.js:671:9)
[2025-06-22T19:22:12.367Z] error: <servicesProxy> TypeError: t[a].forEach is not a function
    at /app/.next/server/chunks/7325.js:1:4992
    at Array.map (<anonymous>)
    at e (/app/.next/server/chunks/7325.js:1:4938)
    at y (/app/.next/server/chunks/7325.js:1:5307)
    at async b (/app/.next/server/chunks/7325.js:1:7395)
    at async A (/app/.next/server/chunks/7325.js:1:7674)
    at async u (/app/.next/server/pages/api/services/proxy.js:25:30657)
    at async X (/app/node_modules/.pnpm/next@15.3.1_react-dom@18.3.1_react@18.3.1__react@18.3.1/node_modules/next/dist/compiled/next-server/pages-api.runtime.prod.js:20:18441)
    at async z.render (/app/node_modules/.pnpm/next@15.3.1_react-dom@18.3.1_react@18.3.1__react@18.3.1/node_modules/next/dist/compiled/next-server/pages-api.runtime.prod.js:20:19237)
    at async NextNodeServer.runApi (/app/node_modules/.pnpm/next@15.3.1_react-dom@18.3.1_react@18.3.1__react@18.3.1/node_modules/next/dist/server/next-server.js:671:9)
[2025-06-22T19:22:12.368Z] error: <servicesProxy> TypeError: t[a].forEach is not a function
    at /app/.next/server/chunks/7325.js:1:4992
    at Array.map (<anonymous>)
    at e (/app/.next/server/chunks/7325.js:1:4938)
    at y (/app/.next/server/chunks/7325.js:1:5307)
    at async b (/app/.next/server/chunks/7325.js:1:7395)
    at async A (/app/.next/server/chunks/7325.js:1:7674)
    at async u (/app/.next/server/pages/api/services/proxy.js:25:30657)
    at async X (/app/node_modules/.pnpm/next@15.3.1_react-dom@18.3.1_react@18.3.1__react@18.3.1/node_modules/next/dist/compiled/next-server/pages-api.runtime.prod.js:20:18441)
    at async z.render (/app/node_modules/.pnpm/next@15.3.1_react-dom@18.3.1_react@18.3.1__react@18.3.1/node_modules/next/dist/compiled/next-server/pages-api.runtime.prod.js:20:19237)
    at async NextNodeServer.runApi (/app/node_modules/.pnpm/next@15.3.1_react-dom@18.3.1_react@18.3.1__react@18.3.1/node_modules/next/dist/server/next-server.js:671:9)
[2025-06-22T19:22:12.369Z] error: <servicesProxy> TypeError: t[a].forEach is not a function
    at /app/.next/server/chunks/7325.js:1:4992
    at Array.map (<anonymous>)
    at e (/app/.next/server/chunks/7325.js:1:4938)
    at y (/app/.next/server/chunks/7325.js:1:5307)
    at async b (/app/.next/server/chunks/7325.js:1:7395)
    at async A (/app/.next/server/chunks/7325.js:1:7674)
    at async u (/app/.next/server/pages/api/services/proxy.js:25:30657)
    at async X (/app/node_modules/.pnpm/next@15.3.1_react-dom@18.3.1_react@18.3.1__react@18.3.1/node_modules/next/dist/compiled/next-server/pages-api.runtime.prod.js:20:18441)
    at async z.render (/app/node_modules/.pnpm/next@15.3.1_react-dom@18.3.1_react@18.3.1__react@18.3.1/node_modules/next/dist/compiled/next-server/pages-api.runtime.prod.js:20:19237)
    at async NextNodeServer.runApi (/app/node_modules/.pnpm/next@15.3.1_react-dom@18.3.1_react@18.3.1__react@18.3.1/node_modules/next/dist/server/next-server.js:671:9)
[2025-06-22T19:22:12.371Z] error: Failed to load services.yaml, please check for errors
[2025-06-22T19:22:12.371Z] error: TypeError: t[a].forEach is not a function
[2025-06-22T19:22:12.382Z] error: Failed to load services.yaml, please check for errors
[2025-06-22T19:22:12.382Z] error: TypeError: t[r].forEach is not a function
[2025-06-22T19:22:12.439Z] error: Failed to load services.yaml, please check for errors
[2025-06-22T19:22:12.439Z] error: TypeError: t[a].forEach is not a function
[2025-06-22T19:22:44.087Z] error: undefined
[2025-06-22T19:22:44.088Z] error: TypeError: t[a].forEach is not a function
    at /app/.next/server/chunks/7325.js:1:4992
    at Array.map (<anonymous>)
    at e (/app/.next/server/chunks/7325.js:1:4938)
    at y (/app/.next/server/chunks/7325.js:1:5307)
    at async b (/app/.next/server/chunks/7325.js:1:7395)
    at async u (/app/.next/server/pages/api/ping.js:1:883)
    at async X (/app/node_modules/.pnpm/next@15.3.1_react-dom@18.3.1_react@18.3.1__react@18.3.1/node_modules/next/dist/compiled/next-server/pages-api.runtime.prod.js:20:18441)
    at async z.render (/app/node_modules/.pnpm/next@15.3.1_react-dom@18.3.1_react@18.3.1__react@18.3.1/node_modules/next/dist/compiled/next-server/pages-api.runtime.prod.js:20:19237)
    at async NextNodeServer.runApi (/app/node_modules/.pnpm/next@15.3.1_react-dom@18.3.1_react@18.3.1__react@18.3.1/node_modules/next/dist/server/next-server.js:671:9)
    at async NextNodeServer.handleCatchallRenderRequest (/app/node_modules/.pnpm/next@15.3.1_react-dom@18.3.1_react@18.3.1__react@18.3.1/node_modules/next/dist/server/next-server.js:302:37)
[2025-06-22T19:22:44.093Z] error: undefined
[2025-06-22T19:22:44.094Z] error: TypeError: t[a].forEach is not a function
    at /app/.next/server/chunks/7325.js:1:4992
    at Array.map (<anonymous>)
    at e (/app/.next/server/chunks/7325.js:1:4938)
    at y (/app/.next/server/chunks/7325.js:1:5307)
    at async b (/app/.next/server/chunks/7325.js:1:7395)
    at async u (/app/.next/server/pages/api/ping.js:1:883)
    at async X (/app/node_modules/.pnpm/next@15.3.1_react-dom@18.3.1_react@18.3.1__react@18.3.1/node_modules/next/dist/compiled/next-server/pages-api.runtime.prod.js:20:18441)
    at async z.render (/app/node_modules/.pnpm/next@15.3.1_react-dom@18.3.1_react@18.3.1__react@18.3.1/node_modules/next/dist/compiled/next-server/pages-api.runtime.prod.js:20:19237)
    at async NextNodeServer.runApi (/app/node_modules/.pnpm/next@15.3.1_react-dom@18.3.1_react@18.3.1__react@18.3.1/node_modules/next/dist/server/next-server.js:671:9)
    at async NextNodeServer.handleCatchallRenderRequest (/app/node_modules/.pnpm/next@15.3.1_react-dom@18.3.1_react@18.3.1__react@18.3.1/node_modules/next/dist/server/next-server.js:302:37)
[2025-06-22T19:22:44.095Z] error: undefined
[2025-06-22T19:22:44.095Z] error: TypeError: t[a].forEach is not a function
    at /app/.next/server/chunks/7325.js:1:4992
    at Array.map (<anonymous>)
    at e (/app/.next/server/chunks/7325.js:1:4938)
    at y (/app/.next/server/chunks/7325.js:1:5307)
    at async b (/app/.next/server/chunks/7325.js:1:7395)
    at async u (/app/.next/server/pages/api/ping.js:1:883)
    at async X (/app/node_modules/.pnpm/next@15.3.1_react-dom@18.3.1_react@18.3.1__react@18.3.1/node_modules/next/dist/compiled/next-server/pages-api.runtime.prod.js:20:18441)
    at async z.render (/app/node_modules/.pnpm/next@15.3.1_react-dom@18.3.1_react@18.3.1__react@18.3.1/node_modules/next/dist/compiled/next-server/pages-api.runtime.prod.js:20:19237)
    at async NextNodeServer.runApi (/app/node_modules/.pnpm/next@15.3.1_react-dom@18.3.1_react@18.3.1__react@18.3.1/node_modules/next/dist/server/next-server.js:671:9)
    at async NextNodeServer.handleCatchallRenderRequest (/app/node_modules/.pnpm/next@15.3.1_react-dom@18.3.1_react@18.3.1__react@18.3.1/node_modules/next/dist/server/next-server.js:302:37)
[2025-06-22T19:22:44.096Z] error: undefined
[2025-06-22T19:22:44.097Z] error: TypeError: t[a].forEach is not a function
    at /app/.next/server/chunks/7325.js:1:4992
    at Array.map (<anonymous>)
    at e (/app/.next/server/chunks/7325.js:1:4938)
    at y (/app/.next/server/chunks/7325.js:1:5307)
    at async b (/app/.next/server/chunks/7325.js:1:7395)
    at async u (/app/.next/server/pages/api/ping.js:1:883)
    at async X (/app/node_modules/.pnpm/next@15.3.1_react-dom@18.3.1_react@18.3.1__react@18.3.1/node_modules/next/dist/compiled/next-server/pages-api.runtime.prod.js:20:18441)
    at async z.render (/app/node_modules/.pnpm/next@15.3.1_react-dom@18.3.1_react@18.3.1__react@18.3.1/node_modules/next/dist/compiled/next-server/pages-api.runtime.prod.js:20:19237)
    at async NextNodeServer.runApi (/app/node_modules/.pnpm/next@15.3.1_react-dom@18.3.1_react@18.3.1__react@18.3.1/node_modules/next/dist/server/next-server.js:671:9)
    at async NextNodeServer.handleCatchallRenderRequest (/app/node_modules/.pnpm/next@15.3.1_react-dom@18.3.1_react@18.3.1__react@18.3.1/node_modules/next/dist/server/next-server.js:302:37)
[2025-06-22T19:22:44.098Z] error: undefined
[2025-06-22T19:22:44.098Z] error: TypeError: t[a].forEach is not a function
    at /app/.next/server/chunks/7325.js:1:4992
    at Array.map (<anonymous>)
    at e (/app/.next/server/chunks/7325.js:1:4938)
    at y (/app/.next/server/chunks/7325.js:1:5307)
    at async b (/app/.next/server/chunks/7325.js:1:7395)
    at async u (/app/.next/server/pages/api/ping.js:1:883)
    at async X (/app/node_modules/.pnpm/next@15.3.1_react-dom@18.3.1_react@18.3.1__react@18.3.1/node_modules/next/dist/compiled/next-server/pages-api.runtime.prod.js:20:18441)
    at async z.render (/app/node_modules/.pnpm/next@15.3.1_react-dom@18.3.1_react@18.3.1__react@18.3.1/node_modules/next/dist/compiled/next-server/pages-api.runtime.prod.js:20:19237)
    at async NextNodeServer.runApi (/app/node_modules/.pnpm/next@15.3.1_react-dom@18.3.1_react@18.3.1__react@18.3.1/node_modules/next/dist/server/next-server.js:671:9)
    at async NextNodeServer.handleCatchallRenderRequest (/app/node_modules/.pnpm/next@15.3.1_react-dom@18.3.1_react@18.3.1__react@18.3.1/node_modules/next/dist/server/next-server.js:302:37)
[2025-06-22T19:22:44.099Z] error: <servicesProxy> TypeError: t[a].forEach is not a function
    at /app/.next/server/chunks/7325.js:1:4992
    at Array.map (<anonymous>)
    at e (/app/.next/server/chunks/7325.js:1:4938)
    at y (/app/.next/server/chunks/7325.js:1:5307)
    at async b (/app/.next/server/chunks/7325.js:1:7395)
    at async A (/app/.next/server/chunks/7325.js:1:7674)
    at async u (/app/.next/server/pages/api/services/proxy.js:25:30657)
    at async X (/app/node_modules/.pnpm/next@15.3.1_react-dom@18.3.1_react@18.3.1__react@18.3.1/node_modules/next/dist/compiled/next-server/pages-api.runtime.prod.js:20:18441)
    at async z.render (/app/node_modules/.pnpm/next@15.3.1_react-dom@18.3.1_react@18.3.1__react@18.3.1/node_modules/next/dist/compiled/next-server/pages-api.runtime.prod.js:20:19237)
    at async NextNodeServer.runApi (/app/node_modules/.pnpm/next@15.3.1_react-dom@18.3.1_react@18.3.1__react@18.3.1/node_modules/next/dist/server/next-server.js:671:9)
[2025-06-22T19:22:44.101Z] error: <servicesProxy> TypeError: t[a].forEach is not a function
    at /app/.next/server/chunks/7325.js:1:4992
    at Array.map (<anonymous>)
    at e (/app/.next/server/chunks/7325.js:1:4938)
    at y (/app/.next/server/chunks/7325.js:1:5307)
    at async b (/app/.next/server/chunks/7325.js:1:7395)
    at async A (/app/.next/server/chunks/7325.js:1:7674)
    at async u (/app/.next/server/pages/api/services/proxy.js:25:30657)
    at async X (/app/node_modules/.pnpm/next@15.3.1_react-dom@18.3.1_react@18.3.1__react@18.3.1/node_modules/next/dist/compiled/next-server/pages-api.runtime.prod.js:20:18441)
    at async z.render (/app/node_modules/.pnpm/next@15.3.1_react-dom@18.3.1_react@18.3.1__react@18.3.1/node_modules/next/dist/compiled/next-server/pages-api.runtime.prod.js:20:19237)
    at async NextNodeServer.runApi (/app/node_modules/.pnpm/next@15.3.1_react-dom@18.3.1_react@18.3.1__react@18.3.1/node_modules/next/dist/server/next-server.js:671:9)
[2025-06-22T19:22:44.102Z] error: <servicesProxy> TypeError: t[a].forEach is not a function
    at /app/.next/server/chunks/7325.js:1:4992
    at Array.map (<anonymous>)
    at e (/app/.next/server/chunks/7325.js:1:4938)
    at y (/app/.next/server/chunks/7325.js:1:5307)
    at async b (/app/.next/server/chunks/7325.js:1:7395)
    at async A (/app/.next/server/chunks/7325.js:1:7674)
    at async u (/app/.next/server/pages/api/services/proxy.js:25:30657)
    at async X (/app/node_modules/.pnpm/next@15.3.1_react-dom@18.3.1_react@18.3.1__react@18.3.1/node_modules/next/dist/compiled/next-server/pages-api.runtime.prod.js:20:18441)
    at async z.render (/app/node_modules/.pnpm/next@15.3.1_react-dom@18.3.1_react@18.3.1__react@18.3.1/node_modules/next/dist/compiled/next-server/pages-api.runtime.prod.js:20:19237)
    at async NextNodeServer.runApi (/app/node_modules/.pnpm/next@15.3.1_react-dom@18.3.1_react@18.3.1__react@18.3.1/node_modules/next/dist/server/next-server.js:671:9)
[2025-06-22T19:22:44.103Z] error: <servicesProxy> TypeError: t[a].forEach is not a function
    at /app/.next/server/chunks/7325.js:1:4992
    at Array.map (<anonymous>)
    at e (/app/.next/server/chunks/7325.js:1:4938)
    at y (/app/.next/server/chunks/7325.js:1:5307)
    at async b (/app/.next/server/chunks/7325.js:1:7395)
    at async A (/app/.next/server/chunks/7325.js:1:7674)
    at async u (/app/.next/server/pages/api/services/proxy.js:25:30657)
    at async X (/app/node_modules/.pnpm/next@15.3.1_react-dom@18.3.1_react@18.3.1__react@18.3.1/node_modules/next/dist/compiled/next-server/pages-api.runtime.prod.js:20:18441)
    at async z.render (/app/node_modules/.pnpm/next@15.3.1_react-dom@18.3.1_react@18.3.1__react@18.3.1/node_modules/next/dist/compiled/next-server/pages-api.runtime.prod.js:20:19237)
    at async NextNodeServer.runApi (/app/node_modules/.pnpm/next@15.3.1_react-dom@18.3.1_react@18.3.1__react@18.3.1/node_modules/next/dist/server/next-server.js:671:9)
[2025-06-22T19:22:44.104Z] error: <servicesProxy> TypeError: t[a].forEach is not a function
    at /app/.next/server/chunks/7325.js:1:4992
    at Array.map (<anonymous>)
    at e (/app/.next/server/chunks/7325.js:1:4938)
    at y (/app/.next/server/chunks/7325.js:1:5307)
    at async b (/app/.next/server/chunks/7325.js:1:7395)
    at async A (/app/.next/server/chunks/7325.js:1:7674)
    at async u (/app/.next/server/pages/api/services/proxy.js:25:30657)
    at async X (/app/node_modules/.pnpm/next@15.3.1_react-dom@18.3.1_react@18.3.1__react@18.3.1/node_modules/next/dist/compiled/next-server/pages-api.runtime.prod.js:20:18441)
    at async z.render (/app/node_modules/.pnpm/next@15.3.1_react-dom@18.3.1_react@18.3.1__react@18.3.1/node_modules/next/dist/compiled/next-server/pages-api.runtime.prod.js:20:19237)
    at async NextNodeServer.runApi (/app/node_modules/.pnpm/next@15.3.1_react-dom@18.3.1_react@18.3.1__react@18.3.1/node_modules/next/dist/server/next-server.js:671:9)
[2025-06-22T19:22:44.105Z] error: <servicesProxy> TypeError: t[a].forEach is not a function
    at /app/.next/server/chunks/7325.js:1:4992
    at Array.map (<anonymous>)
    at e (/app/.next/server/chunks/7325.js:1:4938)
    at y (/app/.next/server/chunks/7325.js:1:5307)
    at async b (/app/.next/server/chunks/7325.js:1:7395)
    at async A (/app/.next/server/chunks/7325.js:1:7674)
    at async u (/app/.next/server/pages/api/services/proxy.js:25:30657)
    at async X (/app/node_modules/.pnpm/next@15.3.1_react-dom@18.3.1_react@18.3.1__react@18.3.1/node_modules/next/dist/compiled/next-server/pages-api.runtime.prod.js:20:18441)
    at async z.render (/app/node_modules/.pnpm/next@15.3.1_react-dom@18.3.1_react@18.3.1__react@18.3.1/node_modules/next/dist/compiled/next-server/pages-api.runtime.prod.js:20:19237)
    at async NextNodeServer.runApi (/app/node_modules/.pnpm/next@15.3.1_react-dom@18.3.1_react@18.3.1__react@18.3.1/node_modules/next/dist/server/next-server.js:671:9)
[2025-06-22T19:22:44.106Z] error: <servicesProxy> TypeError: t[a].forEach is not a function
    at /app/.next/server/chunks/7325.js:1:4992
    at Array.map (<anonymous>)
    at e (/app/.next/server/chunks/7325.js:1:4938)
    at y (/app/.next/server/chunks/7325.js:1:5307)
    at async b (/app/.next/server/chunks/7325.js:1:7395)
    at async A (/app/.next/server/chunks/7325.js:1:7674)
    at async u (/app/.next/server/pages/api/services/proxy.js:25:30657)
    at async X (/app/node_modules/.pnpm/next@15.3.1_react-dom@18.3.1_react@18.3.1__react@18.3.1/node_modules/next/dist/compiled/next-server/pages-api.runtime.prod.js:20:18441)
    at async z.render (/app/node_modules/.pnpm/next@15.3.1_react-dom@18.3.1_react@18.3.1__react@18.3.1/node_modules/next/dist/compiled/next-server/pages-api.runtime.prod.js:20:19237)
    at async NextNodeServer.runApi (/app/node_modules/.pnpm/next@15.3.1_react-dom@18.3.1_react@18.3.1__react@18.3.1/node_modules/next/dist/server/next-server.js:671:9)
[2025-06-22T19:22:44.107Z] error: <servicesProxy> TypeError: t[a].forEach is not a function
    at /app/.next/server/chunks/7325.js:1:4992
    at Array.map (<anonymous>)
    at e (/app/.next/server/chunks/7325.js:1:4938)
    at y (/app/.next/server/chunks/7325.js:1:5307)
    at async b (/app/.next/server/chunks/7325.js:1:7395)
    at async A (/app/.next/server/chunks/7325.js:1:7674)
    at async u (/app/.next/server/pages/api/services/proxy.js:25:30657)
    at async X (/app/node_modules/.pnpm/next@15.3.1_react-dom@18.3.1_react@18.3.1__react@18.3.1/node_modules/next/dist/compiled/next-server/pages-api.runtime.prod.js:20:18441)
    at async z.render (/app/node_modules/.pnpm/next@15.3.1_react-dom@18.3.1_react@18.3.1__react@18.3.1/node_modules/next/dist/compiled/next-server/pages-api.runtime.prod.js:20:19237)
    at async NextNodeServer.runApi (/app/node_modules/.pnpm/next@15.3.1_react-dom@18.3.1_react@18.3.1__react@18.3.1/node_modules/next/dist/server/next-server.js:671:9)
[2025-06-22T19:22:44.109Z] error: <servicesProxy> TypeError: t[a].forEach is not a function
    at /app/.next/server/chunks/7325.js:1:4992
    at Array.map (<anonymous>)
    at e (/app/.next/server/chunks/7325.js:1:4938)
    at y (/app/.next/server/chunks/7325.js:1:5307)
    at async b (/app/.next/server/chunks/7325.js:1:7395)
    at async A (/app/.next/server/chunks/7325.js:1:7674)
    at async u (/app/.next/server/pages/api/services/proxy.js:25:30657)
    at async X (/app/node_modules/.pnpm/next@15.3.1_react-dom@18.3.1_react@18.3.1__react@18.3.1/node_modules/next/dist/compiled/next-server/pages-api.runtime.prod.js:20:18441)
    at async z.render (/app/node_modules/.pnpm/next@15.3.1_react-dom@18.3.1_react@18.3.1__react@18.3.1/node_modules/next/dist/compiled/next-server/pages-api.runtime.prod.js:20:19237)
    at async NextNodeServer.runApi (/app/node_modules/.pnpm/next@15.3.1_react-dom@18.3.1_react@18.3.1__react@18.3.1/node_modules/next/dist/server/next-server.js:671:9)
[2025-06-22T19:22:44.110Z] error: <servicesProxy> TypeError: t[a].forEach is not a function
    at /app/.next/server/chunks/7325.js:1:4992
    at Array.map (<anonymous>)
    at e (/app/.next/server/chunks/7325.js:1:4938)
    at y (/app/.next/server/chunks/7325.js:1:5307)
    at async b (/app/.next/server/chunks/7325.js:1:7395)
    at async A (/app/.next/server/chunks/7325.js:1:7674)
    at async u (/app/.next/server/pages/api/services/proxy.js:25:30657)
    at async X (/app/node_modules/.pnpm/next@15.3.1_react-dom@18.3.1_react@18.3.1__react@18.3.1/node_modules/next/dist/compiled/next-server/pages-api.runtime.prod.js:20:18441)
    at async z.render (/app/node_modules/.pnpm/next@15.3.1_react-dom@18.3.1_react@18.3.1__react@18.3.1/node_modules/next/dist/compiled/next-server/pages-api.runtime.prod.js:20:19237)
    at async NextNodeServer.runApi (/app/node_modules/.pnpm/next@15.3.1_react-dom@18.3.1_react@18.3.1__react@18.3.1/node_modules/next/dist/server/next-server.js:671:9)
[2025-06-22T19:22:44.111Z] error: <servicesProxy> TypeError: t[a].forEach is not a function
    at /app/.next/server/chunks/7325.js:1:4992
    at Array.map (<anonymous>)
    at e (/app/.next/server/chunks/7325.js:1:4938)
    at y (/app/.next/server/chunks/7325.js:1:5307)
    at async b (/app/.next/server/chunks/7325.js:1:7395)
    at async A (/app/.next/server/chunks/7325.js:1:7674)
    at async u (/app/.next/server/pages/api/services/proxy.js:25:30657)
    at async X (/app/node_modules/.pnpm/next@15.3.1_react-dom@18.3.1_react@18.3.1__react@18.3.1/node_modules/next/dist/compiled/next-server/pages-api.runtime.prod.js:20:18441)
    at async z.render (/app/node_modules/.pnpm/next@15.3.1_react-dom@18.3.1_react@18.3.1__react@18.3.1/node_modules/next/dist/compiled/next-server/pages-api.runtime.prod.js:20:19237)
    at async NextNodeServer.runApi (/app/node_modules/.pnpm/next@15.3.1_react-dom@18.3.1_react@18.3.1__react@18.3.1/node_modules/next/dist/server/next-server.js:671:9)
[2025-06-22T19:22:44.113Z] error: Failed to load services.yaml, please check for errors
[2025-06-22T19:22:44.113Z] error: TypeError: t[a].forEach is not a function
[2025-06-22T19:22:44.113Z] error: Failed to load services.yaml, please check for errors
[2025-06-22T19:22:44.113Z] error: TypeError: t[r].forEach is not a function
[2025-06-22T19:22:44.242Z] error: Failed to load services.yaml, please check for errors
[2025-06-22T19:22:44.242Z] error: TypeError: t[a].forEach is not a function
[2025-06-22T19:23:08.831Z] error: Failed to load services.yaml, please check for errors
[2025-06-22T19:23:08.831Z] error: TypeError: t[a].forEach is not a function
[2025-06-22T19:23:08.853Z] error: Failed to load services.yaml, please check for errors
[2025-06-22T19:23:08.853Z] error: TypeError: t[r].forEach is not a function
[2025-06-22T19:23:08.915Z] error: Failed to load services.yaml, please check for errors
[2025-06-22T19:23:08.915Z] error: TypeError: t[a].forEach is not a function
[2025-06-22T19:24:17.465Z] error: Failed to load services.yaml, please check for errors
[2025-06-22T19:24:17.465Z] error: TypeError: t[a].forEach is not a function
[2025-06-22T19:24:17.483Z] error: Failed to load services.yaml, please check for errors
[2025-06-22T19:24:17.483Z] error: TypeError: t[r].forEach is not a function
[2025-06-22T19:24:17.551Z] error: Failed to load services.yaml, please check for errors
[2025-06-22T19:24:17.551Z] error: TypeError: t[a].forEach is not a function
[2025-06-22T19:24:31.516Z] error: Failed to load services.yaml, please check for errors
[2025-06-22T19:24:31.517Z] error: TypeError: t[a].forEach is not a function
[2025-06-22T19:24:31.535Z] error: Failed to load services.yaml, please check for errors
[2025-06-22T19:24:31.535Z] error: TypeError: t[r].forEach is not a function
[2025-06-22T19:24:31.671Z] error: Failed to load services.yaml, please check for errors
[2025-06-22T19:24:31.671Z] error: TypeError: t[a].forEach is not a function
[2025-07-13T19:09:07.828Z] error: Host validation failed for: tinynas:3000. Hint: Set the HOMEPAGE_ALLOWED_HOSTS environment variable to allow requests from this host / port.
[2025-07-13T19:09:07.957Z] error: Host validation failed for: tinynas:3000. Hint: Set the HOMEPAGE_ALLOWED_HOSTS environment variable to allow requests from this host / port.
[2025-07-13T19:09:07.959Z] error: Host validation failed for: tinynas:3000. Hint: Set the HOMEPAGE_ALLOWED_HOSTS environment variable to allow requests from this host / port.
[2025-07-13T19:09:07.960Z] error: Host validation failed for: tinynas:3000. Hint: Set the HOMEPAGE_ALLOWED_HOSTS environment variable to allow requests from this host / port.
[2025-07-13T19:09:07.961Z] error: Host validation failed for: tinynas:3000. Hint: Set the HOMEPAGE_ALLOWED_HOSTS environment variable to allow requests from this host / port.
[2025-07-13T19:09:07.962Z] error: Host validation failed for: tinynas:3000. Hint: Set the HOMEPAGE_ALLOWED_HOSTS environment variable to allow requests from this host / port.
[2025-07-13T19:09:07.964Z] error: Host validation failed for: tinynas:3000. Hint: Set the HOMEPAGE_ALLOWED_HOSTS environment variable to allow requests from this host / port.
[2025-07-13T19:09:07.967Z] error: Host validation failed for: tinynas:3000. Hint: Set the HOMEPAGE_ALLOWED_HOSTS environment variable to allow requests from this host / port.
[2025-07-13T19:09:07.968Z] error: Host validation failed for: tinynas:3000. Hint: Set the HOMEPAGE_ALLOWED_HOSTS environment variable to allow requests from this host / port.
[2025-07-13T19:09:07.969Z] error: Host validation failed for: tinynas:3000. Hint: Set the HOMEPAGE_ALLOWED_HOSTS environment variable to allow requests from this host / port.
[2025-07-13T19:09:07.970Z] error: Host validation failed for: tinynas:3000. Hint: Set the HOMEPAGE_ALLOWED_HOSTS environment variable to allow requests from this host / port.
[2025-07-13T19:09:07.973Z] error: Host validation failed for: tinynas:3000. Hint: Set the HOMEPAGE_ALLOWED_HOSTS environment variable to allow requests from this host / port.
[2025-07-13T19:09:07.974Z] error: Host validation failed for: tinynas:3000. Hint: Set the HOMEPAGE_ALLOWED_HOSTS environment variable to allow requests from this host / port.
[2025-07-13T19:09:07.975Z] error: Host validation failed for: tinynas:3000. Hint: Set the HOMEPAGE_ALLOWED_HOSTS environment variable to allow requests from this host / port.
[2025-07-13T19:09:07.976Z] error: Host validation failed for: tinynas:3000. Hint: Set the HOMEPAGE_ALLOWED_HOSTS environment variable to allow requests from this host / port.
[2025-07-13T19:09:07.977Z] error: Host validation failed for: tinynas:3000. Hint: Set the HOMEPAGE_ALLOWED_HOSTS environment variable to allow requests from this host / port.
[2025-07-13T19:09:07.978Z] error: Host validation failed for: tinynas:3000. Hint: Set the HOMEPAGE_ALLOWED_HOSTS environment variable to allow requests from this host / port.
[2025-07-13T19:09:07.981Z] error: Host validation failed for: tinynas:3000. Hint: Set the HOMEPAGE_ALLOWED_HOSTS environment variable to allow requests from this host / port.
[2025-07-13T19:09:07.981Z] error: Host validation failed for: tinynas:3000. Hint: Set the HOMEPAGE_ALLOWED_HOSTS environment variable to allow requests from this host / port.
[2025-07-13T19:09:07.982Z] error: Host validation failed for: tinynas:3000. Hint: Set the HOMEPAGE_ALLOWED_HOSTS environment variable to allow requests from this host / port.
[2025-07-13T19:09:07.983Z] error: Host validation failed for: tinynas:3000. Hint: Set the HOMEPAGE_ALLOWED_HOSTS environment variable to allow requests from this host / port.
[2025-07-13T19:09:07.984Z] error: Host validation failed for: tinynas:3000. Hint: Set the HOMEPAGE_ALLOWED_HOSTS environment variable to allow requests from this host / port.
[2025-07-13T19:09:07.985Z] error: Host validation failed for: tinynas:3000. Hint: Set the HOMEPAGE_ALLOWED_HOSTS environment variable to allow requests from this host / port.
[2025-07-13T19:09:07.987Z] error: Host validation failed for: tinynas:3000. Hint: Set the HOMEPAGE_ALLOWED_HOSTS environment variable to allow requests from this host / port.
[2025-07-13T19:09:07.988Z] error: Host validation failed for: tinynas:3000. Hint: Set the HOMEPAGE_ALLOWED_HOSTS environment variable to allow requests from this host / port.
[2025-07-13T19:09:07.988Z] error: Host validation failed for: tinynas:3000. Hint: Set the HOMEPAGE_ALLOWED_HOSTS environment variable to allow requests from this host / port.
[2025-07-13T19:09:07.989Z] error: Host validation failed for: tinynas:3000. Hint: Set the HOMEPAGE_ALLOWED_HOSTS environment variable to allow requests from this host / port.
[2025-07-13T19:09:07.989Z] error: Host validation failed for: tinynas:3000. Hint: Set the HOMEPAGE_ALLOWED_HOSTS environment variable to allow requests from this host / port.
[2025-07-13T19:09:07.990Z] error: Host validation failed for: tinynas:3000. Hint: Set the HOMEPAGE_ALLOWED_HOSTS environment variable to allow requests from this host / port.
[2025-07-13T19:09:07.992Z] error: Host validation failed for: tinynas:3000. Hint: Set the HOMEPAGE_ALLOWED_HOSTS environment variable to allow requests from this host / port.
[2025-07-13T19:09:07.993Z] error: Host validation failed for: tinynas:3000. Hint: Set the HOMEPAGE_ALLOWED_HOSTS environment variable to allow requests from this host / port.
[2025-07-13T19:09:07.994Z] error: Host validation failed for: tinynas:3000. Hint: Set the HOMEPAGE_ALLOWED_HOSTS environment variable to allow requests from this host / port.
[2025-07-13T19:09:08.020Z] error: Host validation failed for: tinynas:3000. Hint: Set the HOMEPAGE_ALLOWED_HOSTS environment variable to allow requests from this host / port.
[2025-07-13T22:56:55.254Z] error: Host validation failed for: tinynas:3000. Hint: Set the HOMEPAGE_ALLOWED_HOSTS environment variable to allow requests from this host / port.
[2025-07-13T22:56:55.255Z] error: Host validation failed for: tinynas:3000. Hint: Set the HOMEPAGE_ALLOWED_HOSTS environment variable to allow requests from this host / port.
[2025-07-14T00:04:57.236Z] error: Host validation failed for: tinynas:3000. Hint: Set the HOMEPAGE_ALLOWED_HOSTS environment variable to allow requests from this host / port.
[2025-07-14T00:04:57.237Z] error: Host validation failed for: tinynas:3000. Hint: Set the HOMEPAGE_ALLOWED_HOSTS environment variable to allow requests from this host / port.
[2025-07-14T04:51:32.936Z] error: Host validation failed for: tinynas:3000. Hint: Set the HOMEPAGE_ALLOWED_HOSTS environment variable to allow requests from this host / port.
[2025-07-14T04:51:32.937Z] error: Host validation failed for: tinynas:3000. Hint: Set the HOMEPAGE_ALLOWED_HOSTS environment variable to allow requests from this host / port.
[2025-07-16T06:48:44.133Z] error: <httpProxy> Error calling http://192.168.0.25:9090/api/v1/query...
[2025-07-16T06:48:44.137Z] error: <httpProxy> [
  500,
  Error: connect ETIMEDOUT 192.168.0.25:9090
      at <unknown> (Error: connect ETIMEDOUT 192.168.0.25:9090) {
    errno: -110,
    code: 'ETIMEDOUT',
    syscall: 'connect',
    address: '192.168.0.25',
    port: 9090
  }
]
[2025-07-16T06:48:44.137Z] error: <httpProxy> Error calling http://192.168.0.25:9090/api/v1/query...
[2025-07-16T06:48:44.138Z] error: <httpProxy> [
  500,
  Error: connect ETIMEDOUT 192.168.0.25:9090
      at <unknown> (Error: connect ETIMEDOUT 192.168.0.25:9090) {
    errno: -110,
    code: 'ETIMEDOUT',
    syscall: 'connect',
    address: '192.168.0.25',
    port: 9090
  }
]
[2025-07-16T06:48:44.138Z] error: <httpProxy> Error calling http://192.168.0.25:9090/api/v1/query...
[2025-07-16T06:48:44.138Z] error: <httpProxy> [
  500,
  Error: connect ETIMEDOUT 192.168.0.25:9090
      at <unknown> (Error: connect ETIMEDOUT 192.168.0.25:9090) {
    errno: -110,
    code: 'ETIMEDOUT',
    syscall: 'connect',
    address: '192.168.0.25',
    port: 9090
  }
]
[2025-07-16T06:48:44.139Z] error: <httpProxy> Error calling http://192.168.0.25:9090/api/v1/query...
[2025-07-16T06:48:44.139Z] error: <httpProxy> [
  500,
  Error: connect ETIMEDOUT 192.168.0.25:9090
      at <unknown> (Error: connect ETIMEDOUT 192.168.0.25:9090) {
    errno: -110,
    code: 'ETIMEDOUT',
    syscall: 'connect',
    address: '192.168.0.25',
    port: 9090
  }
]
[2025-07-16T06:48:44.139Z] error: <httpProxy> Error calling http://192.168.0.25:9090/api/v1/query...
[2025-07-16T06:48:44.139Z] error: <httpProxy> [
  500,
  Error: connect ETIMEDOUT 192.168.0.25:9090
      at <unknown> (Error: connect ETIMEDOUT 192.168.0.25:9090) {
    errno: -110,
    code: 'ETIMEDOUT',
    syscall: 'connect',
    address: '192.168.0.25',
    port: 9090
  }
]
[2025-07-16T06:48:44.139Z] error: <httpProxy> Error calling http://192.168.0.25:9090/api/v1/query...
[2025-07-16T06:48:44.140Z] error: <httpProxy> [
  500,
  Error: connect ETIMEDOUT 192.168.0.25:9090
      at <unknown> (Error: connect ETIMEDOUT 192.168.0.25:9090) {
    errno: -110,
    code: 'ETIMEDOUT',
    syscall: 'connect',
    address: '192.168.0.25',
    port: 9090
  }
]
[2025-07-16T06:48:44.140Z] error: <httpProxy> Error calling http://192.168.0.25:9090/api/v1/query...
[2025-07-16T06:48:44.140Z] error: <httpProxy> [
  500,
  Error: connect ETIMEDOUT 192.168.0.25:9090
      at <unknown> (Error: connect ETIMEDOUT 192.168.0.25:9090) {
    errno: -110,
    code: 'ETIMEDOUT',
    syscall: 'connect',
    address: '192.168.0.25',
    port: 9090
  }
]
[2025-07-16T06:48:44.141Z] error: <httpProxy> Error calling http://192.168.0.25:9090/api/v1/query...
[2025-07-16T06:48:44.141Z] error: <httpProxy> [
  500,
  Error: connect ETIMEDOUT 192.168.0.25:9090
      at <unknown> (Error: connect ETIMEDOUT 192.168.0.25:9090) {
    errno: -110,
    code: 'ETIMEDOUT',
    syscall: 'connect',
    address: '192.168.0.25',
    port: 9090
  }
]
[2025-07-16T06:48:44.141Z] error: <httpProxy> Error calling http://192.168.0.25:9090/api/v1/query...
[2025-07-16T06:48:44.141Z] error: <httpProxy> [
  500,
  Error: connect ETIMEDOUT 192.168.0.25:9090
      at <unknown> (Error: connect ETIMEDOUT 192.168.0.25:9090) {
    errno: -110,
    code: 'ETIMEDOUT',
    syscall: 'connect',
    address: '192.168.0.25',
    port: 9090
  }
]
[2025-07-16T06:48:44.142Z] error: <httpProxy> Error calling http://192.168.0.25:9090/api/v1/query...
[2025-07-16T06:48:44.142Z] error: <httpProxy> [
  500,
  Error: connect ETIMEDOUT 192.168.0.25:9090
      at <unknown> (Error: connect ETIMEDOUT 192.168.0.25:9090) {
    errno: -110,
    code: 'ETIMEDOUT',
    syscall: 'connect',
    address: '192.168.0.25',
    port: 9090
  }
]
[2025-07-16T06:48:44.142Z] error: <httpProxy> Error calling http://192.168.0.25:9090/api/v1/query...
[2025-07-16T06:48:44.142Z] error: <httpProxy> [
  500,
  Error: connect ETIMEDOUT 192.168.0.25:9090
      at <unknown> (Error: connect ETIMEDOUT 192.168.0.25:9090) {
    errno: -110,
    code: 'ETIMEDOUT',
    syscall: 'connect',
    address: '192.168.0.25',
    port: 9090
  }
]
[2025-07-16T06:48:44.142Z] error: <httpProxy> Error calling http://192.168.0.25:9090/api/v1/query...
[2025-07-16T06:48:44.142Z] error: <httpProxy> [
  500,
  Error: connect ETIMEDOUT 192.168.0.25:9090
      at <unknown> (Error: connect ETIMEDOUT 192.168.0.25:9090) {
    errno: -110,
    code: 'ETIMEDOUT',
    syscall: 'connect',
    address: '192.168.0.25',
    port: 9090
  }
]
[2025-07-16T06:48:44.142Z] error: <httpProxy> Error calling http://192.168.0.25:9090/api/v1/query...
[2025-07-16T06:48:44.143Z] error: <httpProxy> [
  500,
  Error: connect ETIMEDOUT 192.168.0.25:9090
      at <unknown> (Error: connect ETIMEDOUT 192.168.0.25:9090) {
    errno: -110,
    code: 'ETIMEDOUT',
    syscall: 'connect',
    address: '192.168.0.25',
    port: 9090
  }
]
[2025-07-16T06:48:44.143Z] error: <httpProxy> Error calling http://192.168.0.25:9090/api/v1/query...
[2025-07-16T06:48:44.143Z] error: <httpProxy> [
  500,
  Error: connect ETIMEDOUT 192.168.0.25:9090
      at <unknown> (Error: connect ETIMEDOUT 192.168.0.25:9090) {
    errno: -110,
    code: 'ETIMEDOUT',
    syscall: 'connect',
    address: '192.168.0.25',
    port: 9090
  }
]
[2025-07-16T06:48:44.144Z] error: <httpProxy> Error calling http://192.168.0.25:9090/api/v1/query...
[2025-07-16T06:48:44.144Z] error: <httpProxy> [
  500,
  Error: connect ETIMEDOUT 192.168.0.25:9090
      at <unknown> (Error: connect ETIMEDOUT 192.168.0.25:9090) {
    errno: -110,
    code: 'ETIMEDOUT',
    syscall: 'connect',
    address: '192.168.0.25',
    port: 9090
  }
]
[2025-07-16T06:48:44.144Z] error: <httpProxy> Error calling http://192.168.0.25:9090/api/v1/query...
[2025-07-16T06:48:44.144Z] error: <httpProxy> [
  500,
  Error: connect ETIMEDOUT 192.168.0.25:9090
      at <unknown> (Error: connect ETIMEDOUT 192.168.0.25:9090) {
    errno: -110,
    code: 'ETIMEDOUT',
    syscall: 'connect',
    address: '192.168.0.25',
    port: 9090
  }
]
[2025-07-16T06:48:44.144Z] error: <httpProxy> Error calling http://192.168.0.25:9090/api/v1/query...
[2025-07-16T06:48:44.144Z] error: <httpProxy> [
  500,
  Error: connect ETIMEDOUT 192.168.0.25:9090
      at <unknown> (Error: connect ETIMEDOUT 192.168.0.25:9090) {
    errno: -110,
    code: 'ETIMEDOUT',
    syscall: 'connect',
    address: '192.168.0.25',
    port: 9090
  }
]
[2025-07-16T06:48:44.145Z] error: <httpProxy> Error calling http://192.168.0.25:9090/api/v1/query...
[2025-07-16T06:48:44.145Z] error: <httpProxy> [
  500,
  Error: connect ETIMEDOUT 192.168.0.25:9090
      at <unknown> (Error: connect ETIMEDOUT 192.168.0.25:9090) {
    errno: -110,
    code: 'ETIMEDOUT',
    syscall: 'connect',
    address: '192.168.0.25',
    port: 9090
  }
]
[2025-07-16T06:48:44.145Z] error: <httpProxy> Error calling http://192.168.0.25:9090/api/v1/query...
[2025-07-16T06:48:44.145Z] error: <httpProxy> [
  500,
  Error: connect ETIMEDOUT 192.168.0.25:9090
      at <unknown> (Error: connect ETIMEDOUT 192.168.0.25:9090) {
    errno: -110,
    code: 'ETIMEDOUT',
    syscall: 'connect',
    address: '192.168.0.25',
    port: 9090
  }
]
[2025-07-16T06:48:44.145Z] error: <httpProxy> Error calling http://192.168.0.25:9090/api/v1/query...
[2025-07-16T06:48:44.145Z] error: <httpProxy> [
  500,
  Error: connect ETIMEDOUT 192.168.0.25:9090
      at <unknown> (Error: connect ETIMEDOUT 192.168.0.25:9090) {
    errno: -110,
    code: 'ETIMEDOUT',
    syscall: 'connect',
    address: '192.168.0.25',
    port: 9090
  }
]
[2025-07-16T06:48:44.146Z] error: <httpProxy> Error calling http://192.168.0.25:9090/api/v1/query...
[2025-07-16T06:48:44.146Z] error: <httpProxy> [
  500,
  Error: connect ETIMEDOUT 192.168.0.25:9090
      at <unknown> (Error: connect ETIMEDOUT 192.168.0.25:9090) {
    errno: -110,
    code: 'ETIMEDOUT',
    syscall: 'connect',
    address: '192.168.0.25',
    port: 9090
  }
]
[2025-07-16T06:48:44.146Z] error: <httpProxy> Error calling http://192.168.0.25:9090/api/v1/query...
[2025-07-16T06:48:44.146Z] error: <httpProxy> [
  500,
  Error: connect ETIMEDOUT 192.168.0.25:9090
      at <unknown> (Error: connect ETIMEDOUT 192.168.0.25:9090) {
    errno: -110,
    code: 'ETIMEDOUT',
    syscall: 'connect',
    address: '192.168.0.25',
    port: 9090
  }
]
[2025-07-16T06:48:44.146Z] error: <httpProxy> Error calling http://192.168.0.25:9090/api/v1/query...
[2025-07-16T06:48:44.146Z] error: <httpProxy> [
  500,
  Error: connect ETIMEDOUT 192.168.0.25:9090
      at <unknown> (Error: connect ETIMEDOUT 192.168.0.25:9090) {
    errno: -110,
    code: 'ETIMEDOUT',
    syscall: 'connect',
    address: '192.168.0.25',
    port: 9090
  }
]
[2025-07-16T06:48:44.146Z] error: <httpProxy> Error calling http://192.168.0.25:9090/api/v1/query...
[2025-07-16T06:48:44.146Z] error: <httpProxy> [
  500,
  Error: connect ETIMEDOUT 192.168.0.25:9090
      at <unknown> (Error: connect ETIMEDOUT 192.168.0.25:9090) {
    errno: -110,
    code: 'ETIMEDOUT',
    syscall: 'connect',
    address: '192.168.0.25',
    port: 9090
  }
]
[2025-07-16T06:48:44.147Z] error: <httpProxy> Error calling http://192.168.0.25:9090/api/v1/query...
[2025-07-16T06:48:44.147Z] error: <httpProxy> [
  500,
  Error: connect ETIMEDOUT 192.168.0.25:9090
      at <unknown> (Error: connect ETIMEDOUT 192.168.0.25:9090) {
    errno: -110,
    code: 'ETIMEDOUT',
    syscall: 'connect',
    address: '192.168.0.25',
    port: 9090
  }
]
[2025-07-16T06:48:44.147Z] error: <httpProxy> Error calling http://192.168.0.25:9090/api/v1/query...
[2025-07-16T06:48:44.147Z] error: <httpProxy> [
  500,
  Error: connect ETIMEDOUT 192.168.0.25:9090
      at <unknown> (Error: connect ETIMEDOUT 192.168.0.25:9090) {
    errno: -110,
    code: 'ETIMEDOUT',
    syscall: 'connect',
    address: '192.168.0.25',
    port: 9090
  }
]
[2025-07-16T06:48:44.147Z] error: <httpProxy> Error calling http://192.168.0.25:9090/api/v1/query...
[2025-07-16T06:48:44.147Z] error: <httpProxy> [
  500,
  Error: connect ETIMEDOUT 192.168.0.25:9090
      at <unknown> (Error: connect ETIMEDOUT 192.168.0.25:9090) {
    errno: -110,
    code: 'ETIMEDOUT',
    syscall: 'connect',
    address: '192.168.0.25',
    port: 9090
  }
]
[2025-07-16T06:48:44.147Z] error: <httpProxy> Error calling http://192.168.0.25:9090/api/v1/query...
[2025-07-16T06:48:44.147Z] error: <httpProxy> [
  500,
  Error: connect ETIMEDOUT 192.168.0.25:9090
      at <unknown> (Error: connect ETIMEDOUT 192.168.0.25:9090) {
    errno: -110,
    code: 'ETIMEDOUT',
    syscall: 'connect',
    address: '192.168.0.25',
    port: 9090
  }
]
[2025-07-16T06:49:00.516Z] error: <httpProxy> Error calling http://192.168.0.25:9090/api/v1/query...
[2025-07-16T06:49:00.516Z] error: <httpProxy> [
  500,
  Error: connect ETIMEDOUT 192.168.0.25:9090
      at <unknown> (Error: connect ETIMEDOUT 192.168.0.25:9090) {
    errno: -110,
    code: 'ETIMEDOUT',
    syscall: 'connect',
    address: '192.168.0.25',
    port: 9090
  }
]
[2025-07-16T06:49:00.517Z] error: <httpProxy> Error calling http://192.168.0.25:9090/api/v1/query...
[2025-07-16T06:49:00.517Z] error: <httpProxy> [
  500,
  Error: connect ETIMEDOUT 192.168.0.25:9090
      at <unknown> (Error: connect ETIMEDOUT 192.168.0.25:9090) {
    errno: -110,
    code: 'ETIMEDOUT',
    syscall: 'connect',
    address: '192.168.0.25',
    port: 9090
  }
]
[2025-07-16T06:49:00.517Z] error: <httpProxy> Error calling http://192.168.0.25:9090/api/v1/query...
[2025-07-16T06:49:00.517Z] error: <httpProxy> [
  500,
  Error: connect ETIMEDOUT 192.168.0.25:9090
      at <unknown> (Error: connect ETIMEDOUT 192.168.0.25:9090) {
    errno: -110,
    code: 'ETIMEDOUT',
    syscall: 'connect',
    address: '192.168.0.25',
    port: 9090
  }
]
[2025-07-16T06:49:00.517Z] error: <httpProxy> Error calling http://192.168.0.25:9090/api/v1/query...
[2025-07-16T06:49:00.518Z] error: <httpProxy> [
  500,
  Error: connect ETIMEDOUT 192.168.0.25:9090
      at <unknown> (Error: connect ETIMEDOUT 192.168.0.25:9090) {
    errno: -110,
    code: 'ETIMEDOUT',
    syscall: 'connect',
    address: '192.168.0.25',
    port: 9090
  }
]
[2025-07-16T06:49:00.518Z] error: <httpProxy> Error calling http://192.168.0.25:9090/api/v1/query...
[2025-07-16T06:49:00.518Z] error: <httpProxy> [
  500,
  Error: connect ETIMEDOUT 192.168.0.25:9090
      at <unknown> (Error: connect ETIMEDOUT 192.168.0.25:9090) {
    errno: -110,
    code: 'ETIMEDOUT',
    syscall: 'connect',
    address: '192.168.0.25',
    port: 9090
  }
]
[2025-07-16T06:49:00.518Z] error: <httpProxy> Error calling http://192.168.0.25:9090/api/v1/query...
[2025-07-16T06:49:00.518Z] error: <httpProxy> [
  500,
  Error: connect ETIMEDOUT 192.168.0.25:9090
      at <unknown> (Error: connect ETIMEDOUT 192.168.0.25:9090) {
    errno: -110,
    code: 'ETIMEDOUT',
    syscall: 'connect',
    address: '192.168.0.25',
    port: 9090
  }
]
[2025-07-16T06:49:00.518Z] error: <httpProxy> Error calling http://192.168.0.25:9090/api/v1/query...
[2025-07-16T06:49:00.519Z] error: <httpProxy> [
  500,
  Error: connect ETIMEDOUT 192.168.0.25:9090
      at <unknown> (Error: connect ETIMEDOUT 192.168.0.25:9090) {
    errno: -110,
    code: 'ETIMEDOUT',
    syscall: 'connect',
    address: '192.168.0.25',
    port: 9090
  }
]
[2025-07-16T06:49:00.519Z] error: <httpProxy> Error calling http://192.168.0.25:9090/api/v1/query...
[2025-07-16T06:49:00.519Z] error: <httpProxy> [
  500,
  Error: connect ETIMEDOUT 192.168.0.25:9090
      at <unknown> (Error: connect ETIMEDOUT 192.168.0.25:9090) {
    errno: -110,
    code: 'ETIMEDOUT',
    syscall: 'connect',
    address: '192.168.0.25',
    port: 9090
  }
]
[2025-07-16T06:49:00.519Z] error: <httpProxy> Error calling http://192.168.0.25:9090/api/v1/query...
[2025-07-16T06:49:00.519Z] error: <httpProxy> [
  500,
  Error: connect ETIMEDOUT 192.168.0.25:9090
      at <unknown> (Error: connect ETIMEDOUT 192.168.0.25:9090) {
    errno: -110,
    code: 'ETIMEDOUT',
    syscall: 'connect',
    address: '192.168.0.25',
    port: 9090
  }
]
[2025-07-16T06:49:00.519Z] error: <httpProxy> Error calling http://192.168.0.25:9090/api/v1/query...
[2025-07-16T06:49:00.519Z] error: <httpProxy> [
  500,
  Error: connect ETIMEDOUT 192.168.0.25:9090
      at <unknown> (Error: connect ETIMEDOUT 192.168.0.25:9090) {
    errno: -110,
    code: 'ETIMEDOUT',
    syscall: 'connect',
    address: '192.168.0.25',
    port: 9090
  }
]
[2025-07-16T06:49:00.520Z] error: <httpProxy> Error calling http://192.168.0.25:9090/api/v1/query...
[2025-07-16T06:49:00.520Z] error: <httpProxy> [
  500,
  Error: connect ETIMEDOUT 192.168.0.25:9090
      at <unknown> (Error: connect ETIMEDOUT 192.168.0.25:9090) {
    errno: -110,
    code: 'ETIMEDOUT',
    syscall: 'connect',
    address: '192.168.0.25',
    port: 9090
  }
]
[2025-07-16T06:49:00.520Z] error: <httpProxy> Error calling http://192.168.0.25:9090/api/v1/query...
[2025-07-16T06:49:00.520Z] error: <httpProxy> [
  500,
  Error: connect ETIMEDOUT 192.168.0.25:9090
      at <unknown> (Error: connect ETIMEDOUT 192.168.0.25:9090) {
    errno: -110,
    code: 'ETIMEDOUT',
    syscall: 'connect',
    address: '192.168.0.25',
    port: 9090
  }
]
[2025-07-16T06:49:00.520Z] error: <httpProxy> Error calling http://192.168.0.25:9090/api/v1/query...
[2025-07-16T06:49:00.520Z] error: <httpProxy> [
  500,
  Error: connect ETIMEDOUT 192.168.0.25:9090
      at <unknown> (Error: connect ETIMEDOUT 192.168.0.25:9090) {
    errno: -110,
    code: 'ETIMEDOUT',
    syscall: 'connect',
    address: '192.168.0.25',
    port: 9090
  }
]
[2025-07-16T06:49:00.521Z] error: <httpProxy> Error calling http://192.168.0.25:9090/api/v1/query...
[2025-07-16T06:49:00.521Z] error: <httpProxy> [
  500,
  Error: connect ETIMEDOUT 192.168.0.25:9090
      at <unknown> (Error: connect ETIMEDOUT 192.168.0.25:9090) {
    errno: -110,
    code: 'ETIMEDOUT',
    syscall: 'connect',
    address: '192.168.0.25',
    port: 9090
  }
]
[2025-07-16T06:50:11.594Z] error: <httpProxy> Error calling http://127.0.0.1:9090/api/v1/query...
[2025-07-16T06:50:11.594Z] error: <httpProxy> [
  500,
  Error: connect ECONNREFUSED 127.0.0.1:9090
      at <unknown> (Error: connect ECONNREFUSED 127.0.0.1:9090) {
    errno: -111,
    code: 'ECONNREFUSED',
    syscall: 'connect',
    address: '127.0.0.1',
    port: 9090
  }
]
[2025-07-16T06:50:16.586Z] error: <httpProxy> Error calling http://127.0.0.1:9090/api/v1/query...
[2025-07-16T06:50:16.586Z] error: <httpProxy> [
  500,
  Error: connect ECONNREFUSED 127.0.0.1:9090
      at <unknown> (Error: connect ECONNREFUSED 127.0.0.1:9090) {
    errno: -111,
    code: 'ECONNREFUSED',
    syscall: 'connect',
    address: '127.0.0.1',
    port: 9090
  }
]
[2025-07-16T06:50:21.573Z] error: <httpProxy> Error calling http://127.0.0.1:9090/api/v1/query...
[2025-07-16T06:50:21.573Z] error: <httpProxy> [
  500,
  Error: connect ECONNREFUSED 127.0.0.1:9090
      at <unknown> (Error: connect ECONNREFUSED 127.0.0.1:9090) {
    errno: -111,
    code: 'ECONNREFUSED',
    syscall: 'connect',
    address: '127.0.0.1',
    port: 9090
  }
]
[2025-07-16T06:50:21.579Z] error: <httpProxy> Error calling http://127.0.0.1:9090/api/v1/query...
[2025-07-16T06:50:21.579Z] error: <httpProxy> [
  500,
  Error: connect ECONNREFUSED 127.0.0.1:9090
      at <unknown> (Error: connect ECONNREFUSED 127.0.0.1:9090) {
    errno: -111,
    code: 'ECONNREFUSED',
    syscall: 'connect',
    address: '127.0.0.1',
    port: 9090
  }
]
[2025-07-16T06:50:21.591Z] error: <httpProxy> Error calling http://127.0.0.1:9090/api/v1/query...
[2025-07-16T06:50:21.591Z] error: <httpProxy> [
  500,
  Error: connect ECONNREFUSED 127.0.0.1:9090
      at <unknown> (Error: connect ECONNREFUSED 127.0.0.1:9090) {
    errno: -111,
    code: 'ECONNREFUSED',
    syscall: 'connect',
    address: '127.0.0.1',
    port: 9090
  }
]
[2025-07-16T06:50:21.599Z] error: <httpProxy> Error calling http://127.0.0.1:9090/api/v1/query...
[2025-07-16T06:50:21.599Z] error: <httpProxy> [
  500,
  Error: connect ECONNREFUSED 127.0.0.1:9090
      at <unknown> (Error: connect ECONNREFUSED 127.0.0.1:9090) {
    errno: -111,
    code: 'ECONNREFUSED',
    syscall: 'connect',
    address: '127.0.0.1',
    port: 9090
  }
]
[2025-07-16T06:50:21.600Z] error: <httpProxy> Error calling http://127.0.0.1:9090/api/v1/query...
[2025-07-16T06:50:21.600Z] error: <httpProxy> [
  500,
  Error: connect ECONNREFUSED 127.0.0.1:9090
      at <unknown> (Error: connect ECONNREFUSED 127.0.0.1:9090) {
    errno: -111,
    code: 'ECONNREFUSED',
    syscall: 'connect',
    address: '127.0.0.1',
    port: 9090
  }
]
[2025-07-16T06:50:31.570Z] error: <httpProxy> Error calling http://127.0.0.1:9090/api/v1/query...
[2025-07-16T06:50:31.571Z] error: <httpProxy> [
  500,
  Error: connect ECONNREFUSED 127.0.0.1:9090
      at <unknown> (Error: connect ECONNREFUSED 127.0.0.1:9090) {
    errno: -111,
    code: 'ECONNREFUSED',
    syscall: 'connect',
    address: '127.0.0.1',
    port: 9090
  }
]
[2025-07-16T06:50:31.573Z] error: <httpProxy> Error calling http://127.0.0.1:9090/api/v1/query...
[2025-07-16T06:50:31.573Z] error: <httpProxy> [
  500,
  Error: connect ECONNREFUSED 127.0.0.1:9090
      at <unknown> (Error: connect ECONNREFUSED 127.0.0.1:9090) {
    errno: -111,
    code: 'ECONNREFUSED',
    syscall: 'connect',
    address: '127.0.0.1',
    port: 9090
  }
]
[2025-07-16T06:50:31.582Z] error: <httpProxy> Error calling http://127.0.0.1:9090/api/v1/query...
[2025-07-16T06:50:31.582Z] error: <httpProxy> [
  500,
  Error: connect ECONNREFUSED 127.0.0.1:9090
      at <unknown> (Error: connect ECONNREFUSED 127.0.0.1:9090) {
    errno: -111,
    code: 'ECONNREFUSED',
    syscall: 'connect',
    address: '127.0.0.1',
    port: 9090
  }
]
[2025-07-16T06:50:31.587Z] error: <httpProxy> Error calling http://127.0.0.1:9090/api/v1/query...
[2025-07-16T06:50:31.587Z] error: <httpProxy> [
  500,
  Error: connect ECONNREFUSED 127.0.0.1:9090
      at <unknown> (Error: connect ECONNREFUSED 127.0.0.1:9090) {
    errno: -111,
    code: 'ECONNREFUSED',
    syscall: 'connect',
    address: '127.0.0.1',
    port: 9090
  }
]
[2025-07-16T06:50:31.587Z] error: <httpProxy> Error calling http://127.0.0.1:9090/api/v1/query...
[2025-07-16T06:50:31.587Z] error: <httpProxy> [
  500,
  Error: connect ECONNREFUSED 127.0.0.1:9090
      at <unknown> (Error: connect ECONNREFUSED 127.0.0.1:9090) {
    errno: -111,
    code: 'ECONNREFUSED',
    syscall: 'connect',
    address: '127.0.0.1',
    port: 9090
  }
]
[2025-07-16T06:50:31.595Z] error: <httpProxy> Error calling http://127.0.0.1:9090/api/v1/query...
[2025-07-16T06:50:31.595Z] error: <httpProxy> [
  500,
  Error: connect ECONNREFUSED 127.0.0.1:9090
      at <unknown> (Error: connect ECONNREFUSED 127.0.0.1:9090) {
    errno: -111,
    code: 'ECONNREFUSED',
    syscall: 'connect',
    address: '127.0.0.1',
    port: 9090
  }
]
[2025-07-16T06:50:34.724Z] error: <httpProxy> Error calling http://192.168.0.25:9090/api/v1/query...
[2025-07-16T06:50:34.725Z] error: <httpProxy> [
  500,
  Error: connect ETIMEDOUT 192.168.0.25:9090
      at <unknown> (Error: connect ETIMEDOUT 192.168.0.25:9090) {
    errno: -110,
    code: 'ETIMEDOUT',
    syscall: 'connect',
    address: '192.168.0.25',
    port: 9090
  }
]
[2025-07-16T06:50:34.725Z] error: <httpProxy> Error calling http://192.168.0.25:9090/api/v1/query...
[2025-07-16T06:50:34.725Z] error: <httpProxy> [
  500,
  Error: connect ETIMEDOUT 192.168.0.25:9090
      at <unknown> (Error: connect ETIMEDOUT 192.168.0.25:9090) {
    errno: -110,
    code: 'ETIMEDOUT',
    syscall: 'connect',
    address: '192.168.0.25',
    port: 9090
  }
]
[2025-07-16T06:50:34.725Z] error: <httpProxy> Error calling http://192.168.0.25:9090/api/v1/query...
[2025-07-16T06:50:34.725Z] error: <httpProxy> [
  500,
  Error: connect ETIMEDOUT 192.168.0.25:9090
      at <unknown> (Error: connect ETIMEDOUT 192.168.0.25:9090) {
    errno: -110,
    code: 'ETIMEDOUT',
    syscall: 'connect',
    address: '192.168.0.25',
    port: 9090
  }
]
[2025-07-16T06:50:34.726Z] error: <httpProxy> Error calling http://192.168.0.25:9090/api/v1/query...
[2025-07-16T06:50:34.726Z] error: <httpProxy> [
  500,
  Error: connect ETIMEDOUT 192.168.0.25:9090
      at <unknown> (Error: connect ETIMEDOUT 192.168.0.25:9090) {
    errno: -110,
    code: 'ETIMEDOUT',
    syscall: 'connect',
    address: '192.168.0.25',
    port: 9090
  }
]
[2025-07-16T06:50:34.726Z] error: <httpProxy> Error calling http://192.168.0.25:9090/api/v1/query...
[2025-07-16T06:50:34.726Z] error: <httpProxy> [
  500,
  Error: connect ETIMEDOUT 192.168.0.25:9090
      at <unknown> (Error: connect ETIMEDOUT 192.168.0.25:9090) {
    errno: -110,
    code: 'ETIMEDOUT',
    syscall: 'connect',
    address: '192.168.0.25',
    port: 9090
  }
]
[2025-07-16T06:50:42.916Z] error: <httpProxy> Error calling http://192.168.0.25:9090/api/v1/query...
[2025-07-16T06:50:42.916Z] error: <httpProxy> [
  500,
  Error: connect ETIMEDOUT 192.168.0.25:9090
      at <unknown> (Error: connect ETIMEDOUT 192.168.0.25:9090) {
    errno: -110,
    code: 'ETIMEDOUT',
    syscall: 'connect',
    address: '192.168.0.25',
    port: 9090
  }
]
[2025-07-16T06:50:42.917Z] error: <httpProxy> Error calling http://192.168.0.25:9090/api/v1/query...
[2025-07-16T06:50:42.917Z] error: <httpProxy> [
  500,
  Error: connect ETIMEDOUT 192.168.0.25:9090
      at <unknown> (Error: connect ETIMEDOUT 192.168.0.25:9090) {
    errno: -110,
    code: 'ETIMEDOUT',
    syscall: 'connect',
    address: '192.168.0.25',
    port: 9090
  }
]
[2025-07-16T06:50:42.917Z] error: <httpProxy> Error calling http://192.168.0.25:9090/api/v1/query...
[2025-07-16T06:50:42.917Z] error: <httpProxy> [
  500,
  Error: connect ETIMEDOUT 192.168.0.25:9090
      at <unknown> (Error: connect ETIMEDOUT 192.168.0.25:9090) {
    errno: -110,
    code: 'ETIMEDOUT',
    syscall: 'connect',
    address: '192.168.0.25',
    port: 9090
  }
]
[2025-07-16T06:50:42.917Z] error: <httpProxy> Error calling http://192.168.0.25:9090/api/v1/query...
[2025-07-16T06:50:42.917Z] error: <httpProxy> [
  500,
  Error: connect ETIMEDOUT 192.168.0.25:9090
      at <unknown> (Error: connect ETIMEDOUT 192.168.0.25:9090) {
    errno: -110,
    code: 'ETIMEDOUT',
    syscall: 'connect',
    address: '192.168.0.25',
    port: 9090
  }
]
[2025-07-16T06:50:42.918Z] error: <httpProxy> Error calling http://192.168.0.25:9090/api/v1/query...
[2025-07-16T06:50:42.918Z] error: <httpProxy> [
  500,
  Error: connect ETIMEDOUT 192.168.0.25:9090
      at <unknown> (Error: connect ETIMEDOUT 192.168.0.25:9090) {
    errno: -110,
    code: 'ETIMEDOUT',
    syscall: 'connect',
    address: '192.168.0.25',
    port: 9090
  }
]
[2025-07-16T06:50:42.918Z] error: <httpProxy> Error calling http://192.168.0.25:9090/api/v1/query...
[2025-07-16T06:50:42.918Z] error: <httpProxy> [
  500,
  Error: connect ETIMEDOUT 192.168.0.25:9090
      at <unknown> (Error: connect ETIMEDOUT 192.168.0.25:9090) {
    errno: -110,
    code: 'ETIMEDOUT',
    syscall: 'connect',
    address: '192.168.0.25',
    port: 9090
  }
]
[2025-07-16T06:50:42.919Z] error: <httpProxy> Error calling http://192.168.0.25:9090/api/v1/query...
[2025-07-16T06:50:42.919Z] error: <httpProxy> [
  500,
  Error: connect ETIMEDOUT 192.168.0.25:9090
      at <unknown> (Error: connect ETIMEDOUT 192.168.0.25:9090) {
    errno: -110,
    code: 'ETIMEDOUT',
    syscall: 'connect',
    address: '192.168.0.25',
    port: 9090
  }
]
[2025-07-16T06:50:42.919Z] error: <httpProxy> Error calling http://192.168.0.25:9090/api/v1/query...
[2025-07-16T06:50:42.919Z] error: <httpProxy> [
  500,
  Error: connect ETIMEDOUT 192.168.0.25:9090
      at <unknown> (Error: connect ETIMEDOUT 192.168.0.25:9090) {
    errno: -110,
    code: 'ETIMEDOUT',
    syscall: 'connect',
    address: '192.168.0.25',
    port: 9090
  }
]
[2025-07-16T06:50:42.919Z] error: <httpProxy> Error calling http://192.168.0.25:9090/api/v1/query...
[2025-07-16T06:50:42.919Z] error: <httpProxy> [
  500,
  Error: connect ETIMEDOUT 192.168.0.25:9090
      at <unknown> (Error: connect ETIMEDOUT 192.168.0.25:9090) {
    errno: -110,
    code: 'ETIMEDOUT',
    syscall: 'connect',
    address: '192.168.0.25',
    port: 9090
  }
]
[2025-07-16T06:50:46.588Z] error: <httpProxy> Error calling http://127.0.0.1:9090/api/v1/query...
[2025-07-16T06:50:46.588Z] error: <httpProxy> [
  500,
  Error: connect ECONNREFUSED 127.0.0.1:9090
      at <unknown> (Error: connect ECONNREFUSED 127.0.0.1:9090) {
    errno: -111,
    code: 'ECONNREFUSED',
    syscall: 'connect',
    address: '127.0.0.1',
    port: 9090
  }
]
[2025-07-16T06:50:46.588Z] error: <httpProxy> Error calling http://127.0.0.1:9090/api/v1/query...
[2025-07-16T06:50:46.588Z] error: <httpProxy> [
  500,
  Error: connect ECONNREFUSED 127.0.0.1:9090
      at <unknown> (Error: connect ECONNREFUSED 127.0.0.1:9090) {
    errno: -111,
    code: 'ECONNREFUSED',
    syscall: 'connect',
    address: '127.0.0.1',
    port: 9090
  }
]
[2025-07-16T06:50:46.596Z] error: <httpProxy> Error calling http://127.0.0.1:9090/api/v1/query...
[2025-07-16T06:50:46.596Z] error: <httpProxy> [
  500,
  Error: connect ECONNREFUSED 127.0.0.1:9090
      at <unknown> (Error: connect ECONNREFUSED 127.0.0.1:9090) {
    errno: -111,
    code: 'ECONNREFUSED',
    syscall: 'connect',
    address: '127.0.0.1',
    port: 9090
  }
]
[2025-07-16T06:50:46.599Z] error: <httpProxy> Error calling http://127.0.0.1:9090/api/v1/query...
[2025-07-16T06:50:46.599Z] error: <httpProxy> [
  500,
  Error: connect ECONNREFUSED 127.0.0.1:9090
      at <unknown> (Error: connect ECONNREFUSED 127.0.0.1:9090) {
    errno: -111,
    code: 'ECONNREFUSED',
    syscall: 'connect',
    address: '127.0.0.1',
    port: 9090
  }
]
[2025-07-16T06:50:46.599Z] error: <httpProxy> Error calling http://127.0.0.1:9090/api/v1/query...
[2025-07-16T06:50:46.600Z] error: <httpProxy> [
  500,
  Error: connect ECONNREFUSED 127.0.0.1:9090
      at <unknown> (Error: connect ECONNREFUSED 127.0.0.1:9090) {
    errno: -111,
    code: 'ECONNREFUSED',
    syscall: 'connect',
    address: '127.0.0.1',
    port: 9090
  }
]
[2025-07-16T06:50:46.607Z] error: <httpProxy> Error calling http://127.0.0.1:9090/api/v1/query...
[2025-07-16T06:50:46.607Z] error: <httpProxy> [
  500,
  Error: connect ECONNREFUSED 127.0.0.1:9090
      at <unknown> (Error: connect ECONNREFUSED 127.0.0.1:9090) {
    errno: -111,
    code: 'ECONNREFUSED',
    syscall: 'connect',
    address: '127.0.0.1',
    port: 9090
  }
]
[2025-07-16T06:51:01.601Z] error: <httpProxy> Error calling http://127.0.0.1:9090/api/v1/query...
[2025-07-16T06:51:01.601Z] error: <httpProxy> [
  500,
  Error: connect ECONNREFUSED 127.0.0.1:9090
      at <unknown> (Error: connect ECONNREFUSED 127.0.0.1:9090) {
    errno: -111,
    code: 'ECONNREFUSED',
    syscall: 'connect',
    address: '127.0.0.1',
    port: 9090
  }
]
[2025-07-16T06:51:01.602Z] error: <httpProxy> Error calling http://127.0.0.1:9090/api/v1/query...
[2025-07-16T06:51:01.602Z] error: <httpProxy> [
  500,
  Error: connect ECONNREFUSED 127.0.0.1:9090
      at <unknown> (Error: connect ECONNREFUSED 127.0.0.1:9090) {
    errno: -111,
    code: 'ECONNREFUSED',
    syscall: 'connect',
    address: '127.0.0.1',
    port: 9090
  }
]
[2025-07-16T06:51:01.604Z] error: <httpProxy> Error calling http://127.0.0.1:9090/api/v1/query...
[2025-07-16T06:51:01.604Z] error: <httpProxy> [
  500,
  Error: connect ECONNREFUSED 127.0.0.1:9090
      at <unknown> (Error: connect ECONNREFUSED 127.0.0.1:9090) {
    errno: -111,
    code: 'ECONNREFUSED',
    syscall: 'connect',
    address: '127.0.0.1',
    port: 9090
  }
]
[2025-07-16T06:51:01.610Z] error: <httpProxy> Error calling http://127.0.0.1:9090/api/v1/query...
[2025-07-16T06:51:01.610Z] error: <httpProxy> [
  500,
  Error: connect ECONNREFUSED 127.0.0.1:9090
      at <unknown> (Error: connect ECONNREFUSED 127.0.0.1:9090) {
    errno: -111,
    code: 'ECONNREFUSED',
    syscall: 'connect',
    address: '127.0.0.1',
    port: 9090
  }
]
[2025-07-16T06:51:01.611Z] error: <httpProxy> Error calling http://127.0.0.1:9090/api/v1/query...
[2025-07-16T06:51:01.611Z] error: <httpProxy> [
  500,
  Error: connect ECONNREFUSED 127.0.0.1:9090
      at <unknown> (Error: connect ECONNREFUSED 127.0.0.1:9090) {
    errno: -111,
    code: 'ECONNREFUSED',
    syscall: 'connect',
    address: '127.0.0.1',
    port: 9090
  }
]
[2025-07-16T06:51:01.614Z] error: <httpProxy> Error calling http://127.0.0.1:9090/api/v1/query...
[2025-07-16T06:51:01.614Z] error: <httpProxy> [
  500,
  Error: connect ECONNREFUSED 127.0.0.1:9090
      at <unknown> (Error: connect ECONNREFUSED 127.0.0.1:9090) {
    errno: -111,
    code: 'ECONNREFUSED',
    syscall: 'connect',
    address: '127.0.0.1',
    port: 9090
  }
]
[2025-07-16T06:51:10.780Z] error: <httpProxy> Error calling http://127.0.0.1:9090/api/v1/query...
[2025-07-16T06:51:10.780Z] error: <httpProxy> [
  500,
  Error: connect ECONNREFUSED 127.0.0.1:9090
      at <unknown> (Error: connect ECONNREFUSED 127.0.0.1:9090) {
    errno: -111,
    code: 'ECONNREFUSED',
    syscall: 'connect',
    address: '127.0.0.1',
    port: 9090
  }
]
[2025-07-16T06:51:10.782Z] error: <httpProxy> Error calling http://127.0.0.1:9090/api/v1/query...
[2025-07-16T06:51:10.782Z] error: <httpProxy> [
  500,
  Error: connect ECONNREFUSED 127.0.0.1:9090
      at <unknown> (Error: connect ECONNREFUSED 127.0.0.1:9090) {
    errno: -111,
    code: 'ECONNREFUSED',
    syscall: 'connect',
    address: '127.0.0.1',
    port: 9090
  }
]
[2025-07-16T06:51:10.785Z] error: <httpProxy> Error calling http://127.0.0.1:9090/api/v1/query...
[2025-07-16T06:51:10.785Z] error: <httpProxy> [
  500,
  Error: connect ECONNREFUSED 127.0.0.1:9090
      at <unknown> (Error: connect ECONNREFUSED 127.0.0.1:9090) {
    errno: -111,
    code: 'ECONNREFUSED',
    syscall: 'connect',
    address: '127.0.0.1',
    port: 9090
  }
]
[2025-07-16T06:51:10.787Z] error: <httpProxy> Error calling http://127.0.0.1:9090/api/v1/query...
[2025-07-16T06:51:10.787Z] error: <httpProxy> [
  500,
  Error: connect ECONNREFUSED 127.0.0.1:9090
      at <unknown> (Error: connect ECONNREFUSED 127.0.0.1:9090) {
    errno: -111,
    code: 'ECONNREFUSED',
    syscall: 'connect',
    address: '127.0.0.1',
    port: 9090
  }
]
[2025-07-16T06:51:10.790Z] error: <httpProxy> Error calling http://127.0.0.1:9090/api/v1/query...
[2025-07-16T06:51:10.790Z] error: <httpProxy> [
  500,
  Error: connect ECONNREFUSED 127.0.0.1:9090
      at <unknown> (Error: connect ECONNREFUSED 127.0.0.1:9090) {
    errno: -111,
    code: 'ECONNREFUSED',
    syscall: 'connect',
    address: '127.0.0.1',
    port: 9090
  }
]
[2025-07-16T06:51:10.792Z] error: <httpProxy> Error calling http://127.0.0.1:9090/api/v1/query...
[2025-07-16T06:51:10.792Z] error: <httpProxy> [
  500,
  Error: connect ECONNREFUSED 127.0.0.1:9090
      at <unknown> (Error: connect ECONNREFUSED 127.0.0.1:9090) {
    errno: -111,
    code: 'ECONNREFUSED',
    syscall: 'connect',
    address: '127.0.0.1',
    port: 9090
  }
]
[2025-07-16T06:51:10.912Z] error: <httpProxy> Error calling http://127.0.0.1:9090/api/v1/query...
[2025-07-16T06:51:10.912Z] error: <httpProxy> [
  500,
  Error: connect ECONNREFUSED 127.0.0.1:9090
      at <unknown> (Error: connect ECONNREFUSED 127.0.0.1:9090) {
    errno: -111,
    code: 'ECONNREFUSED',
    syscall: 'connect',
    address: '127.0.0.1',
    port: 9090
  }
]
[2025-07-16T06:51:10.914Z] error: <httpProxy> Error calling http://127.0.0.1:9090/api/v1/query...
[2025-07-16T06:51:10.914Z] error: <httpProxy> [
  500,
  Error: connect ECONNREFUSED 127.0.0.1:9090
      at <unknown> (Error: connect ECONNREFUSED 127.0.0.1:9090) {
    errno: -111,
    code: 'ECONNREFUSED',
    syscall: 'connect',
    address: '127.0.0.1',
    port: 9090
  }
]
[2025-07-16T06:51:10.916Z] error: <httpProxy> Error calling http://127.0.0.1:9090/api/v1/query...
[2025-07-16T06:51:10.917Z] error: <httpProxy> [
  500,
  Error: connect ECONNREFUSED 127.0.0.1:9090
      at <unknown> (Error: connect ECONNREFUSED 127.0.0.1:9090) {
    errno: -111,
    code: 'ECONNREFUSED',
    syscall: 'connect',
    address: '127.0.0.1',
    port: 9090
  }
]
[2025-07-16T06:51:10.918Z] error: <httpProxy> Error calling http://127.0.0.1:9090/api/v1/query...
[2025-07-16T06:51:10.918Z] error: <httpProxy> [
  500,
  Error: connect ECONNREFUSED 127.0.0.1:9090
      at <unknown> (Error: connect ECONNREFUSED 127.0.0.1:9090) {
    errno: -111,
    code: 'ECONNREFUSED',
    syscall: 'connect',
    address: '127.0.0.1',
    port: 9090
  }
]
[2025-07-16T06:51:10.922Z] error: <httpProxy> Error calling http://127.0.0.1:9090/api/v1/query...
[2025-07-16T06:51:10.922Z] error: <httpProxy> [
  500,
  Error: connect ECONNREFUSED 127.0.0.1:9090
      at <unknown> (Error: connect ECONNREFUSED 127.0.0.1:9090) {
    errno: -111,
    code: 'ECONNREFUSED',
    syscall: 'connect',
    address: '127.0.0.1',
    port: 9090
  }
]
[2025-07-16T06:51:10.923Z] error: <httpProxy> Error calling http://127.0.0.1:9090/api/v1/query...
[2025-07-16T06:51:10.924Z] error: <httpProxy> [
  500,
  Error: connect ECONNREFUSED 127.0.0.1:9090
      at <unknown> (Error: connect ECONNREFUSED 127.0.0.1:9090) {
    errno: -111,
    code: 'ECONNREFUSED',
    syscall: 'connect',
    address: '127.0.0.1',
    port: 9090
  }
]
[2025-07-16T06:51:10.927Z] error: <httpProxy> Error calling http://127.0.0.1:9090/api/v1/query...
[2025-07-16T06:51:10.927Z] error: <httpProxy> [
  500,
  Error: connect ECONNREFUSED 127.0.0.1:9090
      at <unknown> (Error: connect ECONNREFUSED 127.0.0.1:9090) {
    errno: -111,
    code: 'ECONNREFUSED',
    syscall: 'connect',
    address: '127.0.0.1',
    port: 9090
  }
]
[2025-07-16T06:51:10.929Z] error: <httpProxy> Error calling http://127.0.0.1:9090/api/v1/query...
[2025-07-16T06:51:10.929Z] error: <httpProxy> [
  500,
  Error: connect ECONNREFUSED 127.0.0.1:9090
      at <unknown> (Error: connect ECONNREFUSED 127.0.0.1:9090) {
    errno: -111,
    code: 'ECONNREFUSED',
    syscall: 'connect',
    address: '127.0.0.1',
    port: 9090
  }
]
[2025-07-16T06:51:10.931Z] error: <httpProxy> Error calling http://127.0.0.1:9090/api/v1/query...
[2025-07-16T06:51:10.931Z] error: <httpProxy> [
  500,
  Error: connect ECONNREFUSED 127.0.0.1:9090
      at <unknown> (Error: connect ECONNREFUSED 127.0.0.1:9090) {
    errno: -111,
    code: 'ECONNREFUSED',
    syscall: 'connect',
    address: '127.0.0.1',
    port: 9090
  }
]
[2025-07-16T06:51:10.933Z] error: <httpProxy> Error calling http://127.0.0.1:9090/api/v1/query...
[2025-07-16T06:51:10.933Z] error: <httpProxy> [
  500,
  Error: connect ECONNREFUSED 127.0.0.1:9090
      at <unknown> (Error: connect ECONNREFUSED 127.0.0.1:9090) {
    errno: -111,
    code: 'ECONNREFUSED',
    syscall: 'connect',
    address: '127.0.0.1',
    port: 9090
  }
]
[2025-07-16T06:51:10.936Z] error: <httpProxy> Error calling http://127.0.0.1:9090/api/v1/query...
[2025-07-16T06:51:10.936Z] error: <httpProxy> [
  500,
  Error: connect ECONNREFUSED 127.0.0.1:9090
      at <unknown> (Error: connect ECONNREFUSED 127.0.0.1:9090) {
    errno: -111,
    code: 'ECONNREFUSED',
    syscall: 'connect',
    address: '127.0.0.1',
    port: 9090
  }
]
[2025-07-16T06:51:10.938Z] error: <httpProxy> Error calling http://127.0.0.1:9090/api/v1/query...
[2025-07-16T06:51:10.938Z] error: <httpProxy> [
  500,
  Error: connect ECONNREFUSED 127.0.0.1:9090
      at <unknown> (Error: connect ECONNREFUSED 127.0.0.1:9090) {
    errno: -111,
    code: 'ECONNREFUSED',
    syscall: 'connect',
    address: '127.0.0.1',
    port: 9090
  }
]
[2025-07-16T06:51:10.940Z] error: <httpProxy> Error calling http://127.0.0.1:9090/api/v1/query...
[2025-07-16T06:51:10.940Z] error: <httpProxy> [
  500,
  Error: connect ECONNREFUSED 127.0.0.1:9090
      at <unknown> (Error: connect ECONNREFUSED 127.0.0.1:9090) {
    errno: -111,
    code: 'ECONNREFUSED',
    syscall: 'connect',
    address: '127.0.0.1',
    port: 9090
  }
]
[2025-07-16T06:51:10.941Z] error: <httpProxy> Error calling http://127.0.0.1:9090/api/v1/query...
[2025-07-16T06:51:10.942Z] error: <httpProxy> [
  500,
  Error: connect ECONNREFUSED 127.0.0.1:9090
      at <unknown> (Error: connect ECONNREFUSED 127.0.0.1:9090) {
    errno: -111,
    code: 'ECONNREFUSED',
    syscall: 'connect',
    address: '127.0.0.1',
    port: 9090
  }
]
[2025-07-16T06:52:47.408Z] error: <httpProxy> Error calling http://127.0.0.1:9090/api/v1/query...
[2025-07-16T06:52:47.411Z] error: <httpProxy> [
  500,
  Error: connect ECONNREFUSED 127.0.0.1:9090
      at <unknown> (Error: connect ECONNREFUSED 127.0.0.1:9090) {
    errno: -111,
    code: 'ECONNREFUSED',
    syscall: 'connect',
    address: '127.0.0.1',
    port: 9090
  }
]
[2025-07-16T06:52:47.414Z] error: <httpProxy> Error calling http://127.0.0.1:9090/api/v1/query...
[2025-07-16T06:52:47.415Z] error: <httpProxy> [
  500,
  Error: connect ECONNREFUSED 127.0.0.1:9090
      at <unknown> (Error: connect ECONNREFUSED 127.0.0.1:9090) {
    errno: -111,
    code: 'ECONNREFUSED',
    syscall: 'connect',
    address: '127.0.0.1',
    port: 9090
  }
]
[2025-07-16T06:52:47.418Z] error: <httpProxy> Error calling http://127.0.0.1:9090/api/v1/query...
[2025-07-16T06:52:47.418Z] error: <httpProxy> [
  500,
  Error: connect ECONNREFUSED 127.0.0.1:9090
      at <unknown> (Error: connect ECONNREFUSED 127.0.0.1:9090) {
    errno: -111,
    code: 'ECONNREFUSED',
    syscall: 'connect',
    address: '127.0.0.1',
    port: 9090
  }
]
[2025-07-16T06:52:47.421Z] error: <httpProxy> Error calling http://127.0.0.1:9090/api/v1/query...
[2025-07-16T06:52:47.422Z] error: <httpProxy> [
  500,
  Error: connect ECONNREFUSED 127.0.0.1:9090
      at <unknown> (Error: connect ECONNREFUSED 127.0.0.1:9090) {
    errno: -111,
    code: 'ECONNREFUSED',
    syscall: 'connect',
    address: '127.0.0.1',
    port: 9090
  }
]
[2025-07-16T06:52:47.425Z] error: <httpProxy> Error calling http://127.0.0.1:9090/api/v1/query...
[2025-07-16T06:52:47.426Z] error: <httpProxy> [
  500,
  Error: connect ECONNREFUSED 127.0.0.1:9090
      at <unknown> (Error: connect ECONNREFUSED 127.0.0.1:9090) {
    errno: -111,
    code: 'ECONNREFUSED',
    syscall: 'connect',
    address: '127.0.0.1',
    port: 9090
  }
]
[2025-07-16T06:52:47.432Z] error: <httpProxy> Error calling http://127.0.0.1:9090/api/v1/query...
[2025-07-16T06:52:47.432Z] error: <httpProxy> [
  500,
  Error: connect ECONNREFUSED 127.0.0.1:9090
      at <unknown> (Error: connect ECONNREFUSED 127.0.0.1:9090) {
    errno: -111,
    code: 'ECONNREFUSED',
    syscall: 'connect',
    address: '127.0.0.1',
    port: 9090
  }
]
[2025-07-16T06:52:47.440Z] error: <httpProxy> Error calling http://127.0.0.1:9090/api/v1/query...
[2025-07-16T06:52:47.440Z] error: <httpProxy> [
  500,
  Error: connect ECONNREFUSED 127.0.0.1:9090
      at <unknown> (Error: connect ECONNREFUSED 127.0.0.1:9090) {
    errno: -111,
    code: 'ECONNREFUSED',
    syscall: 'connect',
    address: '127.0.0.1',
    port: 9090
  }
]
[2025-07-16T06:52:47.467Z] error: <httpProxy> Error calling http://127.0.0.1:9090/api/v1/query...
[2025-07-16T06:52:47.467Z] error: <httpProxy> [
  500,
  Error: connect ECONNREFUSED 127.0.0.1:9090
      at <unknown> (Error: connect ECONNREFUSED 127.0.0.1:9090) {
    errno: -111,
    code: 'ECONNREFUSED',
    syscall: 'connect',
    address: '127.0.0.1',
    port: 9090
  }
]
[2025-07-16T06:52:47.474Z] error: <httpProxy> Error calling http://127.0.0.1:9090/api/v1/query...
[2025-07-16T06:52:47.474Z] error: <httpProxy> [
  500,
  Error: connect ECONNREFUSED 127.0.0.1:9090
      at <unknown> (Error: connect ECONNREFUSED 127.0.0.1:9090) {
    errno: -111,
    code: 'ECONNREFUSED',
    syscall: 'connect',
    address: '127.0.0.1',
    port: 9090
  }
]
[2025-07-16T06:52:47.477Z] error: <httpProxy> Error calling http://127.0.0.1:9090/api/v1/query...
[2025-07-16T06:52:47.477Z] error: <httpProxy> [
  500,
  Error: connect ECONNREFUSED 127.0.0.1:9090
      at <unknown> (Error: connect ECONNREFUSED 127.0.0.1:9090) {
    errno: -111,
    code: 'ECONNREFUSED',
    syscall: 'connect',
    address: '127.0.0.1',
    port: 9090
  }
]
[2025-07-16T06:52:47.479Z] error: <httpProxy> Error calling http://127.0.0.1:9090/api/v1/query...
[2025-07-16T06:52:47.479Z] error: <httpProxy> [
  500,
  Error: connect ECONNREFUSED 127.0.0.1:9090
      at <unknown> (Error: connect ECONNREFUSED 127.0.0.1:9090) {
    errno: -111,
    code: 'ECONNREFUSED',
    syscall: 'connect',
    address: '127.0.0.1',
    port: 9090
  }
]
[2025-07-16T06:52:47.481Z] error: <httpProxy> Error calling http://127.0.0.1:9090/api/v1/query...
[2025-07-16T06:52:47.481Z] error: <httpProxy> [
  500,
  Error: connect ECONNREFUSED 127.0.0.1:9090
      at <unknown> (Error: connect ECONNREFUSED 127.0.0.1:9090) {
    errno: -111,
    code: 'ECONNREFUSED',
    syscall: 'connect',
    address: '127.0.0.1',
    port: 9090
  }
]
[2025-07-16T06:52:47.485Z] error: <httpProxy> Error calling http://127.0.0.1:9090/api/v1/query...
[2025-07-16T06:52:47.486Z] error: <httpProxy> [
  500,
  Error: connect ECONNREFUSED 127.0.0.1:9090
      at <unknown> (Error: connect ECONNREFUSED 127.0.0.1:9090) {
    errno: -111,
    code: 'ECONNREFUSED',
    syscall: 'connect',
    address: '127.0.0.1',
    port: 9090
  }
]
[2025-07-16T06:52:47.489Z] error: <httpProxy> Error calling http://127.0.0.1:9090/api/v1/query...
[2025-07-16T06:52:47.489Z] error: <httpProxy> [
  500,
  Error: connect ECONNREFUSED 127.0.0.1:9090
      at <unknown> (Error: connect ECONNREFUSED 127.0.0.1:9090) {
    errno: -111,
    code: 'ECONNREFUSED',
    syscall: 'connect',
    address: '127.0.0.1',
    port: 9090
  }
]
[2025-07-16T06:52:47.761Z] error: <httpProxy> Error calling http://127.0.0.1:9090/api/v1/query...
[2025-07-16T06:52:47.762Z] error: <httpProxy> [
  500,
  Error: connect ECONNREFUSED 127.0.0.1:9090
      at <unknown> (Error: connect ECONNREFUSED 127.0.0.1:9090) {
    errno: -111,
    code: 'ECONNREFUSED',
    syscall: 'connect',
    address: '127.0.0.1',
    port: 9090
  }
]
[2025-07-16T06:52:47.764Z] error: <httpProxy> Error calling http://127.0.0.1:9090/api/v1/query...
[2025-07-16T06:52:47.764Z] error: <httpProxy> [
  500,
  Error: connect ECONNREFUSED 127.0.0.1:9090
      at <unknown> (Error: connect ECONNREFUSED 127.0.0.1:9090) {
    errno: -111,
    code: 'ECONNREFUSED',
    syscall: 'connect',
    address: '127.0.0.1',
    port: 9090
  }
]
[2025-07-16T06:52:47.767Z] error: <httpProxy> Error calling http://127.0.0.1:9090/api/v1/query...
[2025-07-16T06:52:47.767Z] error: <httpProxy> [
  500,
  Error: connect ECONNREFUSED 127.0.0.1:9090
      at <unknown> (Error: connect ECONNREFUSED 127.0.0.1:9090) {
    errno: -111,
    code: 'ECONNREFUSED',
    syscall: 'connect',
    address: '127.0.0.1',
    port: 9090
  }
]
[2025-07-16T06:52:47.769Z] error: <httpProxy> Error calling http://127.0.0.1:9090/api/v1/query...
[2025-07-16T06:52:47.769Z] error: <httpProxy> [
  500,
  Error: connect ECONNREFUSED 127.0.0.1:9090
      at <unknown> (Error: connect ECONNREFUSED 127.0.0.1:9090) {
    errno: -111,
    code: 'ECONNREFUSED',
    syscall: 'connect',
    address: '127.0.0.1',
    port: 9090
  }
]
[2025-07-16T06:52:47.772Z] error: <httpProxy> Error calling http://127.0.0.1:9090/api/v1/query...
[2025-07-16T06:52:47.772Z] error: <httpProxy> [
  500,
  Error: connect ECONNREFUSED 127.0.0.1:9090
      at <unknown> (Error: connect ECONNREFUSED 127.0.0.1:9090) {
    errno: -111,
    code: 'ECONNREFUSED',
    syscall: 'connect',
    address: '127.0.0.1',
    port: 9090
  }
]
[2025-07-16T06:52:47.776Z] error: <httpProxy> Error calling http://127.0.0.1:9090/api/v1/query...
[2025-07-16T06:52:47.777Z] error: <httpProxy> [
  500,
  Error: connect ECONNREFUSED 127.0.0.1:9090
      at <unknown> (Error: connect ECONNREFUSED 127.0.0.1:9090) {
    errno: -111,
    code: 'ECONNREFUSED',
    syscall: 'connect',
    address: '127.0.0.1',
    port: 9090
  }
]
[2025-07-16T06:52:47.780Z] error: <httpProxy> Error calling http://127.0.0.1:9090/api/v1/query...
[2025-07-16T06:52:47.780Z] error: <httpProxy> [
  500,
  Error: connect ECONNREFUSED 127.0.0.1:9090
      at <unknown> (Error: connect ECONNREFUSED 127.0.0.1:9090) {
    errno: -111,
    code: 'ECONNREFUSED',
    syscall: 'connect',
    address: '127.0.0.1',
    port: 9090
  }
]
[2025-07-16T06:52:47.783Z] error: <httpProxy> Error calling http://127.0.0.1:9090/api/v1/query...
[2025-07-16T06:52:47.783Z] error: <httpProxy> [
  500,
  Error: connect ECONNREFUSED 127.0.0.1:9090
      at <unknown> (Error: connect ECONNREFUSED 127.0.0.1:9090) {
    errno: -111,
    code: 'ECONNREFUSED',
    syscall: 'connect',
    address: '127.0.0.1',
    port: 9090
  }
]
[2025-07-16T06:52:47.786Z] error: <httpProxy> Error calling http://127.0.0.1:9090/api/v1/query...
[2025-07-16T06:52:47.786Z] error: <httpProxy> [
  500,
  Error: connect ECONNREFUSED 127.0.0.1:9090
      at <unknown> (Error: connect ECONNREFUSED 127.0.0.1:9090) {
    errno: -111,
    code: 'ECONNREFUSED',
    syscall: 'connect',
    address: '127.0.0.1',
    port: 9090
  }
]
[2025-07-16T06:52:47.792Z] error: <httpProxy> Error calling http://127.0.0.1:9090/api/v1/query...
[2025-07-16T06:52:47.792Z] error: <httpProxy> [
  500,
  Error: connect ECONNREFUSED 127.0.0.1:9090
      at <unknown> (Error: connect ECONNREFUSED 127.0.0.1:9090) {
    errno: -111,
    code: 'ECONNREFUSED',
    syscall: 'connect',
    address: '127.0.0.1',
    port: 9090
  }
]
[2025-07-16T06:52:47.796Z] error: <httpProxy> Error calling http://127.0.0.1:9090/api/v1/query...
[2025-07-16T06:52:47.797Z] error: <httpProxy> [
  500,
  Error: connect ECONNREFUSED 127.0.0.1:9090
      at <unknown> (Error: connect ECONNREFUSED 127.0.0.1:9090) {
    errno: -111,
    code: 'ECONNREFUSED',
    syscall: 'connect',
    address: '127.0.0.1',
    port: 9090
  }
]
[2025-07-16T06:52:47.800Z] error: <httpProxy> Error calling http://127.0.0.1:9090/api/v1/query...
[2025-07-16T06:52:47.800Z] error: <httpProxy> [
  500,
  Error: connect ECONNREFUSED 127.0.0.1:9090
      at <unknown> (Error: connect ECONNREFUSED 127.0.0.1:9090) {
    errno: -111,
    code: 'ECONNREFUSED',
    syscall: 'connect',
    address: '127.0.0.1',
    port: 9090
  }
]
[2025-07-16T06:52:47.803Z] error: <httpProxy> Error calling http://127.0.0.1:9090/api/v1/query...
[2025-07-16T06:52:47.803Z] error: <httpProxy> [
  500,
  Error: connect ECONNREFUSED 127.0.0.1:9090
      at <unknown> (Error: connect ECONNREFUSED 127.0.0.1:9090) {
    errno: -111,
    code: 'ECONNREFUSED',
    syscall: 'connect',
    address: '127.0.0.1',
    port: 9090
  }
]
[2025-07-16T06:52:47.806Z] error: <httpProxy> Error calling http://127.0.0.1:9090/api/v1/query...
[2025-07-16T06:52:47.806Z] error: <httpProxy> [
  500,
  Error: connect ECONNREFUSED 127.0.0.1:9090
      at <unknown> (Error: connect ECONNREFUSED 127.0.0.1:9090) {
    errno: -111,
    code: 'ECONNREFUSED',
    syscall: 'connect',
    address: '127.0.0.1',
    port: 9090
  }
]
[2025-07-16T06:53:02.755Z] error: <httpProxy> Error calling http://127.0.0.1:9090/api/v1/query...
[2025-07-16T06:53:02.755Z] error: <httpProxy> [
  500,
  Error: connect ECONNREFUSED 127.0.0.1:9090
      at <unknown> (Error: connect ECONNREFUSED 127.0.0.1:9090) {
    errno: -111,
    code: 'ECONNREFUSED',
    syscall: 'connect',
    address: '127.0.0.1',
    port: 9090
  }
]
[2025-07-16T06:53:02.755Z] error: <httpProxy> Error calling http://127.0.0.1:9090/api/v1/query...
[2025-07-16T06:53:02.755Z] error: <httpProxy> [
  500,
  Error: connect ECONNREFUSED 127.0.0.1:9090
      at <unknown> (Error: connect ECONNREFUSED 127.0.0.1:9090) {
    errno: -111,
    code: 'ECONNREFUSED',
    syscall: 'connect',
    address: '127.0.0.1',
    port: 9090
  }
]
[2025-07-16T06:53:02.756Z] error: <httpProxy> Error calling http://127.0.0.1:9090/api/v1/query...
[2025-07-16T06:53:02.756Z] error: <httpProxy> [
  500,
  Error: connect ECONNREFUSED 127.0.0.1:9090
      at <unknown> (Error: connect ECONNREFUSED 127.0.0.1:9090) {
    errno: -111,
    code: 'ECONNREFUSED',
    syscall: 'connect',
    address: '127.0.0.1',
    port: 9090
  }
]
[2025-07-16T06:53:02.756Z] error: <httpProxy> Error calling http://127.0.0.1:9090/api/v1/query...
[2025-07-16T06:53:02.756Z] error: <httpProxy> [
  500,
  Error: connect ECONNREFUSED 127.0.0.1:9090
      at <unknown> (Error: connect ECONNREFUSED 127.0.0.1:9090) {
    errno: -111,
    code: 'ECONNREFUSED',
    syscall: 'connect',
    address: '127.0.0.1',
    port: 9090
  }
]
[2025-07-16T06:53:02.757Z] error: <httpProxy> Error calling http://127.0.0.1:9090/api/v1/query...
[2025-07-16T06:53:02.757Z] error: <httpProxy> [
  500,
  Error: connect ECONNREFUSED 127.0.0.1:9090
      at <unknown> (Error: connect ECONNREFUSED 127.0.0.1:9090) {
    errno: -111,
    code: 'ECONNREFUSED',
    syscall: 'connect',
    address: '127.0.0.1',
    port: 9090
  }
]
[2025-07-16T06:53:02.757Z] error: <httpProxy> Error calling http://127.0.0.1:9090/api/v1/query...
[2025-07-16T06:53:02.757Z] error: <httpProxy> [
  500,
  Error: connect ECONNREFUSED 127.0.0.1:9090
      at <unknown> (Error: connect ECONNREFUSED 127.0.0.1:9090) {
    errno: -111,
    code: 'ECONNREFUSED',
    syscall: 'connect',
    address: '127.0.0.1',
    port: 9090
  }
]
[2025-07-16T06:53:02.758Z] error: <httpProxy> Error calling http://127.0.0.1:9090/api/v1/query...
[2025-07-16T06:53:02.758Z] error: <httpProxy> [
  500,
  Error: connect ECONNREFUSED 127.0.0.1:9090
      at <unknown> (Error: connect ECONNREFUSED 127.0.0.1:9090) {
    errno: -111,
    code: 'ECONNREFUSED',
    syscall: 'connect',
    address: '127.0.0.1',
    port: 9090
  }
]
[2025-07-16T06:53:02.758Z] error: <httpProxy> Error calling http://127.0.0.1:9090/api/v1/query...
[2025-07-16T06:53:02.758Z] error: <httpProxy> [
  500,
  Error: connect ECONNREFUSED 127.0.0.1:9090
      at <unknown> (Error: connect ECONNREFUSED 127.0.0.1:9090) {
    errno: -111,
    code: 'ECONNREFUSED',
    syscall: 'connect',
    address: '127.0.0.1',
    port: 9090
  }
]
[2025-07-16T06:53:02.759Z] error: <httpProxy> Error calling http://127.0.0.1:9090/api/v1/query...
[2025-07-16T06:53:02.759Z] error: <httpProxy> [
  500,
  Error: connect ECONNREFUSED 127.0.0.1:9090
      at <unknown> (Error: connect ECONNREFUSED 127.0.0.1:9090) {
    errno: -111,
    code: 'ECONNREFUSED',
    syscall: 'connect',
    address: '127.0.0.1',
    port: 9090
  }
]
[2025-07-16T06:53:02.759Z] error: <httpProxy> Error calling http://127.0.0.1:9090/api/v1/query...
[2025-07-16T06:53:02.759Z] error: <httpProxy> [
  500,
  Error: connect ECONNREFUSED 127.0.0.1:9090
      at <unknown> (Error: connect ECONNREFUSED 127.0.0.1:9090) {
    errno: -111,
    code: 'ECONNREFUSED',
    syscall: 'connect',
    address: '127.0.0.1',
    port: 9090
  }
]
[2025-07-16T06:53:02.760Z] error: <httpProxy> Error calling http://127.0.0.1:9090/api/v1/query...
[2025-07-16T06:53:02.760Z] error: <httpProxy> [
  500,
  Error: connect ECONNREFUSED 127.0.0.1:9090
      at <unknown> (Error: connect ECONNREFUSED 127.0.0.1:9090) {
    errno: -111,
    code: 'ECONNREFUSED',
    syscall: 'connect',
    address: '127.0.0.1',
    port: 9090
  }
]
[2025-07-16T06:53:02.760Z] error: <httpProxy> Error calling http://127.0.0.1:9090/api/v1/query...
[2025-07-16T06:53:02.760Z] error: <httpProxy> [
  500,
  Error: connect ECONNREFUSED 127.0.0.1:9090
      at <unknown> (Error: connect ECONNREFUSED 127.0.0.1:9090) {
    errno: -111,
    code: 'ECONNREFUSED',
    syscall: 'connect',
    address: '127.0.0.1',
    port: 9090
  }
]
[2025-07-16T06:53:02.760Z] error: <httpProxy> Error calling http://127.0.0.1:9090/api/v1/query...
[2025-07-16T06:53:02.761Z] error: <httpProxy> [
  500,
  Error: connect ECONNREFUSED 127.0.0.1:9090
      at <unknown> (Error: connect ECONNREFUSED 127.0.0.1:9090) {
    errno: -111,
    code: 'ECONNREFUSED',
    syscall: 'connect',
    address: '127.0.0.1',
    port: 9090
  }
]
[2025-07-16T06:53:02.762Z] error: <httpProxy> Error calling http://127.0.0.1:9090/api/v1/query...
[2025-07-16T06:53:02.762Z] error: <httpProxy> [
  500,
  Error: connect ECONNREFUSED 127.0.0.1:9090
      at <unknown> (Error: connect ECONNREFUSED 127.0.0.1:9090) {
    errno: -111,
    code: 'ECONNREFUSED',
    syscall: 'connect',
    address: '127.0.0.1',
    port: 9090
  }
]
[2025-07-16T06:53:17.785Z] error: <httpProxy> Error calling http://127.0.0.1:9090/api/v1/query...
[2025-07-16T06:53:17.785Z] error: <httpProxy> [
  500,
  Error: connect ECONNREFUSED 127.0.0.1:9090
      at <unknown> (Error: connect ECONNREFUSED 127.0.0.1:9090) {
    errno: -111,
    code: 'ECONNREFUSED',
    syscall: 'connect',
    address: '127.0.0.1',
    port: 9090
  }
]
[2025-07-16T06:53:17.786Z] error: <httpProxy> Error calling http://127.0.0.1:9090/api/v1/query...
[2025-07-16T06:53:17.786Z] error: <httpProxy> [
  500,
  Error: connect ECONNREFUSED 127.0.0.1:9090
      at <unknown> (Error: connect ECONNREFUSED 127.0.0.1:9090) {
    errno: -111,
    code: 'ECONNREFUSED',
    syscall: 'connect',
    address: '127.0.0.1',
    port: 9090
  }
]
[2025-07-16T06:53:17.802Z] error: <httpProxy> Error calling http://127.0.0.1:9090/api/v1/query...
[2025-07-16T06:53:17.803Z] error: <httpProxy> [
  500,
  Error: connect ECONNREFUSED 127.0.0.1:9090
      at <unknown> (Error: connect ECONNREFUSED 127.0.0.1:9090) {
    errno: -111,
    code: 'ECONNREFUSED',
    syscall: 'connect',
    address: '127.0.0.1',
    port: 9090
  }
]
[2025-07-16T06:53:17.805Z] error: <httpProxy> Error calling http://127.0.0.1:9090/api/v1/query...
[2025-07-16T06:53:17.805Z] error: <httpProxy> [
  500,
  Error: connect ECONNREFUSED 127.0.0.1:9090
      at <unknown> (Error: connect ECONNREFUSED 127.0.0.1:9090) {
    errno: -111,
    code: 'ECONNREFUSED',
    syscall: 'connect',
    address: '127.0.0.1',
    port: 9090
  }
]
[2025-07-16T06:53:17.806Z] error: <httpProxy> Error calling http://127.0.0.1:9090/api/v1/query...
[2025-07-16T06:53:17.807Z] error: <httpProxy> [
  500,
  Error: connect ECONNREFUSED 127.0.0.1:9090
      at <unknown> (Error: connect ECONNREFUSED 127.0.0.1:9090) {
    errno: -111,
    code: 'ECONNREFUSED',
    syscall: 'connect',
    address: '127.0.0.1',
    port: 9090
  }
]
[2025-07-16T06:53:17.808Z] error: <httpProxy> Error calling http://127.0.0.1:9090/api/v1/query...
[2025-07-16T06:53:17.808Z] error: <httpProxy> [
  500,
  Error: connect ECONNREFUSED 127.0.0.1:9090
      at <unknown> (Error: connect ECONNREFUSED 127.0.0.1:9090) {
    errno: -111,
    code: 'ECONNREFUSED',
    syscall: 'connect',
    address: '127.0.0.1',
    port: 9090
  }
]
[2025-07-16T06:53:17.809Z] error: <httpProxy> Error calling http://127.0.0.1:9090/api/v1/query...
[2025-07-16T06:53:17.809Z] error: <httpProxy> [
  500,
  Error: connect ECONNREFUSED 127.0.0.1:9090
      at <unknown> (Error: connect ECONNREFUSED 127.0.0.1:9090) {
    errno: -111,
    code: 'ECONNREFUSED',
    syscall: 'connect',
    address: '127.0.0.1',
    port: 9090
  }
]
[2025-07-16T06:53:17.810Z] error: <httpProxy> Error calling http://127.0.0.1:9090/api/v1/query...
[2025-07-16T06:53:17.810Z] error: <httpProxy> [
  500,
  Error: connect ECONNREFUSED 127.0.0.1:9090
      at <unknown> (Error: connect ECONNREFUSED 127.0.0.1:9090) {
    errno: -111,
    code: 'ECONNREFUSED',
    syscall: 'connect',
    address: '127.0.0.1',
    port: 9090
  }
]
[2025-07-16T06:53:17.811Z] error: <httpProxy> Error calling http://127.0.0.1:9090/api/v1/query...
[2025-07-16T06:53:17.811Z] error: <httpProxy> [
  500,
  Error: connect ECONNREFUSED 127.0.0.1:9090
      at <unknown> (Error: connect ECONNREFUSED 127.0.0.1:9090) {
    errno: -111,
    code: 'ECONNREFUSED',
    syscall: 'connect',
    address: '127.0.0.1',
    port: 9090
  }
]
[2025-07-16T06:53:17.811Z] error: <httpProxy> Error calling http://127.0.0.1:9090/api/v1/query...
[2025-07-16T06:53:17.812Z] error: <httpProxy> [
  500,
  Error: connect ECONNREFUSED 127.0.0.1:9090
      at <unknown> (Error: connect ECONNREFUSED 127.0.0.1:9090) {
    errno: -111,
    code: 'ECONNREFUSED',
    syscall: 'connect',
    address: '127.0.0.1',
    port: 9090
  }
]
[2025-07-16T06:53:17.812Z] error: <httpProxy> Error calling http://127.0.0.1:9090/api/v1/query...
[2025-07-16T06:53:17.813Z] error: <httpProxy> [
  500,
  Error: connect ECONNREFUSED 127.0.0.1:9090
      at <unknown> (Error: connect ECONNREFUSED 127.0.0.1:9090) {
    errno: -111,
    code: 'ECONNREFUSED',
    syscall: 'connect',
    address: '127.0.0.1',
    port: 9090
  }
]
[2025-07-16T06:53:17.813Z] error: <httpProxy> Error calling http://127.0.0.1:9090/api/v1/query...
[2025-07-16T06:53:17.813Z] error: <httpProxy> [
  500,
  Error: connect ECONNREFUSED 127.0.0.1:9090
      at <unknown> (Error: connect ECONNREFUSED 127.0.0.1:9090) {
    errno: -111,
    code: 'ECONNREFUSED',
    syscall: 'connect',
    address: '127.0.0.1',
    port: 9090
  }
]
[2025-07-16T06:53:17.814Z] error: <httpProxy> Error calling http://127.0.0.1:9090/api/v1/query...
[2025-07-16T06:53:17.814Z] error: <httpProxy> [
  500,
  Error: connect ECONNREFUSED 127.0.0.1:9090
      at <unknown> (Error: connect ECONNREFUSED 127.0.0.1:9090) {
    errno: -111,
    code: 'ECONNREFUSED',
    syscall: 'connect',
    address: '127.0.0.1',
    port: 9090
  }
]
[2025-07-16T06:53:17.814Z] error: <httpProxy> Error calling http://127.0.0.1:9090/api/v1/query...
[2025-07-16T06:53:17.814Z] error: <httpProxy> [
  500,
  Error: connect ECONNREFUSED 127.0.0.1:9090
      at <unknown> (Error: connect ECONNREFUSED 127.0.0.1:9090) {
    errno: -111,
    code: 'ECONNREFUSED',
    syscall: 'connect',
    address: '127.0.0.1',
    port: 9090
  }
]
[2025-07-16T06:53:32.802Z] error: <httpProxy> Error calling http://127.0.0.1:9090/api/v1/query...
[2025-07-16T06:53:32.802Z] error: <httpProxy> [
  500,
  Error: connect ECONNREFUSED 127.0.0.1:9090
      at <unknown> (Error: connect ECONNREFUSED 127.0.0.1:9090) {
    errno: -111,
    code: 'ECONNREFUSED',
    syscall: 'connect',
    address: '127.0.0.1',
    port: 9090
  }
]
[2025-07-16T06:53:32.803Z] error: <httpProxy> Error calling http://127.0.0.1:9090/api/v1/query...
[2025-07-16T06:53:32.803Z] error: <httpProxy> [
  500,
  Error: connect ECONNREFUSED 127.0.0.1:9090
      at <unknown> (Error: connect ECONNREFUSED 127.0.0.1:9090) {
    errno: -111,
    code: 'ECONNREFUSED',
    syscall: 'connect',
    address: '127.0.0.1',
    port: 9090
  }
]
[2025-07-16T06:53:32.814Z] error: <httpProxy> Error calling http://127.0.0.1:9090/api/v1/query...
[2025-07-16T06:53:32.814Z] error: <httpProxy> [
  500,
  Error: connect ECONNREFUSED 127.0.0.1:9090
      at <unknown> (Error: connect ECONNREFUSED 127.0.0.1:9090) {
    errno: -111,
    code: 'ECONNREFUSED',
    syscall: 'connect',
    address: '127.0.0.1',
    port: 9090
  }
]
[2025-07-16T06:53:32.816Z] error: <httpProxy> Error calling http://127.0.0.1:9090/api/v1/query...
[2025-07-16T06:53:32.816Z] error: <httpProxy> [
  500,
  Error: connect ECONNREFUSED 127.0.0.1:9090
      at <unknown> (Error: connect ECONNREFUSED 127.0.0.1:9090) {
    errno: -111,
    code: 'ECONNREFUSED',
    syscall: 'connect',
    address: '127.0.0.1',
    port: 9090
  }
]
[2025-07-16T06:53:32.825Z] error: <httpProxy> Error calling http://127.0.0.1:9090/api/v1/query...
[2025-07-16T06:53:32.826Z] error: <httpProxy> [
  500,
  Error: connect ECONNREFUSED 127.0.0.1:9090
      at <unknown> (Error: connect ECONNREFUSED 127.0.0.1:9090) {
    errno: -111,
    code: 'ECONNREFUSED',
    syscall: 'connect',
    address: '127.0.0.1',
    port: 9090
  }
]
[2025-07-16T06:53:32.831Z] error: <httpProxy> Error calling http://127.0.0.1:9090/api/v1/query...
[2025-07-16T06:53:32.831Z] error: <httpProxy> [
  500,
  Error: connect ECONNREFUSED 127.0.0.1:9090
      at <unknown> (Error: connect ECONNREFUSED 127.0.0.1:9090) {
    errno: -111,
    code: 'ECONNREFUSED',
    syscall: 'connect',
    address: '127.0.0.1',
    port: 9090
  }
]
[2025-07-16T06:53:32.847Z] error: <httpProxy> Error calling http://127.0.0.1:9090/api/v1/query...
[2025-07-16T06:53:32.848Z] error: <httpProxy> [
  500,
  Error: connect ECONNREFUSED 127.0.0.1:9090
      at <unknown> (Error: connect ECONNREFUSED 127.0.0.1:9090) {
    errno: -111,
    code: 'ECONNREFUSED',
    syscall: 'connect',
    address: '127.0.0.1',
    port: 9090
  }
]
[2025-07-16T06:53:32.849Z] error: <httpProxy> Error calling http://127.0.0.1:9090/api/v1/query...
[2025-07-16T06:53:32.849Z] error: <httpProxy> [
  500,
  Error: connect ECONNREFUSED 127.0.0.1:9090
      at <unknown> (Error: connect ECONNREFUSED 127.0.0.1:9090) {
    errno: -111,
    code: 'ECONNREFUSED',
    syscall: 'connect',
    address: '127.0.0.1',
    port: 9090
  }
]
[2025-07-16T06:53:32.850Z] error: <httpProxy> Error calling http://127.0.0.1:9090/api/v1/query...
[2025-07-16T06:53:32.850Z] error: <httpProxy> [
  500,
  Error: connect ECONNREFUSED 127.0.0.1:9090
      at <unknown> (Error: connect ECONNREFUSED 127.0.0.1:9090) {
    errno: -111,
    code: 'ECONNREFUSED',
    syscall: 'connect',
    address: '127.0.0.1',
    port: 9090
  }
]
[2025-07-16T06:53:32.851Z] error: <httpProxy> Error calling http://127.0.0.1:9090/api/v1/query...
[2025-07-16T06:53:32.851Z] error: <httpProxy> [
  500,
  Error: connect ECONNREFUSED 127.0.0.1:9090
      at <unknown> (Error: connect ECONNREFUSED 127.0.0.1:9090) {
    errno: -111,
    code: 'ECONNREFUSED',
    syscall: 'connect',
    address: '127.0.0.1',
    port: 9090
  }
]
[2025-07-16T06:53:32.852Z] error: <httpProxy> Error calling http://127.0.0.1:9090/api/v1/query...
[2025-07-16T06:53:32.852Z] error: <httpProxy> [
  500,
  Error: connect ECONNREFUSED 127.0.0.1:9090
      at <unknown> (Error: connect ECONNREFUSED 127.0.0.1:9090) {
    errno: -111,
    code: 'ECONNREFUSED',
    syscall: 'connect',
    address: '127.0.0.1',
    port: 9090
  }
]
[2025-07-16T06:53:32.853Z] error: <httpProxy> Error calling http://127.0.0.1:9090/api/v1/query...
[2025-07-16T06:53:32.853Z] error: <httpProxy> [
  500,
  Error: connect ECONNREFUSED 127.0.0.1:9090
      at <unknown> (Error: connect ECONNREFUSED 127.0.0.1:9090) {
    errno: -111,
    code: 'ECONNREFUSED',
    syscall: 'connect',
    address: '127.0.0.1',
    port: 9090
  }
]
[2025-07-16T06:53:32.853Z] error: <httpProxy> Error calling http://127.0.0.1:9090/api/v1/query...
[2025-07-16T06:53:32.853Z] error: <httpProxy> [
  500,
  Error: connect ECONNREFUSED 127.0.0.1:9090
      at <unknown> (Error: connect ECONNREFUSED 127.0.0.1:9090) {
    errno: -111,
    code: 'ECONNREFUSED',
    syscall: 'connect',
    address: '127.0.0.1',
    port: 9090
  }
]
[2025-07-16T06:53:32.854Z] error: <httpProxy> Error calling http://127.0.0.1:9090/api/v1/query...
[2025-07-16T06:53:32.854Z] error: <httpProxy> [
  500,
  Error: connect ECONNREFUSED 127.0.0.1:9090
      at <unknown> (Error: connect ECONNREFUSED 127.0.0.1:9090) {
    errno: -111,
    code: 'ECONNREFUSED',
    syscall: 'connect',
    address: '127.0.0.1',
    port: 9090
  }
]
[2025-07-16T06:53:47.814Z] error: <httpProxy> Error calling http://127.0.0.1:9090/api/v1/query...
[2025-07-16T06:53:47.814Z] error: <httpProxy> [
  500,
  Error: connect ECONNREFUSED 127.0.0.1:9090
      at <unknown> (Error: connect ECONNREFUSED 127.0.0.1:9090) {
    errno: -111,
    code: 'ECONNREFUSED',
    syscall: 'connect',
    address: '127.0.0.1',
    port: 9090
  }
]
[2025-07-16T06:53:47.815Z] error: <httpProxy> Error calling http://127.0.0.1:9090/api/v1/query...
[2025-07-16T06:53:47.815Z] error: <httpProxy> [
  500,
  Error: connect ECONNREFUSED 127.0.0.1:9090
      at <unknown> (Error: connect ECONNREFUSED 127.0.0.1:9090) {
    errno: -111,
    code: 'ECONNREFUSED',
    syscall: 'connect',
    address: '127.0.0.1',
    port: 9090
  }
]
[2025-07-16T06:53:47.821Z] error: <httpProxy> Error calling http://127.0.0.1:9090/api/v1/query...
[2025-07-16T06:53:47.821Z] error: <httpProxy> [
  500,
  Error: connect ECONNREFUSED 127.0.0.1:9090
      at <unknown> (Error: connect ECONNREFUSED 127.0.0.1:9090) {
    errno: -111,
    code: 'ECONNREFUSED',
    syscall: 'connect',
    address: '127.0.0.1',
    port: 9090
  }
]
[2025-07-16T06:53:47.823Z] error: <httpProxy> Error calling http://127.0.0.1:9090/api/v1/query...
[2025-07-16T06:53:47.823Z] error: <httpProxy> [
  500,
  Error: connect ECONNREFUSED 127.0.0.1:9090
      at <unknown> (Error: connect ECONNREFUSED 127.0.0.1:9090) {
    errno: -111,
    code: 'ECONNREFUSED',
    syscall: 'connect',
    address: '127.0.0.1',
    port: 9090
  }
]
[2025-07-16T06:53:47.837Z] error: <httpProxy> Error calling http://127.0.0.1:9090/api/v1/query...
[2025-07-16T06:53:47.838Z] error: <httpProxy> [
  500,
  Error: connect ECONNREFUSED 127.0.0.1:9090
      at <unknown> (Error: connect ECONNREFUSED 127.0.0.1:9090) {
    errno: -111,
    code: 'ECONNREFUSED',
    syscall: 'connect',
    address: '127.0.0.1',
    port: 9090
  }
]
[2025-07-16T06:53:47.841Z] error: <httpProxy> Error calling http://127.0.0.1:9090/api/v1/query...
[2025-07-16T06:53:47.841Z] error: <httpProxy> [
  500,
  Error: connect ECONNREFUSED 127.0.0.1:9090
      at <unknown> (Error: connect ECONNREFUSED 127.0.0.1:9090) {
    errno: -111,
    code: 'ECONNREFUSED',
    syscall: 'connect',
    address: '127.0.0.1',
    port: 9090
  }
]
[2025-07-16T06:53:47.857Z] error: <httpProxy> Error calling http://127.0.0.1:9090/api/v1/query...
[2025-07-16T06:53:47.858Z] error: <httpProxy> [
  500,
  Error: connect ECONNREFUSED 127.0.0.1:9090
      at <unknown> (Error: connect ECONNREFUSED 127.0.0.1:9090) {
    errno: -111,
    code: 'ECONNREFUSED',
    syscall: 'connect',
    address: '127.0.0.1',
    port: 9090
  }
]
[2025-07-16T06:53:47.865Z] error: <httpProxy> Error calling http://127.0.0.1:9090/api/v1/query...
[2025-07-16T06:53:47.865Z] error: <httpProxy> [
  500,
  Error: connect ECONNREFUSED 127.0.0.1:9090
      at <unknown> (Error: connect ECONNREFUSED 127.0.0.1:9090) {
    errno: -111,
    code: 'ECONNREFUSED',
    syscall: 'connect',
    address: '127.0.0.1',
    port: 9090
  }
]
[2025-07-16T06:53:47.867Z] error: <httpProxy> Error calling http://127.0.0.1:9090/api/v1/query...
[2025-07-16T06:53:47.867Z] error: <httpProxy> [
  500,
  Error: connect ECONNREFUSED 127.0.0.1:9090
      at <unknown> (Error: connect ECONNREFUSED 127.0.0.1:9090) {
    errno: -111,
    code: 'ECONNREFUSED',
    syscall: 'connect',
    address: '127.0.0.1',
    port: 9090
  }
]
[2025-07-16T06:53:47.880Z] error: <httpProxy> Error calling http://127.0.0.1:9090/api/v1/query...
[2025-07-16T06:53:47.881Z] error: <httpProxy> [
  500,
  Error: connect ECONNREFUSED 127.0.0.1:9090
      at <unknown> (Error: connect ECONNREFUSED 127.0.0.1:9090) {
    errno: -111,
    code: 'ECONNREFUSED',
    syscall: 'connect',
    address: '127.0.0.1',
    port: 9090
  }
]
[2025-07-16T06:53:47.881Z] error: <httpProxy> Error calling http://127.0.0.1:9090/api/v1/query...
[2025-07-16T06:53:47.881Z] error: <httpProxy> [
  500,
  Error: connect ECONNREFUSED 127.0.0.1:9090
      at <unknown> (Error: connect ECONNREFUSED 127.0.0.1:9090) {
    errno: -111,
    code: 'ECONNREFUSED',
    syscall: 'connect',
    address: '127.0.0.1',
    port: 9090
  }
]
[2025-07-16T06:53:47.882Z] error: <httpProxy> Error calling http://127.0.0.1:9090/api/v1/query...
[2025-07-16T06:53:47.882Z] error: <httpProxy> [
  500,
  Error: connect ECONNREFUSED 127.0.0.1:9090
      at <unknown> (Error: connect ECONNREFUSED 127.0.0.1:9090) {
    errno: -111,
    code: 'ECONNREFUSED',
    syscall: 'connect',
    address: '127.0.0.1',
    port: 9090
  }
]
[2025-07-16T06:53:47.883Z] error: <httpProxy> Error calling http://127.0.0.1:9090/api/v1/query...
[2025-07-16T06:53:47.883Z] error: <httpProxy> [
  500,
  Error: connect ECONNREFUSED 127.0.0.1:9090
      at <unknown> (Error: connect ECONNREFUSED 127.0.0.1:9090) {
    errno: -111,
    code: 'ECONNREFUSED',
    syscall: 'connect',
    address: '127.0.0.1',
    port: 9090
  }
]
[2025-07-16T06:53:47.883Z] error: <httpProxy> Error calling http://127.0.0.1:9090/api/v1/query...
[2025-07-16T06:53:47.883Z] error: <httpProxy> [
  500,
  Error: connect ECONNREFUSED 127.0.0.1:9090
      at <unknown> (Error: connect ECONNREFUSED 127.0.0.1:9090) {
    errno: -111,
    code: 'ECONNREFUSED',
    syscall: 'connect',
    address: '127.0.0.1',
    port: 9090
  }
]
[2025-07-16T06:54:02.824Z] error: <httpProxy> Error calling http://127.0.0.1:9090/api/v1/query...
[2025-07-16T06:54:02.824Z] error: <httpProxy> [
  500,
  Error: connect ECONNREFUSED 127.0.0.1:9090
      at <unknown> (Error: connect ECONNREFUSED 127.0.0.1:9090) {
    errno: -111,
    code: 'ECONNREFUSED',
    syscall: 'connect',
    address: '127.0.0.1',
    port: 9090
  }
]
[2025-07-16T06:54:02.825Z] error: <httpProxy> Error calling http://127.0.0.1:9090/api/v1/query...
[2025-07-16T06:54:02.825Z] error: <httpProxy> [
  500,
  Error: connect ECONNREFUSED 127.0.0.1:9090
      at <unknown> (Error: connect ECONNREFUSED 127.0.0.1:9090) {
    errno: -111,
    code: 'ECONNREFUSED',
    syscall: 'connect',
    address: '127.0.0.1',
    port: 9090
  }
]
[2025-07-16T06:54:02.827Z] error: <httpProxy> Error calling http://127.0.0.1:9090/api/v1/query...
[2025-07-16T06:54:02.827Z] error: <httpProxy> [
  500,
  Error: connect ECONNREFUSED 127.0.0.1:9090
      at <unknown> (Error: connect ECONNREFUSED 127.0.0.1:9090) {
    errno: -111,
    code: 'ECONNREFUSED',
    syscall: 'connect',
    address: '127.0.0.1',
    port: 9090
  }
]
[2025-07-16T06:54:02.837Z] error: <httpProxy> Error calling http://127.0.0.1:9090/api/v1/query...
[2025-07-16T06:54:02.837Z] error: <httpProxy> [
  500,
  Error: connect ECONNREFUSED 127.0.0.1:9090
      at <unknown> (Error: connect ECONNREFUSED 127.0.0.1:9090) {
    errno: -111,
    code: 'ECONNREFUSED',
    syscall: 'connect',
    address: '127.0.0.1',
    port: 9090
  }
]
[2025-07-16T06:54:02.844Z] error: <httpProxy> Error calling http://127.0.0.1:9090/api/v1/query...
[2025-07-16T06:54:02.844Z] error: <httpProxy> [
  500,
  Error: connect ECONNREFUSED 127.0.0.1:9090
      at <unknown> (Error: connect ECONNREFUSED 127.0.0.1:9090) {
    errno: -111,
    code: 'ECONNREFUSED',
    syscall: 'connect',
    address: '127.0.0.1',
    port: 9090
  }
]
[2025-07-16T06:54:02.849Z] error: <httpProxy> Error calling http://127.0.0.1:9090/api/v1/query...
[2025-07-16T06:54:02.849Z] error: <httpProxy> [
  500,
  Error: connect ECONNREFUSED 127.0.0.1:9090
      at <unknown> (Error: connect ECONNREFUSED 127.0.0.1:9090) {
    errno: -111,
    code: 'ECONNREFUSED',
    syscall: 'connect',
    address: '127.0.0.1',
    port: 9090
  }
]
[2025-07-16T06:54:02.868Z] error: <httpProxy> Error calling http://127.0.0.1:9090/api/v1/query...
[2025-07-16T06:54:02.868Z] error: <httpProxy> [
  500,
  Error: connect ECONNREFUSED 127.0.0.1:9090
      at <unknown> (Error: connect ECONNREFUSED 127.0.0.1:9090) {
    errno: -111,
    code: 'ECONNREFUSED',
    syscall: 'connect',
    address: '127.0.0.1',
    port: 9090
  }
]
[2025-07-16T06:54:02.874Z] error: <httpProxy> Error calling http://127.0.0.1:9090/api/v1/query...
[2025-07-16T06:54:02.874Z] error: <httpProxy> [
  500,
  Error: connect ECONNREFUSED 127.0.0.1:9090
      at <unknown> (Error: connect ECONNREFUSED 127.0.0.1:9090) {
    errno: -111,
    code: 'ECONNREFUSED',
    syscall: 'connect',
    address: '127.0.0.1',
    port: 9090
  }
]
[2025-07-16T06:54:02.880Z] error: <httpProxy> Error calling http://127.0.0.1:9090/api/v1/query...
[2025-07-16T06:54:02.880Z] error: <httpProxy> [
  500,
  Error: connect ECONNREFUSED 127.0.0.1:9090
      at <unknown> (Error: connect ECONNREFUSED 127.0.0.1:9090) {
    errno: -111,
    code: 'ECONNREFUSED',
    syscall: 'connect',
    address: '127.0.0.1',
    port: 9090
  }
]
[2025-07-16T06:54:02.893Z] error: <httpProxy> Error calling http://127.0.0.1:9090/api/v1/query...
[2025-07-16T06:54:02.893Z] error: <httpProxy> [
  500,
  Error: connect ECONNREFUSED 127.0.0.1:9090
      at <unknown> (Error: connect ECONNREFUSED 127.0.0.1:9090) {
    errno: -111,
    code: 'ECONNREFUSED',
    syscall: 'connect',
    address: '127.0.0.1',
    port: 9090
  }
]
[2025-07-16T06:54:02.894Z] error: <httpProxy> Error calling http://127.0.0.1:9090/api/v1/query...
[2025-07-16T06:54:02.894Z] error: <httpProxy> [
  500,
  Error: connect ECONNREFUSED 127.0.0.1:9090
      at <unknown> (Error: connect ECONNREFUSED 127.0.0.1:9090) {
    errno: -111,
    code: 'ECONNREFUSED',
    syscall: 'connect',
    address: '127.0.0.1',
    port: 9090
  }
]
[2025-07-16T06:54:02.898Z] error: <httpProxy> Error calling http://127.0.0.1:9090/api/v1/query...
[2025-07-16T06:54:02.898Z] error: <httpProxy> [
  500,
  Error: connect ECONNREFUSED 127.0.0.1:9090
      at <unknown> (Error: connect ECONNREFUSED 127.0.0.1:9090) {
    errno: -111,
    code: 'ECONNREFUSED',
    syscall: 'connect',
    address: '127.0.0.1',
    port: 9090
  }
]
[2025-07-16T06:54:02.899Z] error: <httpProxy> Error calling http://127.0.0.1:9090/api/v1/query...
[2025-07-16T06:54:02.899Z] error: <httpProxy> [
  500,
  Error: connect ECONNREFUSED 127.0.0.1:9090
      at <unknown> (Error: connect ECONNREFUSED 127.0.0.1:9090) {
    errno: -111,
    code: 'ECONNREFUSED',
    syscall: 'connect',
    address: '127.0.0.1',
    port: 9090
  }
]
[2025-07-16T06:54:02.900Z] error: <httpProxy> Error calling http://127.0.0.1:9090/api/v1/query...
[2025-07-16T06:54:02.900Z] error: <httpProxy> [
  500,
  Error: connect ECONNREFUSED 127.0.0.1:9090
      at <unknown> (Error: connect ECONNREFUSED 127.0.0.1:9090) {
    errno: -111,
    code: 'ECONNREFUSED',
    syscall: 'connect',
    address: '127.0.0.1',
    port: 9090
  }
]
[2025-07-16T06:54:17.844Z] error: <httpProxy> Error calling http://127.0.0.1:9090/api/v1/query...
[2025-07-16T06:54:17.845Z] error: <httpProxy> [
  500,
  Error: connect ECONNREFUSED 127.0.0.1:9090
      at <unknown> (Error: connect ECONNREFUSED 127.0.0.1:9090) {
    errno: -111,
    code: 'ECONNREFUSED',
    syscall: 'connect',
    address: '127.0.0.1',
    port: 9090
  }
]
[2025-07-16T06:54:17.845Z] error: <httpProxy> Error calling http://127.0.0.1:9090/api/v1/query...
[2025-07-16T06:54:17.846Z] error: <httpProxy> [
  500,
  Error: connect ECONNREFUSED 127.0.0.1:9090
      at <unknown> (Error: connect ECONNREFUSED 127.0.0.1:9090) {
    errno: -111,
    code: 'ECONNREFUSED',
    syscall: 'connect',
    address: '127.0.0.1',
    port: 9090
  }
]
[2025-07-16T06:54:17.847Z] error: <httpProxy> Error calling http://127.0.0.1:9090/api/v1/query...
[2025-07-16T06:54:17.847Z] error: <httpProxy> [
  500,
  Error: connect ECONNREFUSED 127.0.0.1:9090
      at <unknown> (Error: connect ECONNREFUSED 127.0.0.1:9090) {
    errno: -111,
    code: 'ECONNREFUSED',
    syscall: 'connect',
    address: '127.0.0.1',
    port: 9090
  }
]
[2025-07-16T06:54:17.848Z] error: <httpProxy> Error calling http://127.0.0.1:9090/api/v1/query...
[2025-07-16T06:54:17.848Z] error: <httpProxy> [
  500,
  Error: connect ECONNREFUSED 127.0.0.1:9090
      at <unknown> (Error: connect ECONNREFUSED 127.0.0.1:9090) {
    errno: -111,
    code: 'ECONNREFUSED',
    syscall: 'connect',
    address: '127.0.0.1',
    port: 9090
  }
]
[2025-07-16T06:54:17.859Z] error: <httpProxy> Error calling http://127.0.0.1:9090/api/v1/query...
[2025-07-16T06:54:17.859Z] error: <httpProxy> [
  500,
  Error: connect ECONNREFUSED 127.0.0.1:9090
      at <unknown> (Error: connect ECONNREFUSED 127.0.0.1:9090) {
    errno: -111,
    code: 'ECONNREFUSED',
    syscall: 'connect',
    address: '127.0.0.1',
    port: 9090
  }
]
[2025-07-16T06:54:17.859Z] error: <httpProxy> Error calling http://127.0.0.1:9090/api/v1/query...
[2025-07-16T06:54:17.859Z] error: <httpProxy> [
  500,
  Error: connect ECONNREFUSED 127.0.0.1:9090
      at <unknown> (Error: connect ECONNREFUSED 127.0.0.1:9090) {
    errno: -111,
    code: 'ECONNREFUSED',
    syscall: 'connect',
    address: '127.0.0.1',
    port: 9090
  }
]
[2025-07-16T06:54:17.877Z] error: <httpProxy> Error calling http://127.0.0.1:9090/api/v1/query...
[2025-07-16T06:54:17.877Z] error: <httpProxy> [
  500,
  Error: connect ECONNREFUSED 127.0.0.1:9090
      at <unknown> (Error: connect ECONNREFUSED 127.0.0.1:9090) {
    errno: -111,
    code: 'ECONNREFUSED',
    syscall: 'connect',
    address: '127.0.0.1',
    port: 9090
  }
]
[2025-07-16T06:54:17.885Z] error: <httpProxy> Error calling http://127.0.0.1:9090/api/v1/query...
[2025-07-16T06:54:17.886Z] error: <httpProxy> [
  500,
  Error: connect ECONNREFUSED 127.0.0.1:9090
      at <unknown> (Error: connect ECONNREFUSED 127.0.0.1:9090) {
    errno: -111,
    code: 'ECONNREFUSED',
    syscall: 'connect',
    address: '127.0.0.1',
    port: 9090
  }
]
[2025-07-16T06:54:17.889Z] error: <httpProxy> Error calling http://127.0.0.1:9090/api/v1/query...
[2025-07-16T06:54:17.889Z] error: <httpProxy> [
  500,
  Error: connect ECONNREFUSED 127.0.0.1:9090
      at <unknown> (Error: connect ECONNREFUSED 127.0.0.1:9090) {
    errno: -111,
    code: 'ECONNREFUSED',
    syscall: 'connect',
    address: '127.0.0.1',
    port: 9090
  }
]
[2025-07-16T06:54:17.904Z] error: <httpProxy> Error calling http://127.0.0.1:9090/api/v1/query...
[2025-07-16T06:54:17.904Z] error: <httpProxy> [
  500,
  Error: connect ECONNREFUSED 127.0.0.1:9090
      at <unknown> (Error: connect ECONNREFUSED 127.0.0.1:9090) {
    errno: -111,
    code: 'ECONNREFUSED',
    syscall: 'connect',
    address: '127.0.0.1',
    port: 9090
  }
]
[2025-07-16T06:54:17.905Z] error: <httpProxy> Error calling http://127.0.0.1:9090/api/v1/query...
[2025-07-16T06:54:17.905Z] error: <httpProxy> [
  500,
  Error: connect ECONNREFUSED 127.0.0.1:9090
      at <unknown> (Error: connect ECONNREFUSED 127.0.0.1:9090) {
    errno: -111,
    code: 'ECONNREFUSED',
    syscall: 'connect',
    address: '127.0.0.1',
    port: 9090
  }
]
[2025-07-16T06:54:17.909Z] error: <httpProxy> Error calling http://127.0.0.1:9090/api/v1/query...
[2025-07-16T06:54:17.909Z] error: <httpProxy> [
  500,
  Error: connect ECONNREFUSED 127.0.0.1:9090
      at <unknown> (Error: connect ECONNREFUSED 127.0.0.1:9090) {
    errno: -111,
    code: 'ECONNREFUSED',
    syscall: 'connect',
    address: '127.0.0.1',
    port: 9090
  }
]
[2025-07-16T06:54:17.910Z] error: <httpProxy> Error calling http://127.0.0.1:9090/api/v1/query...
[2025-07-16T06:54:17.910Z] error: <httpProxy> [
  500,
  Error: connect ECONNREFUSED 127.0.0.1:9090
      at <unknown> (Error: connect ECONNREFUSED 127.0.0.1:9090) {
    errno: -111,
    code: 'ECONNREFUSED',
    syscall: 'connect',
    address: '127.0.0.1',
    port: 9090
  }
]
[2025-07-16T06:54:17.910Z] error: <httpProxy> Error calling http://127.0.0.1:9090/api/v1/query...
[2025-07-16T06:54:17.910Z] error: <httpProxy> [
  500,
  Error: connect ECONNREFUSED 127.0.0.1:9090
      at <unknown> (Error: connect ECONNREFUSED 127.0.0.1:9090) {
    errno: -111,
    code: 'ECONNREFUSED',
    syscall: 'connect',
    address: '127.0.0.1',
    port: 9090
  }
]
[2025-07-16T06:54:32.859Z] error: <httpProxy> Error calling http://127.0.0.1:9090/api/v1/query...
[2025-07-16T06:54:32.860Z] error: <httpProxy> [
  500,
  Error: connect ECONNREFUSED 127.0.0.1:9090
      at <unknown> (Error: connect ECONNREFUSED 127.0.0.1:9090) {
    errno: -111,
    code: 'ECONNREFUSED',
    syscall: 'connect',
    address: '127.0.0.1',
    port: 9090
  }
]
[2025-07-16T06:54:32.871Z] error: <httpProxy> Error calling http://127.0.0.1:9090/api/v1/query...
[2025-07-16T06:54:32.871Z] error: <httpProxy> [
  500,
  Error: connect ECONNREFUSED 127.0.0.1:9090
      at <unknown> (Error: connect ECONNREFUSED 127.0.0.1:9090) {
    errno: -111,
    code: 'ECONNREFUSED',
    syscall: 'connect',
    address: '127.0.0.1',
    port: 9090
  }
]
[2025-07-16T06:54:32.871Z] error: <httpProxy> Error calling http://127.0.0.1:9090/api/v1/query...
[2025-07-16T06:54:32.872Z] error: <httpProxy> [
  500,
  Error: connect ECONNREFUSED 127.0.0.1:9090
      at <unknown> (Error: connect ECONNREFUSED 127.0.0.1:9090) {
    errno: -111,
    code: 'ECONNREFUSED',
    syscall: 'connect',
    address: '127.0.0.1',
    port: 9090
  }
]
[2025-07-16T06:54:32.872Z] error: <httpProxy> Error calling http://127.0.0.1:9090/api/v1/query...
[2025-07-16T06:54:32.872Z] error: <httpProxy> [
  500,
  Error: connect ECONNREFUSED 127.0.0.1:9090
      at <unknown> (Error: connect ECONNREFUSED 127.0.0.1:9090) {
    errno: -111,
    code: 'ECONNREFUSED',
    syscall: 'connect',
    address: '127.0.0.1',
    port: 9090
  }
]
[2025-07-16T06:54:32.874Z] error: <httpProxy> Error calling http://127.0.0.1:9090/api/v1/query...
[2025-07-16T06:54:32.874Z] error: <httpProxy> [
  500,
  Error: connect ECONNREFUSED 127.0.0.1:9090
      at <unknown> (Error: connect ECONNREFUSED 127.0.0.1:9090) {
    errno: -111,
    code: 'ECONNREFUSED',
    syscall: 'connect',
    address: '127.0.0.1',
    port: 9090
  }
]
[2025-07-16T06:54:32.874Z] error: <httpProxy> Error calling http://127.0.0.1:9090/api/v1/query...
[2025-07-16T06:54:32.874Z] error: <httpProxy> [
  500,
  Error: connect ECONNREFUSED 127.0.0.1:9090
      at <unknown> (Error: connect ECONNREFUSED 127.0.0.1:9090) {
    errno: -111,
    code: 'ECONNREFUSED',
    syscall: 'connect',
    address: '127.0.0.1',
    port: 9090
  }
]
[2025-07-16T06:54:32.885Z] error: <httpProxy> Error calling http://127.0.0.1:9090/api/v1/query...
[2025-07-16T06:54:32.886Z] error: <httpProxy> [
  500,
  Error: connect ECONNREFUSED 127.0.0.1:9090
      at <unknown> (Error: connect ECONNREFUSED 127.0.0.1:9090) {
    errno: -111,
    code: 'ECONNREFUSED',
    syscall: 'connect',
    address: '127.0.0.1',
    port: 9090
  }
]
[2025-07-16T06:54:32.895Z] error: <httpProxy> Error calling http://127.0.0.1:9090/api/v1/query...
[2025-07-16T06:54:32.895Z] error: <httpProxy> [
  500,
  Error: connect ECONNREFUSED 127.0.0.1:9090
      at <unknown> (Error: connect ECONNREFUSED 127.0.0.1:9090) {
    errno: -111,
    code: 'ECONNREFUSED',
    syscall: 'connect',
    address: '127.0.0.1',
    port: 9090
  }
]
[2025-07-16T06:54:32.899Z] error: <httpProxy> Error calling http://127.0.0.1:9090/api/v1/query...
[2025-07-16T06:54:32.900Z] error: <httpProxy> [
  500,
  Error: connect ECONNREFUSED 127.0.0.1:9090
      at <unknown> (Error: connect ECONNREFUSED 127.0.0.1:9090) {
    errno: -111,
    code: 'ECONNREFUSED',
    syscall: 'connect',
    address: '127.0.0.1',
    port: 9090
  }
]
[2025-07-16T06:54:32.910Z] error: <httpProxy> Error calling http://127.0.0.1:9090/api/v1/query...
[2025-07-16T06:54:32.910Z] error: <httpProxy> [
  500,
  Error: connect ECONNREFUSED 127.0.0.1:9090
      at <unknown> (Error: connect ECONNREFUSED 127.0.0.1:9090) {
    errno: -111,
    code: 'ECONNREFUSED',
    syscall: 'connect',
    address: '127.0.0.1',
    port: 9090
  }
]
[2025-07-16T06:54:32.910Z] error: <httpProxy> Error calling http://127.0.0.1:9090/api/v1/query...
[2025-07-16T06:54:32.911Z] error: <httpProxy> [
  500,
  Error: connect ECONNREFUSED 127.0.0.1:9090
      at <unknown> (Error: connect ECONNREFUSED 127.0.0.1:9090) {
    errno: -111,
    code: 'ECONNREFUSED',
    syscall: 'connect',
    address: '127.0.0.1',
    port: 9090
  }
]
[2025-07-16T06:54:32.917Z] error: <httpProxy> Error calling http://127.0.0.1:9090/api/v1/query...
[2025-07-16T06:54:32.917Z] error: <httpProxy> [
  500,
  Error: connect ECONNREFUSED 127.0.0.1:9090
      at <unknown> (Error: connect ECONNREFUSED 127.0.0.1:9090) {
    errno: -111,
    code: 'ECONNREFUSED',
    syscall: 'connect',
    address: '127.0.0.1',
    port: 9090
  }
]
[2025-07-16T06:54:32.918Z] error: <httpProxy> Error calling http://127.0.0.1:9090/api/v1/query...
[2025-07-16T06:54:32.918Z] error: <httpProxy> [
  500,
  Error: connect ECONNREFUSED 127.0.0.1:9090
      at <unknown> (Error: connect ECONNREFUSED 127.0.0.1:9090) {
    errno: -111,
    code: 'ECONNREFUSED',
    syscall: 'connect',
    address: '127.0.0.1',
    port: 9090
  }
]
[2025-07-16T06:54:32.918Z] error: <httpProxy> Error calling http://127.0.0.1:9090/api/v1/query...
[2025-07-16T06:54:32.918Z] error: <httpProxy> [
  500,
  Error: connect ECONNREFUSED 127.0.0.1:9090
      at <unknown> (Error: connect ECONNREFUSED 127.0.0.1:9090) {
    errno: -111,
    code: 'ECONNREFUSED',
    syscall: 'connect',
    address: '127.0.0.1',
    port: 9090
  }
]
[2025-07-16T06:55:38.313Z] error: <httpProxy> Error calling http://127.0.0.1:9090/api/v1/query...
[2025-07-16T06:55:38.316Z] error: <httpProxy> [
  500,
  Error: connect ECONNREFUSED 127.0.0.1:9090
      at <unknown> (Error: connect ECONNREFUSED 127.0.0.1:9090) {
    errno: -111,
    code: 'ECONNREFUSED',
    syscall: 'connect',
    address: '127.0.0.1',
    port: 9090
  }
]
[2025-07-16T06:55:38.318Z] error: <httpProxy> Error calling http://127.0.0.1:9090/api/v1/query...
[2025-07-16T06:55:38.318Z] error: <httpProxy> [
  500,
  Error: connect ECONNREFUSED 127.0.0.1:9090
      at <unknown> (Error: connect ECONNREFUSED 127.0.0.1:9090) {
    errno: -111,
    code: 'ECONNREFUSED',
    syscall: 'connect',
    address: '127.0.0.1',
    port: 9090
  }
]
[2025-07-16T06:55:40.629Z] error: <httpProxy> Error calling http://127.0.0.1:9090/api/v1/query...
[2025-07-16T06:55:40.629Z] error: <httpProxy> [
  500,
  Error: connect ECONNREFUSED 127.0.0.1:9090
      at <unknown> (Error: connect ECONNREFUSED 127.0.0.1:9090) {
    errno: -111,
    code: 'ECONNREFUSED',
    syscall: 'connect',
    address: '127.0.0.1',
    port: 9090
  }
]
[2025-07-16T06:55:45.630Z] error: <httpProxy> Error calling http://127.0.0.1:9090/api/v1/query...
[2025-07-16T06:55:45.631Z] error: <httpProxy> [
  500,
  Error: connect ECONNREFUSED 127.0.0.1:9090
      at <unknown> (Error: connect ECONNREFUSED 127.0.0.1:9090) {
    errno: -111,
    code: 'ECONNREFUSED',
    syscall: 'connect',
    address: '127.0.0.1',
    port: 9090
  }
]
[2025-07-16T06:55:48.631Z] error: <httpProxy> Error calling http://127.0.0.1:9090/api/v1/query...
[2025-07-16T06:55:48.631Z] error: <httpProxy> [
  500,
  Error: connect ECONNREFUSED 127.0.0.1:9090
      at <unknown> (Error: connect ECONNREFUSED 127.0.0.1:9090) {
    errno: -111,
    code: 'ECONNREFUSED',
    syscall: 'connect',
    address: '127.0.0.1',
    port: 9090
  }
]
[2025-07-16T06:55:48.632Z] error: <httpProxy> Error calling http://127.0.0.1:9090/api/v1/query...
[2025-07-16T06:55:48.633Z] error: <httpProxy> [
  500,
  Error: connect ECONNREFUSED 127.0.0.1:9090
      at <unknown> (Error: connect ECONNREFUSED 127.0.0.1:9090) {
    errno: -111,
    code: 'ECONNREFUSED',
    syscall: 'connect',
    address: '127.0.0.1',
    port: 9090
  }
]
[2025-07-16T06:55:54.636Z] error: <httpProxy> Error calling http://127.0.0.1:9090/api/v1/query...
[2025-07-16T06:55:54.636Z] error: <httpProxy> [
  500,
  Error: connect ECONNREFUSED 127.0.0.1:9090
      at <unknown> (Error: connect ECONNREFUSED 127.0.0.1:9090) {
    errno: -111,
    code: 'ECONNREFUSED',
    syscall: 'connect',
    address: '127.0.0.1',
    port: 9090
  }
]
[2025-07-16T06:55:57.642Z] error: <httpProxy> Error calling http://127.0.0.1:9090/api/v1/query...
[2025-07-16T06:55:57.642Z] error: <httpProxy> [
  500,
  Error: connect ECONNREFUSED 127.0.0.1:9090
      at <unknown> (Error: connect ECONNREFUSED 127.0.0.1:9090) {
    errno: -111,
    code: 'ECONNREFUSED',
    syscall: 'connect',
    address: '127.0.0.1',
    port: 9090
  }
]
[2025-07-16T06:56:00.631Z] error: <httpProxy> Error calling http://127.0.0.1:9090/api/v1/query...
[2025-07-16T06:56:00.631Z] error: <httpProxy> [
  500,
  Error: connect ECONNREFUSED 127.0.0.1:9090
      at <unknown> (Error: connect ECONNREFUSED 127.0.0.1:9090) {
    errno: -111,
    code: 'ECONNREFUSED',
    syscall: 'connect',
    address: '127.0.0.1',
    port: 9090
  }
]
[2025-07-16T06:56:00.640Z] error: <httpProxy> Error calling http://127.0.0.1:9090/api/v1/query...
[2025-07-16T06:56:00.640Z] error: <httpProxy> [
  500,
  Error: connect ECONNREFUSED 127.0.0.1:9090
      at <unknown> (Error: connect ECONNREFUSED 127.0.0.1:9090) {
    errno: -111,
    code: 'ECONNREFUSED',
    syscall: 'connect',
    address: '127.0.0.1',
    port: 9090
  }
]
[2025-07-16T06:56:02.628Z] error: <httpProxy> Error calling http://127.0.0.1:9090/api/v1/query...
[2025-07-16T06:56:02.628Z] error: <httpProxy> [
  500,
  Error: connect ECONNREFUSED 127.0.0.1:9090
      at <unknown> (Error: connect ECONNREFUSED 127.0.0.1:9090) {
    errno: -111,
    code: 'ECONNREFUSED',
    syscall: 'connect',
    address: '127.0.0.1',
    port: 9090
  }
]
[2025-07-16T06:56:03.646Z] error: <httpProxy> Error calling http://127.0.0.1:9090/api/v1/query...
[2025-07-16T06:56:03.647Z] error: <httpProxy> [
  500,
  Error: connect ECONNREFUSED 127.0.0.1:9090
      at <unknown> (Error: connect ECONNREFUSED 127.0.0.1:9090) {
    errno: -111,
    code: 'ECONNREFUSED',
    syscall: 'connect',
    address: '127.0.0.1',
    port: 9090
  }
]
[2025-07-16T06:56:03.647Z] error: <httpProxy> Error calling http://127.0.0.1:9090/api/v1/query...
[2025-07-16T06:56:03.648Z] error: <httpProxy> [
  500,
  Error: connect ECONNREFUSED 127.0.0.1:9090
      at <unknown> (Error: connect ECONNREFUSED 127.0.0.1:9090) {
    errno: -111,
    code: 'ECONNREFUSED',
    syscall: 'connect',
    address: '127.0.0.1',
    port: 9090
  }
]
[2025-07-16T06:56:05.638Z] error: <httpProxy> Error calling http://127.0.0.1:9090/api/v1/query...
[2025-07-16T06:56:05.638Z] error: <httpProxy> [
  500,
  Error: connect ECONNREFUSED 127.0.0.1:9090
      at <unknown> (Error: connect ECONNREFUSED 127.0.0.1:9090) {
    errno: -111,
    code: 'ECONNREFUSED',
    syscall: 'connect',
    address: '127.0.0.1',
    port: 9090
  }
]
[2025-07-16T06:56:07.633Z] error: <httpProxy> Error calling http://127.0.0.1:9090/api/v1/query...
[2025-07-16T06:56:07.633Z] error: <httpProxy> [
  500,
  Error: connect ECONNREFUSED 127.0.0.1:9090
      at <unknown> (Error: connect ECONNREFUSED 127.0.0.1:9090) {
    errno: -111,
    code: 'ECONNREFUSED',
    syscall: 'connect',
    address: '127.0.0.1',
    port: 9090
  }
]
[2025-07-16T06:56:12.626Z] error: <httpProxy> Error calling http://127.0.0.1:9090/api/v1/query...
[2025-07-16T06:56:12.627Z] error: <httpProxy> [
  500,
  Error: connect ECONNREFUSED 127.0.0.1:9090
      at <unknown> (Error: connect ECONNREFUSED 127.0.0.1:9090) {
    errno: -111,
    code: 'ECONNREFUSED',
    syscall: 'connect',
    address: '127.0.0.1',
    port: 9090
  }
]
[2025-07-16T06:56:12.637Z] error: <httpProxy> Error calling http://127.0.0.1:9090/api/v1/query...
[2025-07-16T06:56:12.637Z] error: <httpProxy> [
  500,
  Error: connect ECONNREFUSED 127.0.0.1:9090
      at <unknown> (Error: connect ECONNREFUSED 127.0.0.1:9090) {
    errno: -111,
    code: 'ECONNREFUSED',
    syscall: 'connect',
    address: '127.0.0.1',
    port: 9090
  }
]
[2025-07-16T06:56:15.630Z] error: <httpProxy> Error calling http://127.0.0.1:9090/api/v1/query...
[2025-07-16T06:56:15.630Z] error: <httpProxy> [
  500,
  Error: connect ECONNREFUSED 127.0.0.1:9090
      at <unknown> (Error: connect ECONNREFUSED 127.0.0.1:9090) {
    errno: -111,
    code: 'ECONNREFUSED',
    syscall: 'connect',
    address: '127.0.0.1',
    port: 9090
  }
]
[2025-07-16T06:56:15.633Z] error: <httpProxy> Error calling http://127.0.0.1:9090/api/v1/query...
[2025-07-16T06:56:15.633Z] error: <httpProxy> [
  500,
  Error: connect ECONNREFUSED 127.0.0.1:9090
      at <unknown> (Error: connect ECONNREFUSED 127.0.0.1:9090) {
    errno: -111,
    code: 'ECONNREFUSED',
    syscall: 'connect',
    address: '127.0.0.1',
    port: 9090
  }
]
[2025-07-16T06:56:15.641Z] error: <httpProxy> Error calling http://127.0.0.1:9090/api/v1/query...
[2025-07-16T06:56:15.642Z] error: <httpProxy> [
  500,
  Error: connect ECONNREFUSED 127.0.0.1:9090
      at <unknown> (Error: connect ECONNREFUSED 127.0.0.1:9090) {
    errno: -111,
    code: 'ECONNREFUSED',
    syscall: 'connect',
    address: '127.0.0.1',
    port: 9090
  }
]
[2025-07-16T06:56:15.650Z] error: <httpProxy> Error calling http://127.0.0.1:9090/api/v1/query...
[2025-07-16T06:56:15.650Z] error: <httpProxy> [
  500,
  Error: connect ECONNREFUSED 127.0.0.1:9090
      at <unknown> (Error: connect ECONNREFUSED 127.0.0.1:9090) {
    errno: -111,
    code: 'ECONNREFUSED',
    syscall: 'connect',
    address: '127.0.0.1',
    port: 9090
  }
]
[2025-07-16T06:56:17.276Z] error: <httpProxy> Error calling http://127.0.0.1:9090/api/v1/query...
[2025-07-16T06:56:17.276Z] error: <httpProxy> [
  500,
  Error: connect ECONNREFUSED 127.0.0.1:9090
      at <unknown> (Error: connect ECONNREFUSED 127.0.0.1:9090) {
    errno: -111,
    code: 'ECONNREFUSED',
    syscall: 'connect',
    address: '127.0.0.1',
    port: 9090
  }
]
[2025-07-16T06:56:18.627Z] error: <httpProxy> Error calling http://127.0.0.1:9090/api/v1/query...
[2025-07-16T06:56:18.627Z] error: <httpProxy> [
  500,
  Error: connect ECONNREFUSED 127.0.0.1:9090
      at <unknown> (Error: connect ECONNREFUSED 127.0.0.1:9090) {
    errno: -111,
    code: 'ECONNREFUSED',
    syscall: 'connect',
    address: '127.0.0.1',
    port: 9090
  }
]
[2025-07-16T06:56:18.657Z] error: <httpProxy> Error calling http://127.0.0.1:9090/api/v1/query...
[2025-07-16T06:56:18.658Z] error: <httpProxy> [
  500,
  Error: connect ECONNREFUSED 127.0.0.1:9090
      at <unknown> (Error: connect ECONNREFUSED 127.0.0.1:9090) {
    errno: -111,
    code: 'ECONNREFUSED',
    syscall: 'connect',
    address: '127.0.0.1',
    port: 9090
  }
]
[2025-07-16T06:56:18.658Z] error: <httpProxy> Error calling http://127.0.0.1:9090/api/v1/query...
[2025-07-16T06:56:18.659Z] error: <httpProxy> [
  500,
  Error: connect ECONNREFUSED 127.0.0.1:9090
      at <unknown> (Error: connect ECONNREFUSED 127.0.0.1:9090) {
    errno: -111,
    code: 'ECONNREFUSED',
    syscall: 'connect',
    address: '127.0.0.1',
    port: 9090
  }
]
[2025-07-16T06:56:20.635Z] error: <httpProxy> Error calling http://127.0.0.1:9090/api/v1/query...
[2025-07-16T06:56:20.635Z] error: <httpProxy> [
  500,
  Error: connect ECONNREFUSED 127.0.0.1:9090
      at <unknown> (Error: connect ECONNREFUSED 127.0.0.1:9090) {
    errno: -111,
    code: 'ECONNREFUSED',
    syscall: 'connect',
    address: '127.0.0.1',
    port: 9090
  }
]
[2025-07-16T06:56:20.892Z] error: <httpProxy> Error calling http://127.0.0.1:9090/api/v1/query...
[2025-07-16T06:56:20.892Z] error: <httpProxy> [
  500,
  Error: connect ECONNREFUSED 127.0.0.1:9090
      at <unknown> (Error: connect ECONNREFUSED 127.0.0.1:9090) {
    errno: -111,
    code: 'ECONNREFUSED',
    syscall: 'connect',
    address: '127.0.0.1',
    port: 9090
  }
]
[2025-07-16T06:56:20.895Z] error: <httpProxy> Error calling http://127.0.0.1:9090/api/v1/query...
[2025-07-16T06:56:20.895Z] error: <httpProxy> [
  500,
  Error: connect ECONNREFUSED 127.0.0.1:9090
      at <unknown> (Error: connect ECONNREFUSED 127.0.0.1:9090) {
    errno: -111,
    code: 'ECONNREFUSED',
    syscall: 'connect',
    address: '127.0.0.1',
    port: 9090
  }
]
[2025-07-16T06:56:20.897Z] error: <httpProxy> Error calling http://127.0.0.1:9090/api/v1/query...
[2025-07-16T06:56:20.897Z] error: <httpProxy> [
  500,
  Error: connect ECONNREFUSED 127.0.0.1:9090
      at <unknown> (Error: connect ECONNREFUSED 127.0.0.1:9090) {
    errno: -111,
    code: 'ECONNREFUSED',
    syscall: 'connect',
    address: '127.0.0.1',
    port: 9090
  }
]
[2025-07-16T06:56:20.899Z] error: <httpProxy> Error calling http://127.0.0.1:9090/api/v1/query...
[2025-07-16T06:56:20.899Z] error: <httpProxy> [
  500,
  Error: connect ECONNREFUSED 127.0.0.1:9090
      at <unknown> (Error: connect ECONNREFUSED 127.0.0.1:9090) {
    errno: -111,
    code: 'ECONNREFUSED',
    syscall: 'connect',
    address: '127.0.0.1',
    port: 9090
  }
]
[2025-07-16T06:56:20.901Z] error: <httpProxy> Error calling http://127.0.0.1:9090/api/v1/query...
[2025-07-16T06:56:20.901Z] error: <httpProxy> [
  500,
  Error: connect ECONNREFUSED 127.0.0.1:9090
      at <unknown> (Error: connect ECONNREFUSED 127.0.0.1:9090) {
    errno: -111,
    code: 'ECONNREFUSED',
    syscall: 'connect',
    address: '127.0.0.1',
    port: 9090
  }
]
[2025-07-16T06:56:20.904Z] error: <httpProxy> Error calling http://127.0.0.1:9090/api/v1/query...
[2025-07-16T06:56:20.904Z] error: <httpProxy> [
  500,
  Error: connect ECONNREFUSED 127.0.0.1:9090
      at <unknown> (Error: connect ECONNREFUSED 127.0.0.1:9090) {
    errno: -111,
    code: 'ECONNREFUSED',
    syscall: 'connect',
    address: '127.0.0.1',
    port: 9090
  }
]
[2025-07-16T06:56:20.907Z] error: <httpProxy> Error calling http://127.0.0.1:9090/api/v1/query...
[2025-07-16T06:56:20.907Z] error: <httpProxy> [
  500,
  Error: connect ECONNREFUSED 127.0.0.1:9090
      at <unknown> (Error: connect ECONNREFUSED 127.0.0.1:9090) {
    errno: -111,
    code: 'ECONNREFUSED',
    syscall: 'connect',
    address: '127.0.0.1',
    port: 9090
  }
]
[2025-07-16T06:56:20.909Z] error: <httpProxy> Error calling http://127.0.0.1:9090/api/v1/query...
[2025-07-16T06:56:20.909Z] error: <httpProxy> [
  500,
  Error: connect ECONNREFUSED 127.0.0.1:9090
      at <unknown> (Error: connect ECONNREFUSED 127.0.0.1:9090) {
    errno: -111,
    code: 'ECONNREFUSED',
    syscall: 'connect',
    address: '127.0.0.1',
    port: 9090
  }
]
[2025-07-16T06:56:20.912Z] error: <httpProxy> Error calling http://127.0.0.1:9090/api/v1/query...
[2025-07-16T06:56:20.912Z] error: <httpProxy> [
  500,
  Error: connect ECONNREFUSED 127.0.0.1:9090
      at <unknown> (Error: connect ECONNREFUSED 127.0.0.1:9090) {
    errno: -111,
    code: 'ECONNREFUSED',
    syscall: 'connect',
    address: '127.0.0.1',
    port: 9090
  }
]
[2025-07-16T06:56:20.916Z] error: <httpProxy> Error calling http://127.0.0.1:9090/api/v1/query...
[2025-07-16T06:56:20.916Z] error: <httpProxy> [
  500,
  Error: connect ECONNREFUSED 127.0.0.1:9090
      at <unknown> (Error: connect ECONNREFUSED 127.0.0.1:9090) {
    errno: -111,
    code: 'ECONNREFUSED',
    syscall: 'connect',
    address: '127.0.0.1',
    port: 9090
  }
]
[2025-07-16T06:56:20.921Z] error: <httpProxy> Error calling http://127.0.0.1:9090/api/v1/query...
[2025-07-16T06:56:20.922Z] error: <httpProxy> [
  500,
  Error: connect ECONNREFUSED 127.0.0.1:9090
      at <unknown> (Error: connect ECONNREFUSED 127.0.0.1:9090) {
    errno: -111,
    code: 'ECONNREFUSED',
    syscall: 'connect',
    address: '127.0.0.1',
    port: 9090
  }
]
[2025-07-16T06:56:20.925Z] error: <httpProxy> Error calling http://127.0.0.1:9090/api/v1/query...
[2025-07-16T06:56:20.925Z] error: <httpProxy> [
  500,
  Error: connect ECONNREFUSED 127.0.0.1:9090
      at <unknown> (Error: connect ECONNREFUSED 127.0.0.1:9090) {
    errno: -111,
    code: 'ECONNREFUSED',
    syscall: 'connect',
    address: '127.0.0.1',
    port: 9090
  }
]
[2025-07-16T06:56:20.932Z] error: <httpProxy> Error calling http://127.0.0.1:9090/api/v1/query...
[2025-07-16T06:56:20.932Z] error: <httpProxy> [
  500,
  Error: connect ECONNREFUSED 127.0.0.1:9090
      at <unknown> (Error: connect ECONNREFUSED 127.0.0.1:9090) {
    errno: -111,
    code: 'ECONNREFUSED',
    syscall: 'connect',
    address: '127.0.0.1',
    port: 9090
  }
]
[2025-07-16T06:56:21.106Z] error: <httpProxy> Error calling http://127.0.0.1:9090/api/v1/query...
[2025-07-16T06:56:21.107Z] error: <httpProxy> [
  500,
  Error: connect ECONNREFUSED 127.0.0.1:9090
      at <unknown> (Error: connect ECONNREFUSED 127.0.0.1:9090) {
    errno: -111,
    code: 'ECONNREFUSED',
    syscall: 'connect',
    address: '127.0.0.1',
    port: 9090
  }
]
[2025-07-16T06:56:21.108Z] error: <httpProxy> Error calling http://127.0.0.1:9090/api/v1/query...
[2025-07-16T06:56:21.109Z] error: <httpProxy> [
  500,
  Error: connect ECONNREFUSED 127.0.0.1:9090
      at <unknown> (Error: connect ECONNREFUSED 127.0.0.1:9090) {
    errno: -111,
    code: 'ECONNREFUSED',
    syscall: 'connect',
    address: '127.0.0.1',
    port: 9090
  }
]
[2025-07-16T06:56:21.110Z] error: <httpProxy> Error calling http://127.0.0.1:9090/api/v1/query...
[2025-07-16T06:56:21.110Z] error: <httpProxy> [
  500,
  Error: connect ECONNREFUSED 127.0.0.1:9090
      at <unknown> (Error: connect ECONNREFUSED 127.0.0.1:9090) {
    errno: -111,
    code: 'ECONNREFUSED',
    syscall: 'connect',
    address: '127.0.0.1',
    port: 9090
  }
]
[2025-07-16T06:56:21.112Z] error: <httpProxy> Error calling http://127.0.0.1:9090/api/v1/query...
[2025-07-16T06:56:21.112Z] error: <httpProxy> [
  500,
  Error: connect ECONNREFUSED 127.0.0.1:9090
      at <unknown> (Error: connect ECONNREFUSED 127.0.0.1:9090) {
    errno: -111,
    code: 'ECONNREFUSED',
    syscall: 'connect',
    address: '127.0.0.1',
    port: 9090
  }
]
[2025-07-16T06:56:21.115Z] error: <httpProxy> Error calling http://127.0.0.1:9090/api/v1/query...
[2025-07-16T06:56:21.115Z] error: <httpProxy> [
  500,
  Error: connect ECONNREFUSED 127.0.0.1:9090
      at <unknown> (Error: connect ECONNREFUSED 127.0.0.1:9090) {
    errno: -111,
    code: 'ECONNREFUSED',
    syscall: 'connect',
    address: '127.0.0.1',
    port: 9090
  }
]
[2025-07-16T06:56:21.117Z] error: <httpProxy> Error calling http://127.0.0.1:9090/api/v1/query...
[2025-07-16T06:56:21.117Z] error: <httpProxy> [
  500,
  Error: connect ECONNREFUSED 127.0.0.1:9090
      at <unknown> (Error: connect ECONNREFUSED 127.0.0.1:9090) {
    errno: -111,
    code: 'ECONNREFUSED',
    syscall: 'connect',
    address: '127.0.0.1',
    port: 9090
  }
]
[2025-07-16T06:56:21.119Z] error: <httpProxy> Error calling http://127.0.0.1:9090/api/v1/query...
[2025-07-16T06:56:21.119Z] error: <httpProxy> [
  500,
  Error: connect ECONNREFUSED 127.0.0.1:9090
      at <unknown> (Error: connect ECONNREFUSED 127.0.0.1:9090) {
    errno: -111,
    code: 'ECONNREFUSED',
    syscall: 'connect',
    address: '127.0.0.1',
    port: 9090
  }
]
[2025-07-16T06:56:21.121Z] error: <httpProxy> Error calling http://127.0.0.1:9090/api/v1/query...
[2025-07-16T06:56:21.121Z] error: <httpProxy> [
  500,
  Error: connect ECONNREFUSED 127.0.0.1:9090
      at <unknown> (Error: connect ECONNREFUSED 127.0.0.1:9090) {
    errno: -111,
    code: 'ECONNREFUSED',
    syscall: 'connect',
    address: '127.0.0.1',
    port: 9090
  }
]
[2025-07-16T06:56:21.123Z] error: <httpProxy> Error calling http://127.0.0.1:9090/api/v1/query...
[2025-07-16T06:56:21.123Z] error: <httpProxy> [
  500,
  Error: connect ECONNREFUSED 127.0.0.1:9090
      at <unknown> (Error: connect ECONNREFUSED 127.0.0.1:9090) {
    errno: -111,
    code: 'ECONNREFUSED',
    syscall: 'connect',
    address: '127.0.0.1',
    port: 9090
  }
]
[2025-07-16T06:56:21.125Z] error: <httpProxy> Error calling http://127.0.0.1:9090/api/v1/query...
[2025-07-16T06:56:21.125Z] error: <httpProxy> [
  500,
  Error: connect ECONNREFUSED 127.0.0.1:9090
      at <unknown> (Error: connect ECONNREFUSED 127.0.0.1:9090) {
    errno: -111,
    code: 'ECONNREFUSED',
    syscall: 'connect',
    address: '127.0.0.1',
    port: 9090
  }
]
[2025-07-16T06:56:21.126Z] error: <httpProxy> Error calling http://127.0.0.1:9090/api/v1/query...
[2025-07-16T06:56:21.127Z] error: <httpProxy> [
  500,
  Error: connect ECONNREFUSED 127.0.0.1:9090
      at <unknown> (Error: connect ECONNREFUSED 127.0.0.1:9090) {
    errno: -111,
    code: 'ECONNREFUSED',
    syscall: 'connect',
    address: '127.0.0.1',
    port: 9090
  }
]
[2025-07-16T06:56:21.130Z] error: <httpProxy> Error calling http://127.0.0.1:9090/api/v1/query...
[2025-07-16T06:56:21.130Z] error: <httpProxy> [
  500,
  Error: connect ECONNREFUSED 127.0.0.1:9090
      at <unknown> (Error: connect ECONNREFUSED 127.0.0.1:9090) {
    errno: -111,
    code: 'ECONNREFUSED',
    syscall: 'connect',
    address: '127.0.0.1',
    port: 9090
  }
]
[2025-07-16T06:56:21.132Z] error: <httpProxy> Error calling http://127.0.0.1:9090/api/v1/query...
[2025-07-16T06:56:21.132Z] error: <httpProxy> [
  500,
  Error: connect ECONNREFUSED 127.0.0.1:9090
      at <unknown> (Error: connect ECONNREFUSED 127.0.0.1:9090) {
    errno: -111,
    code: 'ECONNREFUSED',
    syscall: 'connect',
    address: '127.0.0.1',
    port: 9090
  }
]
[2025-07-16T06:56:21.133Z] error: <httpProxy> Error calling http://127.0.0.1:9090/api/v1/query...
[2025-07-16T06:56:21.133Z] error: <httpProxy> [
  500,
  Error: connect ECONNREFUSED 127.0.0.1:9090
      at <unknown> (Error: connect ECONNREFUSED 127.0.0.1:9090) {
    errno: -111,
    code: 'ECONNREFUSED',
    syscall: 'connect',
    address: '127.0.0.1',
    port: 9090
  }
]
[2025-07-16T06:56:22.198Z] error: <httpProxy> Error calling http://127.0.0.1:9090/api/v1/query...
[2025-07-16T06:56:22.198Z] error: <httpProxy> [
  500,
  Error: connect ECONNREFUSED 127.0.0.1:9090
      at <unknown> (Error: connect ECONNREFUSED 127.0.0.1:9090) {
    errno: -111,
    code: 'ECONNREFUSED',
    syscall: 'connect',
    address: '127.0.0.1',
    port: 9090
  }
]
[2025-07-16T06:56:22.200Z] error: <httpProxy> Error calling http://127.0.0.1:9090/api/v1/query...
[2025-07-16T06:56:22.200Z] error: <httpProxy> [
  500,
  Error: connect ECONNREFUSED 127.0.0.1:9090
      at <unknown> (Error: connect ECONNREFUSED 127.0.0.1:9090) {
    errno: -111,
    code: 'ECONNREFUSED',
    syscall: 'connect',
    address: '127.0.0.1',
    port: 9090
  }
]
[2025-07-16T06:56:22.202Z] error: <httpProxy> Error calling http://127.0.0.1:9090/api/v1/query...
[2025-07-16T06:56:22.202Z] error: <httpProxy> [
  500,
  Error: connect ECONNREFUSED 127.0.0.1:9090
      at <unknown> (Error: connect ECONNREFUSED 127.0.0.1:9090) {
    errno: -111,
    code: 'ECONNREFUSED',
    syscall: 'connect',
    address: '127.0.0.1',
    port: 9090
  }
]
[2025-07-16T06:56:22.204Z] error: <httpProxy> Error calling http://127.0.0.1:9090/api/v1/query...
[2025-07-16T06:56:22.205Z] error: <httpProxy> [
  500,
  Error: connect ECONNREFUSED 127.0.0.1:9090
      at <unknown> (Error: connect ECONNREFUSED 127.0.0.1:9090) {
    errno: -111,
    code: 'ECONNREFUSED',
    syscall: 'connect',
    address: '127.0.0.1',
    port: 9090
  }
]
[2025-07-16T06:56:22.206Z] error: <httpProxy> Error calling http://127.0.0.1:9090/api/v1/query...
[2025-07-16T06:56:22.207Z] error: <httpProxy> [
  500,
  Error: connect ECONNREFUSED 127.0.0.1:9090
      at <unknown> (Error: connect ECONNREFUSED 127.0.0.1:9090) {
    errno: -111,
    code: 'ECONNREFUSED',
    syscall: 'connect',
    address: '127.0.0.1',
    port: 9090
  }
]
[2025-07-16T06:56:22.209Z] error: <httpProxy> Error calling http://127.0.0.1:9090/api/v1/query...
[2025-07-16T06:56:22.209Z] error: <httpProxy> [
  500,
  Error: connect ECONNREFUSED 127.0.0.1:9090
      at <unknown> (Error: connect ECONNREFUSED 127.0.0.1:9090) {
    errno: -111,
    code: 'ECONNREFUSED',
    syscall: 'connect',
    address: '127.0.0.1',
    port: 9090
  }
]
[2025-07-16T06:56:22.211Z] error: <httpProxy> Error calling http://127.0.0.1:9090/api/v1/query...
[2025-07-16T06:56:22.211Z] error: <httpProxy> [
  500,
  Error: connect ECONNREFUSED 127.0.0.1:9090
      at <unknown> (Error: connect ECONNREFUSED 127.0.0.1:9090) {
    errno: -111,
    code: 'ECONNREFUSED',
    syscall: 'connect',
    address: '127.0.0.1',
    port: 9090
  }
]
[2025-07-16T06:56:22.213Z] error: <httpProxy> Error calling http://127.0.0.1:9090/api/v1/query...
[2025-07-16T06:56:22.213Z] error: <httpProxy> [
  500,
  Error: connect ECONNREFUSED 127.0.0.1:9090
      at <unknown> (Error: connect ECONNREFUSED 127.0.0.1:9090) {
    errno: -111,
    code: 'ECONNREFUSED',
    syscall: 'connect',
    address: '127.0.0.1',
    port: 9090
  }
]
[2025-07-16T06:56:22.215Z] error: <httpProxy> Error calling http://127.0.0.1:9090/api/v1/query...
[2025-07-16T06:56:22.215Z] error: <httpProxy> [
  500,
  Error: connect ECONNREFUSED 127.0.0.1:9090
      at <unknown> (Error: connect ECONNREFUSED 127.0.0.1:9090) {
    errno: -111,
    code: 'ECONNREFUSED',
    syscall: 'connect',
    address: '127.0.0.1',
    port: 9090
  }
]
[2025-07-16T06:56:22.216Z] error: <httpProxy> Error calling http://127.0.0.1:9090/api/v1/query...
[2025-07-16T06:56:22.216Z] error: <httpProxy> [
  500,
  Error: connect ECONNREFUSED 127.0.0.1:9090
      at <unknown> (Error: connect ECONNREFUSED 127.0.0.1:9090) {
    errno: -111,
    code: 'ECONNREFUSED',
    syscall: 'connect',
    address: '127.0.0.1',
    port: 9090
  }
]
[2025-07-16T06:56:22.218Z] error: <httpProxy> Error calling http://127.0.0.1:9090/api/v1/query...
[2025-07-16T06:56:22.218Z] error: <httpProxy> [
  500,
  Error: connect ECONNREFUSED 127.0.0.1:9090
      at <unknown> (Error: connect ECONNREFUSED 127.0.0.1:9090) {
    errno: -111,
    code: 'ECONNREFUSED',
    syscall: 'connect',
    address: '127.0.0.1',
    port: 9090
  }
]
[2025-07-16T06:56:22.220Z] error: <httpProxy> Error calling http://127.0.0.1:9090/api/v1/query...
[2025-07-16T06:56:22.220Z] error: <httpProxy> [
  500,
  Error: connect ECONNREFUSED 127.0.0.1:9090
      at <unknown> (Error: connect ECONNREFUSED 127.0.0.1:9090) {
    errno: -111,
    code: 'ECONNREFUSED',
    syscall: 'connect',
    address: '127.0.0.1',
    port: 9090
  }
]
[2025-07-16T06:56:22.222Z] error: <httpProxy> Error calling http://127.0.0.1:9090/api/v1/query...
[2025-07-16T06:56:22.222Z] error: <httpProxy> [
  500,
  Error: connect ECONNREFUSED 127.0.0.1:9090
      at <unknown> (Error: connect ECONNREFUSED 127.0.0.1:9090) {
    errno: -111,
    code: 'ECONNREFUSED',
    syscall: 'connect',
    address: '127.0.0.1',
    port: 9090
  }
]
[2025-07-16T06:56:22.223Z] error: <httpProxy> Error calling http://127.0.0.1:9090/api/v1/query...
[2025-07-16T06:56:22.223Z] error: <httpProxy> [
  500,
  Error: connect ECONNREFUSED 127.0.0.1:9090
      at <unknown> (Error: connect ECONNREFUSED 127.0.0.1:9090) {
    errno: -111,
    code: 'ECONNREFUSED',
    syscall: 'connect',
    address: '127.0.0.1',
    port: 9090
  }
]
[2025-07-16T06:56:37.187Z] error: <httpProxy> Error calling http://127.0.0.1:9090/api/v1/query...
[2025-07-16T06:56:37.187Z] error: <httpProxy> [
  500,
  Error: connect ECONNREFUSED 127.0.0.1:9090
      at <unknown> (Error: connect ECONNREFUSED 127.0.0.1:9090) {
    errno: -111,
    code: 'ECONNREFUSED',
    syscall: 'connect',
    address: '127.0.0.1',
    port: 9090
  }
]
[2025-07-16T06:56:37.188Z] error: <httpProxy> Error calling http://127.0.0.1:9090/api/v1/query...
[2025-07-16T06:56:37.188Z] error: <httpProxy> [
  500,
  Error: connect ECONNREFUSED 127.0.0.1:9090
      at <unknown> (Error: connect ECONNREFUSED 127.0.0.1:9090) {
    errno: -111,
    code: 'ECONNREFUSED',
    syscall: 'connect',
    address: '127.0.0.1',
    port: 9090
  }
]
[2025-07-16T06:56:37.188Z] error: <httpProxy> Error calling http://127.0.0.1:9090/api/v1/query...
[2025-07-16T06:56:37.188Z] error: <httpProxy> [
  500,
  Error: connect ECONNREFUSED 127.0.0.1:9090
      at <unknown> (Error: connect ECONNREFUSED 127.0.0.1:9090) {
    errno: -111,
    code: 'ECONNREFUSED',
    syscall: 'connect',
    address: '127.0.0.1',
    port: 9090
  }
]
[2025-07-16T06:56:37.188Z] error: <httpProxy> Error calling http://127.0.0.1:9090/api/v1/query...
[2025-07-16T06:56:37.188Z] error: <httpProxy> [
  500,
  Error: connect ECONNREFUSED 127.0.0.1:9090
      at <unknown> (Error: connect ECONNREFUSED 127.0.0.1:9090) {
    errno: -111,
    code: 'ECONNREFUSED',
    syscall: 'connect',
    address: '127.0.0.1',
    port: 9090
  }
]
[2025-07-16T06:56:37.192Z] error: <httpProxy> Error calling http://127.0.0.1:9090/api/v1/query...
[2025-07-16T06:56:37.192Z] error: <httpProxy> [
  500,
  Error: connect ECONNREFUSED 127.0.0.1:9090
      at <unknown> (Error: connect ECONNREFUSED 127.0.0.1:9090) {
    errno: -111,
    code: 'ECONNREFUSED',
    syscall: 'connect',
    address: '127.0.0.1',
    port: 9090
  }
]
[2025-07-16T06:56:37.194Z] error: <httpProxy> Error calling http://127.0.0.1:9090/api/v1/query...
[2025-07-16T06:56:37.194Z] error: <httpProxy> [
  500,
  Error: connect ECONNREFUSED 127.0.0.1:9090
      at <unknown> (Error: connect ECONNREFUSED 127.0.0.1:9090) {
    errno: -111,
    code: 'ECONNREFUSED',
    syscall: 'connect',
    address: '127.0.0.1',
    port: 9090
  }
]
[2025-07-16T06:56:37.195Z] error: <httpProxy> Error calling http://127.0.0.1:9090/api/v1/query...
[2025-07-16T06:56:37.195Z] error: <httpProxy> [
  500,
  Error: connect ECONNREFUSED 127.0.0.1:9090
      at <unknown> (Error: connect ECONNREFUSED 127.0.0.1:9090) {
    errno: -111,
    code: 'ECONNREFUSED',
    syscall: 'connect',
    address: '127.0.0.1',
    port: 9090
  }
]
[2025-07-16T06:56:37.196Z] error: <httpProxy> Error calling http://127.0.0.1:9090/api/v1/query...
[2025-07-16T06:56:37.196Z] error: <httpProxy> [
  500,
  Error: connect ECONNREFUSED 127.0.0.1:9090
      at <unknown> (Error: connect ECONNREFUSED 127.0.0.1:9090) {
    errno: -111,
    code: 'ECONNREFUSED',
    syscall: 'connect',
    address: '127.0.0.1',
    port: 9090
  }
]
[2025-07-16T06:56:37.197Z] error: <httpProxy> Error calling http://127.0.0.1:9090/api/v1/query...
[2025-07-16T06:56:37.197Z] error: <httpProxy> [
  500,
  Error: connect ECONNREFUSED 127.0.0.1:9090
      at <unknown> (Error: connect ECONNREFUSED 127.0.0.1:9090) {
    errno: -111,
    code: 'ECONNREFUSED',
    syscall: 'connect',
    address: '127.0.0.1',
    port: 9090
  }
]
[2025-07-16T06:56:37.198Z] error: <httpProxy> Error calling http://127.0.0.1:9090/api/v1/query...
[2025-07-16T06:56:37.198Z] error: <httpProxy> [
  500,
  Error: connect ECONNREFUSED 127.0.0.1:9090
      at <unknown> (Error: connect ECONNREFUSED 127.0.0.1:9090) {
    errno: -111,
    code: 'ECONNREFUSED',
    syscall: 'connect',
    address: '127.0.0.1',
    port: 9090
  }
]
[2025-07-16T06:56:37.199Z] error: <httpProxy> Error calling http://127.0.0.1:9090/api/v1/query...
[2025-07-16T06:56:37.199Z] error: <httpProxy> [
  500,
  Error: connect ECONNREFUSED 127.0.0.1:9090
      at <unknown> (Error: connect ECONNREFUSED 127.0.0.1:9090) {
    errno: -111,
    code: 'ECONNREFUSED',
    syscall: 'connect',
    address: '127.0.0.1',
    port: 9090
  }
]
[2025-07-16T06:56:37.199Z] error: <httpProxy> Error calling http://127.0.0.1:9090/api/v1/query...
[2025-07-16T06:56:37.199Z] error: <httpProxy> [
  500,
  Error: connect ECONNREFUSED 127.0.0.1:9090
      at <unknown> (Error: connect ECONNREFUSED 127.0.0.1:9090) {
    errno: -111,
    code: 'ECONNREFUSED',
    syscall: 'connect',
    address: '127.0.0.1',
    port: 9090
  }
]
[2025-07-16T06:56:37.200Z] error: <httpProxy> Error calling http://127.0.0.1:9090/api/v1/query...
[2025-07-16T06:56:37.200Z] error: <httpProxy> [
  500,
  Error: connect ECONNREFUSED 127.0.0.1:9090
      at <unknown> (Error: connect ECONNREFUSED 127.0.0.1:9090) {
    errno: -111,
    code: 'ECONNREFUSED',
    syscall: 'connect',
    address: '127.0.0.1',
    port: 9090
  }
]
[2025-07-16T06:56:37.200Z] error: <httpProxy> Error calling http://127.0.0.1:9090/api/v1/query...
[2025-07-16T06:56:37.201Z] error: <httpProxy> [
  500,
  Error: connect ECONNREFUSED 127.0.0.1:9090
      at <unknown> (Error: connect ECONNREFUSED 127.0.0.1:9090) {
    errno: -111,
    code: 'ECONNREFUSED',
    syscall: 'connect',
    address: '127.0.0.1',
    port: 9090
  }
]
[2025-07-16T06:56:52.203Z] error: <httpProxy> Error calling http://127.0.0.1:9090/api/v1/query...
[2025-07-16T06:56:52.203Z] error: <httpProxy> [
  500,
  Error: connect ECONNREFUSED 127.0.0.1:9090
      at <unknown> (Error: connect ECONNREFUSED 127.0.0.1:9090) {
    errno: -111,
    code: 'ECONNREFUSED',
    syscall: 'connect',
    address: '127.0.0.1',
    port: 9090
  }
]
[2025-07-16T06:56:52.203Z] error: <httpProxy> Error calling http://127.0.0.1:9090/api/v1/query...
[2025-07-16T06:56:52.204Z] error: <httpProxy> [
  500,
  Error: connect ECONNREFUSED 127.0.0.1:9090
      at <unknown> (Error: connect ECONNREFUSED 127.0.0.1:9090) {
    errno: -111,
    code: 'ECONNREFUSED',
    syscall: 'connect',
    address: '127.0.0.1',
    port: 9090
  }
]
[2025-07-16T06:56:52.205Z] error: <httpProxy> Error calling http://127.0.0.1:9090/api/v1/query...
[2025-07-16T06:56:52.206Z] error: <httpProxy> [
  500,
  Error: connect ECONNREFUSED 127.0.0.1:9090
      at <unknown> (Error: connect ECONNREFUSED 127.0.0.1:9090) {
    errno: -111,
    code: 'ECONNREFUSED',
    syscall: 'connect',
    address: '127.0.0.1',
    port: 9090
  }
]
[2025-07-16T06:56:52.215Z] error: <httpProxy> Error calling http://127.0.0.1:9090/api/v1/query...
[2025-07-16T06:56:52.215Z] error: <httpProxy> [
  500,
  Error: connect ECONNREFUSED 127.0.0.1:9090
      at <unknown> (Error: connect ECONNREFUSED 127.0.0.1:9090) {
    errno: -111,
    code: 'ECONNREFUSED',
    syscall: 'connect',
    address: '127.0.0.1',
    port: 9090
  }
]
[2025-07-16T06:56:52.218Z] error: <httpProxy> Error calling http://127.0.0.1:9090/api/v1/query...
[2025-07-16T06:56:52.218Z] error: <httpProxy> [
  500,
  Error: connect ECONNREFUSED 127.0.0.1:9090
      at <unknown> (Error: connect ECONNREFUSED 127.0.0.1:9090) {
    errno: -111,
    code: 'ECONNREFUSED',
    syscall: 'connect',
    address: '127.0.0.1',
    port: 9090
  }
]
[2025-07-16T06:56:52.229Z] error: <httpProxy> Error calling http://127.0.0.1:9090/api/v1/query...
[2025-07-16T06:56:52.230Z] error: <httpProxy> [
  500,
  Error: connect ECONNREFUSED 127.0.0.1:9090
      at <unknown> (Error: connect ECONNREFUSED 127.0.0.1:9090) {
    errno: -111,
    code: 'ECONNREFUSED',
    syscall: 'connect',
    address: '127.0.0.1',
    port: 9090
  }
]
[2025-07-16T06:56:52.230Z] error: <httpProxy> Error calling http://127.0.0.1:9090/api/v1/query...
[2025-07-16T06:56:52.231Z] error: <httpProxy> [
  500,
  Error: connect ECONNREFUSED 127.0.0.1:9090
      at <unknown> (Error: connect ECONNREFUSED 127.0.0.1:9090) {
    errno: -111,
    code: 'ECONNREFUSED',
    syscall: 'connect',
    address: '127.0.0.1',
    port: 9090
  }
]
[2025-07-16T06:56:52.232Z] error: <httpProxy> Error calling http://127.0.0.1:9090/api/v1/query...
[2025-07-16T06:56:52.232Z] error: <httpProxy> [
  500,
  Error: connect ECONNREFUSED 127.0.0.1:9090
      at <unknown> (Error: connect ECONNREFUSED 127.0.0.1:9090) {
    errno: -111,
    code: 'ECONNREFUSED',
    syscall: 'connect',
    address: '127.0.0.1',
    port: 9090
  }
]
[2025-07-16T06:56:52.233Z] error: <httpProxy> Error calling http://127.0.0.1:9090/api/v1/query...
[2025-07-16T06:56:52.233Z] error: <httpProxy> [
  500,
  Error: connect ECONNREFUSED 127.0.0.1:9090
      at <unknown> (Error: connect ECONNREFUSED 127.0.0.1:9090) {
    errno: -111,
    code: 'ECONNREFUSED',
    syscall: 'connect',
    address: '127.0.0.1',
    port: 9090
  }
]
[2025-07-16T06:56:52.233Z] error: <httpProxy> Error calling http://127.0.0.1:9090/api/v1/query...
[2025-07-16T06:56:52.233Z] error: <httpProxy> [
  500,
  Error: connect ECONNREFUSED 127.0.0.1:9090
      at <unknown> (Error: connect ECONNREFUSED 127.0.0.1:9090) {
    errno: -111,
    code: 'ECONNREFUSED',
    syscall: 'connect',
    address: '127.0.0.1',
    port: 9090
  }
]
[2025-07-16T06:56:52.234Z] error: <httpProxy> Error calling http://127.0.0.1:9090/api/v1/query...
[2025-07-16T06:56:52.234Z] error: <httpProxy> [
  500,
  Error: connect ECONNREFUSED 127.0.0.1:9090
      at <unknown> (Error: connect ECONNREFUSED 127.0.0.1:9090) {
    errno: -111,
    code: 'ECONNREFUSED',
    syscall: 'connect',
    address: '127.0.0.1',
    port: 9090
  }
]
[2025-07-16T06:56:52.235Z] error: <httpProxy> Error calling http://127.0.0.1:9090/api/v1/query...
[2025-07-16T06:56:52.235Z] error: <httpProxy> [
  500,
  Error: connect ECONNREFUSED 127.0.0.1:9090
      at <unknown> (Error: connect ECONNREFUSED 127.0.0.1:9090) {
    errno: -111,
    code: 'ECONNREFUSED',
    syscall: 'connect',
    address: '127.0.0.1',
    port: 9090
  }
]
[2025-07-16T06:56:52.236Z] error: <httpProxy> Error calling http://127.0.0.1:9090/api/v1/query...
[2025-07-16T06:56:52.236Z] error: <httpProxy> [
  500,
  Error: connect ECONNREFUSED 127.0.0.1:9090
      at <unknown> (Error: connect ECONNREFUSED 127.0.0.1:9090) {
    errno: -111,
    code: 'ECONNREFUSED',
    syscall: 'connect',
    address: '127.0.0.1',
    port: 9090
  }
]
[2025-07-16T06:56:52.236Z] error: <httpProxy> Error calling http://127.0.0.1:9090/api/v1/query...
[2025-07-16T06:56:52.236Z] error: <httpProxy> [
  500,
  Error: connect ECONNREFUSED 127.0.0.1:9090
      at <unknown> (Error: connect ECONNREFUSED 127.0.0.1:9090) {
    errno: -111,
    code: 'ECONNREFUSED',
    syscall: 'connect',
    address: '127.0.0.1',
    port: 9090
  }
]
[2025-07-16T06:57:04.053Z] error: <httpProxy> Error calling http://127.0.0.1:9090/api/v1/query...
[2025-07-16T06:57:04.053Z] error: <httpProxy> [
  500,
  Error: connect ECONNREFUSED 127.0.0.1:9090
      at <unknown> (Error: connect ECONNREFUSED 127.0.0.1:9090) {
    errno: -111,
    code: 'ECONNREFUSED',
    syscall: 'connect',
    address: '127.0.0.1',
    port: 9090
  }
]
[2025-07-16T06:57:04.055Z] error: <httpProxy> Error calling http://127.0.0.1:9090/api/v1/query...
[2025-07-16T06:57:04.055Z] error: <httpProxy> [
  500,
  Error: connect ECONNREFUSED 127.0.0.1:9090
      at <unknown> (Error: connect ECONNREFUSED 127.0.0.1:9090) {
    errno: -111,
    code: 'ECONNREFUSED',
    syscall: 'connect',
    address: '127.0.0.1',
    port: 9090
  }
]
[2025-07-16T06:57:04.057Z] error: <httpProxy> Error calling http://127.0.0.1:9090/api/v1/query...
[2025-07-16T06:57:04.057Z] error: <httpProxy> [
  500,
  Error: connect ECONNREFUSED 127.0.0.1:9090
      at <unknown> (Error: connect ECONNREFUSED 127.0.0.1:9090) {
    errno: -111,
    code: 'ECONNREFUSED',
    syscall: 'connect',
    address: '127.0.0.1',
    port: 9090
  }
]
[2025-07-16T06:57:04.059Z] error: <httpProxy> Error calling http://127.0.0.1:9090/api/v1/query...
[2025-07-16T06:57:04.059Z] error: <httpProxy> [
  500,
  Error: connect ECONNREFUSED 127.0.0.1:9090
      at <unknown> (Error: connect ECONNREFUSED 127.0.0.1:9090) {
    errno: -111,
    code: 'ECONNREFUSED',
    syscall: 'connect',
    address: '127.0.0.1',
    port: 9090
  }
]
[2025-07-16T06:57:04.060Z] error: <httpProxy> Error calling http://127.0.0.1:9090/api/v1/query...
[2025-07-16T06:57:04.061Z] error: <httpProxy> [
  500,
  Error: connect ECONNREFUSED 127.0.0.1:9090
      at <unknown> (Error: connect ECONNREFUSED 127.0.0.1:9090) {
    errno: -111,
    code: 'ECONNREFUSED',
    syscall: 'connect',
    address: '127.0.0.1',
    port: 9090
  }
]
[2025-07-16T06:57:04.063Z] error: <httpProxy> Error calling http://127.0.0.1:9090/api/v1/query...
[2025-07-16T06:57:04.063Z] error: <httpProxy> [
  500,
  Error: connect ECONNREFUSED 127.0.0.1:9090
      at <unknown> (Error: connect ECONNREFUSED 127.0.0.1:9090) {
    errno: -111,
    code: 'ECONNREFUSED',
    syscall: 'connect',
    address: '127.0.0.1',
    port: 9090
  }
]
[2025-07-16T06:57:04.065Z] error: <httpProxy> Error calling http://127.0.0.1:9090/api/v1/query...
[2025-07-16T06:57:04.065Z] error: <httpProxy> [
  500,
  Error: connect ECONNREFUSED 127.0.0.1:9090
      at <unknown> (Error: connect ECONNREFUSED 127.0.0.1:9090) {
    errno: -111,
    code: 'ECONNREFUSED',
    syscall: 'connect',
    address: '127.0.0.1',
    port: 9090
  }
]
[2025-07-16T06:57:04.067Z] error: <httpProxy> Error calling http://127.0.0.1:9090/api/v1/query...
[2025-07-16T06:57:04.067Z] error: <httpProxy> [
  500,
  Error: connect ECONNREFUSED 127.0.0.1:9090
      at <unknown> (Error: connect ECONNREFUSED 127.0.0.1:9090) {
    errno: -111,
    code: 'ECONNREFUSED',
    syscall: 'connect',
    address: '127.0.0.1',
    port: 9090
  }
]
[2025-07-16T06:57:04.069Z] error: <httpProxy> Error calling http://127.0.0.1:9090/api/v1/query...
[2025-07-16T06:57:04.070Z] error: <httpProxy> [
  500,
  Error: connect ECONNREFUSED 127.0.0.1:9090
      at <unknown> (Error: connect ECONNREFUSED 127.0.0.1:9090) {
    errno: -111,
    code: 'ECONNREFUSED',
    syscall: 'connect',
    address: '127.0.0.1',
    port: 9090
  }
]
[2025-07-16T06:57:04.071Z] error: <httpProxy> Error calling http://127.0.0.1:9090/api/v1/query...
[2025-07-16T06:57:04.071Z] error: <httpProxy> [
  500,
  Error: connect ECONNREFUSED 127.0.0.1:9090
      at <unknown> (Error: connect ECONNREFUSED 127.0.0.1:9090) {
    errno: -111,
    code: 'ECONNREFUSED',
    syscall: 'connect',
    address: '127.0.0.1',
    port: 9090
  }
]
[2025-07-16T06:57:04.075Z] error: <httpProxy> Error calling http://127.0.0.1:9090/api/v1/query...
[2025-07-16T06:57:04.076Z] error: <httpProxy> [
  500,
  Error: connect ECONNREFUSED 127.0.0.1:9090
      at <unknown> (Error: connect ECONNREFUSED 127.0.0.1:9090) {
    errno: -111,
    code: 'ECONNREFUSED',
    syscall: 'connect',
    address: '127.0.0.1',
    port: 9090
  }
]
[2025-07-16T06:57:04.076Z] error: <httpProxy> Error calling http://127.0.0.1:9090/api/v1/query...
[2025-07-16T06:57:04.077Z] error: <httpProxy> [
  500,
  Error: connect ECONNREFUSED 127.0.0.1:9090
      at <unknown> (Error: connect ECONNREFUSED 127.0.0.1:9090) {
    errno: -111,
    code: 'ECONNREFUSED',
    syscall: 'connect',
    address: '127.0.0.1',
    port: 9090
  }
]
[2025-07-16T06:57:04.077Z] error: <httpProxy> Error calling http://127.0.0.1:9090/api/v1/query...
[2025-07-16T06:57:04.078Z] error: <httpProxy> [
  500,
  Error: connect ECONNREFUSED 127.0.0.1:9090
      at <unknown> (Error: connect ECONNREFUSED 127.0.0.1:9090) {
    errno: -111,
    code: 'ECONNREFUSED',
    syscall: 'connect',
    address: '127.0.0.1',
    port: 9090
  }
]
[2025-07-16T06:57:04.078Z] error: <httpProxy> Error calling http://127.0.0.1:9090/api/v1/query...
[2025-07-16T06:57:04.078Z] error: <httpProxy> [
  500,
  Error: connect ECONNREFUSED 127.0.0.1:9090
      at <unknown> (Error: connect ECONNREFUSED 127.0.0.1:9090) {
    errno: -111,
    code: 'ECONNREFUSED',
    syscall: 'connect',
    address: '127.0.0.1',
    port: 9090
  }
]
[2025-07-16T06:57:14.515Z] error: <httpProxy> Error calling http://127.0.0.1:9090/api/v1/query...
[2025-07-16T06:57:14.515Z] error: <httpProxy> [
  500,
  Error: connect ECONNREFUSED 127.0.0.1:9090
      at <unknown> (Error: connect ECONNREFUSED 127.0.0.1:9090) {
    errno: -111,
    code: 'ECONNREFUSED',
    syscall: 'connect',
    address: '127.0.0.1',
    port: 9090
  }
]
[2025-07-16T06:57:14.515Z] error: <httpProxy> Error calling http://127.0.0.1:9090/api/v1/query...
[2025-07-16T06:57:14.515Z] error: <httpProxy> [
  500,
  Error: connect ECONNREFUSED 127.0.0.1:9090
      at <unknown> (Error: connect ECONNREFUSED 127.0.0.1:9090) {
    errno: -111,
    code: 'ECONNREFUSED',
    syscall: 'connect',
    address: '127.0.0.1',
    port: 9090
  }
]
[2025-07-16T06:57:14.515Z] error: <httpProxy> Error calling http://127.0.0.1:9090/api/v1/query...
[2025-07-16T06:57:14.516Z] error: <httpProxy> [
  500,
  Error: connect ECONNREFUSED 127.0.0.1:9090
      at <unknown> (Error: connect ECONNREFUSED 127.0.0.1:9090) {
    errno: -111,
    code: 'ECONNREFUSED',
    syscall: 'connect',
    address: '127.0.0.1',
    port: 9090
  }
]
[2025-07-16T06:57:14.516Z] error: <httpProxy> Error calling http://127.0.0.1:9090/api/v1/query...
[2025-07-16T06:57:14.516Z] error: <httpProxy> [
  500,
  Error: connect ECONNREFUSED 127.0.0.1:9090
      at <unknown> (Error: connect ECONNREFUSED 127.0.0.1:9090) {
    errno: -111,
    code: 'ECONNREFUSED',
    syscall: 'connect',
    address: '127.0.0.1',
    port: 9090
  }
]
[2025-07-16T06:57:14.516Z] error: <httpProxy> Error calling http://127.0.0.1:9090/api/v1/query...
[2025-07-16T06:57:14.516Z] error: <httpProxy> [
  500,
  Error: connect ECONNREFUSED 127.0.0.1:9090
      at <unknown> (Error: connect ECONNREFUSED 127.0.0.1:9090) {
    errno: -111,
    code: 'ECONNREFUSED',
    syscall: 'connect',
    address: '127.0.0.1',
    port: 9090
  }
]
[2025-07-16T06:57:14.516Z] error: <httpProxy> Error calling http://127.0.0.1:9090/api/v1/query...
[2025-07-16T06:57:14.517Z] error: <httpProxy> [
  500,
  Error: connect ECONNREFUSED 127.0.0.1:9090
      at <unknown> (Error: connect ECONNREFUSED 127.0.0.1:9090) {
    errno: -111,
    code: 'ECONNREFUSED',
    syscall: 'connect',
    address: '127.0.0.1',
    port: 9090
  }
]
[2025-07-16T06:57:14.523Z] error: <httpProxy> Error calling http://127.0.0.1:9090/api/v1/query...
[2025-07-16T06:57:14.523Z] error: <httpProxy> [
  500,
  Error: connect ECONNREFUSED 127.0.0.1:9090
      at <unknown> (Error: connect ECONNREFUSED 127.0.0.1:9090) {
    errno: -111,
    code: 'ECONNREFUSED',
    syscall: 'connect',
    address: '127.0.0.1',
    port: 9090
  }
]
[2025-07-16T06:57:14.524Z] error: <httpProxy> Error calling http://127.0.0.1:9090/api/v1/query...
[2025-07-16T06:57:14.524Z] error: <httpProxy> [
  500,
  Error: connect ECONNREFUSED 127.0.0.1:9090
      at <unknown> (Error: connect ECONNREFUSED 127.0.0.1:9090) {
    errno: -111,
    code: 'ECONNREFUSED',
    syscall: 'connect',
    address: '127.0.0.1',
    port: 9090
  }
]
[2025-07-16T06:57:14.524Z] error: <httpProxy> Error calling http://127.0.0.1:9090/api/v1/query...
[2025-07-16T06:57:14.524Z] error: <httpProxy> [
  500,
  Error: connect ECONNREFUSED 127.0.0.1:9090
      at <unknown> (Error: connect ECONNREFUSED 127.0.0.1:9090) {
    errno: -111,
    code: 'ECONNREFUSED',
    syscall: 'connect',
    address: '127.0.0.1',
    port: 9090
  }
]
[2025-07-16T06:57:14.524Z] error: <httpProxy> Error calling http://127.0.0.1:9090/api/v1/query...
[2025-07-16T06:57:14.525Z] error: <httpProxy> [
  500,
  Error: connect ECONNREFUSED 127.0.0.1:9090
      at <unknown> (Error: connect ECONNREFUSED 127.0.0.1:9090) {
    errno: -111,
    code: 'ECONNREFUSED',
    syscall: 'connect',
    address: '127.0.0.1',
    port: 9090
  }
]
[2025-07-16T06:57:14.525Z] error: <httpProxy> Error calling http://127.0.0.1:9090/api/v1/query...
[2025-07-16T06:57:14.525Z] error: <httpProxy> [
  500,
  Error: connect ECONNREFUSED 127.0.0.1:9090
      at <unknown> (Error: connect ECONNREFUSED 127.0.0.1:9090) {
    errno: -111,
    code: 'ECONNREFUSED',
    syscall: 'connect',
    address: '127.0.0.1',
    port: 9090
  }
]
[2025-07-16T06:57:14.525Z] error: <httpProxy> Error calling http://127.0.0.1:9090/api/v1/query...
[2025-07-16T06:57:14.525Z] error: <httpProxy> [
  500,
  Error: connect ECONNREFUSED 127.0.0.1:9090
      at <unknown> (Error: connect ECONNREFUSED 127.0.0.1:9090) {
    errno: -111,
    code: 'ECONNREFUSED',
    syscall: 'connect',
    address: '127.0.0.1',
    port: 9090
  }
]
[2025-07-16T06:57:14.526Z] error: <httpProxy> Error calling http://127.0.0.1:9090/api/v1/query...
[2025-07-16T06:57:14.526Z] error: <httpProxy> [
  500,
  Error: connect ECONNREFUSED 127.0.0.1:9090
      at <unknown> (Error: connect ECONNREFUSED 127.0.0.1:9090) {
    errno: -111,
    code: 'ECONNREFUSED',
    syscall: 'connect',
    address: '127.0.0.1',
    port: 9090
  }
]
[2025-07-16T06:57:14.526Z] error: <httpProxy> Error calling http://127.0.0.1:9090/api/v1/query...
[2025-07-16T06:57:14.526Z] error: <httpProxy> [
  500,
  Error: connect ECONNREFUSED 127.0.0.1:9090
      at <unknown> (Error: connect ECONNREFUSED 127.0.0.1:9090) {
    errno: -111,
    code: 'ECONNREFUSED',
    syscall: 'connect',
    address: '127.0.0.1',
    port: 9090
  }
]
[2025-07-16T06:57:23.154Z] error: <httpProxy> Error calling http://127.0.0.1:9090/api/v1/query...
[2025-07-16T06:57:23.154Z] error: <httpProxy> [
  500,
  Error: connect ECONNREFUSED 127.0.0.1:9090
      at <unknown> (Error: connect ECONNREFUSED 127.0.0.1:9090) {
    errno: -111,
    code: 'ECONNREFUSED',
    syscall: 'connect',
    address: '127.0.0.1',
    port: 9090
  }
]
[2025-07-16T06:57:23.155Z] error: <httpProxy> Error calling http://127.0.0.1:9090/api/v1/query...
[2025-07-16T06:57:23.155Z] error: <httpProxy> [
  500,
  Error: connect ECONNREFUSED 127.0.0.1:9090
      at <unknown> (Error: connect ECONNREFUSED 127.0.0.1:9090) {
    errno: -111,
    code: 'ECONNREFUSED',
    syscall: 'connect',
    address: '127.0.0.1',
    port: 9090
  }
]
[2025-07-16T06:57:23.155Z] error: <httpProxy> Error calling http://127.0.0.1:9090/api/v1/query...
[2025-07-16T06:57:23.155Z] error: <httpProxy> [
  500,
  Error: connect ECONNREFUSED 127.0.0.1:9090
      at <unknown> (Error: connect ECONNREFUSED 127.0.0.1:9090) {
    errno: -111,
    code: 'ECONNREFUSED',
    syscall: 'connect',
    address: '127.0.0.1',
    port: 9090
  }
]
[2025-07-16T06:57:23.155Z] error: <httpProxy> Error calling http://127.0.0.1:9090/api/v1/query...
[2025-07-16T06:57:23.155Z] error: <httpProxy> [
  500,
  Error: connect ECONNREFUSED 127.0.0.1:9090
      at <unknown> (Error: connect ECONNREFUSED 127.0.0.1:9090) {
    errno: -111,
    code: 'ECONNREFUSED',
    syscall: 'connect',
    address: '127.0.0.1',
    port: 9090
  }
]
[2025-07-16T06:57:23.156Z] error: <httpProxy> Error calling http://127.0.0.1:9090/api/v1/query...
[2025-07-16T06:57:23.156Z] error: <httpProxy> [
  500,
  Error: connect ECONNREFUSED 127.0.0.1:9090
      at <unknown> (Error: connect ECONNREFUSED 127.0.0.1:9090) {
    errno: -111,
    code: 'ECONNREFUSED',
    syscall: 'connect',
    address: '127.0.0.1',
    port: 9090
  }
]
[2025-07-16T06:57:23.156Z] error: <httpProxy> Error calling http://127.0.0.1:9090/api/v1/query...
[2025-07-16T06:57:23.156Z] error: <httpProxy> [
  500,
  Error: connect ECONNREFUSED 127.0.0.1:9090
      at <unknown> (Error: connect ECONNREFUSED 127.0.0.1:9090) {
    errno: -111,
    code: 'ECONNREFUSED',
    syscall: 'connect',
    address: '127.0.0.1',
    port: 9090
  }
]
[2025-07-16T06:57:23.156Z] error: <httpProxy> Error calling http://127.0.0.1:9090/api/v1/query...
[2025-07-16T06:57:23.156Z] error: <httpProxy> [
  500,
  Error: connect ECONNREFUSED 127.0.0.1:9090
      at <unknown> (Error: connect ECONNREFUSED 127.0.0.1:9090) {
    errno: -111,
    code: 'ECONNREFUSED',
    syscall: 'connect',
    address: '127.0.0.1',
    port: 9090
  }
]
[2025-07-16T06:57:23.157Z] error: <httpProxy> Error calling http://127.0.0.1:9090/api/v1/query...
[2025-07-16T06:57:23.157Z] error: <httpProxy> [
  500,
  Error: connect ECONNREFUSED 127.0.0.1:9090
      at <unknown> (Error: connect ECONNREFUSED 127.0.0.1:9090) {
    errno: -111,
    code: 'ECONNREFUSED',
    syscall: 'connect',
    address: '127.0.0.1',
    port: 9090
  }
]
[2025-07-16T06:57:23.157Z] error: <httpProxy> Error calling http://127.0.0.1:9090/api/v1/query...
[2025-07-16T06:57:23.157Z] error: <httpProxy> [
  500,
  Error: connect ECONNREFUSED 127.0.0.1:9090
      at <unknown> (Error: connect ECONNREFUSED 127.0.0.1:9090) {
    errno: -111,
    code: 'ECONNREFUSED',
    syscall: 'connect',
    address: '127.0.0.1',
    port: 9090
  }
]
[2025-07-16T06:57:23.157Z] error: <httpProxy> Error calling http://127.0.0.1:9090/api/v1/query...
[2025-07-16T06:57:23.157Z] error: <httpProxy> [
  500,
  Error: connect ECONNREFUSED 127.0.0.1:9090
      at <unknown> (Error: connect ECONNREFUSED 127.0.0.1:9090) {
    errno: -111,
    code: 'ECONNREFUSED',
    syscall: 'connect',
    address: '127.0.0.1',
    port: 9090
  }
]
[2025-07-16T06:57:23.159Z] error: <httpProxy> Error calling http://127.0.0.1:9090/api/v1/query...
[2025-07-16T06:57:23.159Z] error: <httpProxy> [
  500,
  Error: connect ECONNREFUSED 127.0.0.1:9090
      at <unknown> (Error: connect ECONNREFUSED 127.0.0.1:9090) {
    errno: -111,
    code: 'ECONNREFUSED',
    syscall: 'connect',
    address: '127.0.0.1',
    port: 9090
  }
]
[2025-07-16T06:57:23.160Z] error: <httpProxy> Error calling http://127.0.0.1:9090/api/v1/query...
[2025-07-16T06:57:23.160Z] error: <httpProxy> [
  500,
  Error: connect ECONNREFUSED 127.0.0.1:9090
      at <unknown> (Error: connect ECONNREFUSED 127.0.0.1:9090) {
    errno: -111,
    code: 'ECONNREFUSED',
    syscall: 'connect',
    address: '127.0.0.1',
    port: 9090
  }
]
[2025-07-16T06:57:23.160Z] error: <httpProxy> Error calling http://127.0.0.1:9090/api/v1/query...
[2025-07-16T06:57:23.160Z] error: <httpProxy> [
  500,
  Error: connect ECONNREFUSED 127.0.0.1:9090
      at <unknown> (Error: connect ECONNREFUSED 127.0.0.1:9090) {
    errno: -111,
    code: 'ECONNREFUSED',
    syscall: 'connect',
    address: '127.0.0.1',
    port: 9090
  }
]
[2025-07-16T06:57:23.161Z] error: <httpProxy> Error calling http://127.0.0.1:9090/api/v1/query...
[2025-07-16T06:57:23.161Z] error: <httpProxy> [
  500,
  Error: connect ECONNREFUSED 127.0.0.1:9090
      at <unknown> (Error: connect ECONNREFUSED 127.0.0.1:9090) {
    errno: -111,
    code: 'ECONNREFUSED',
    syscall: 'connect',
    address: '127.0.0.1',
    port: 9090
  }
]
[2025-07-16T06:57:31.294Z] error: <httpProxy> Error calling http://127.0.0.1:9090/api/v1/query...
[2025-07-16T06:57:31.294Z] error: <httpProxy> [
  500,
  Error: connect ECONNREFUSED 127.0.0.1:9090
      at <unknown> (Error: connect ECONNREFUSED 127.0.0.1:9090) {
    errno: -111,
    code: 'ECONNREFUSED',
    syscall: 'connect',
    address: '127.0.0.1',
    port: 9090
  }
]
[2025-07-16T06:57:31.298Z] error: <httpProxy> Error calling http://127.0.0.1:9090/api/v1/query...
[2025-07-16T06:57:31.298Z] error: <httpProxy> [
  500,
  Error: connect ECONNREFUSED 127.0.0.1:9090
      at <unknown> (Error: connect ECONNREFUSED 127.0.0.1:9090) {
    errno: -111,
    code: 'ECONNREFUSED',
    syscall: 'connect',
    address: '127.0.0.1',
    port: 9090
  }
]
[2025-07-16T06:57:31.298Z] error: <httpProxy> Error calling http://127.0.0.1:9090/api/v1/query...
[2025-07-16T06:57:31.299Z] error: <httpProxy> [
  500,
  Error: connect ECONNREFUSED 127.0.0.1:9090
      at <unknown> (Error: connect ECONNREFUSED 127.0.0.1:9090) {
    errno: -111,
    code: 'ECONNREFUSED',
    syscall: 'connect',
    address: '127.0.0.1',
    port: 9090
  }
]
[2025-07-16T06:57:31.299Z] error: <httpProxy> Error calling http://127.0.0.1:9090/api/v1/query...
[2025-07-16T06:57:31.299Z] error: <httpProxy> [
  500,
  Error: connect ECONNREFUSED 127.0.0.1:9090
      at <unknown> (Error: connect ECONNREFUSED 127.0.0.1:9090) {
    errno: -111,
    code: 'ECONNREFUSED',
    syscall: 'connect',
    address: '127.0.0.1',
    port: 9090
  }
]
[2025-07-16T06:57:31.299Z] error: <httpProxy> Error calling http://127.0.0.1:9090/api/v1/query...
[2025-07-16T06:57:31.300Z] error: <httpProxy> [
  500,
  Error: connect ECONNREFUSED 127.0.0.1:9090
      at <unknown> (Error: connect ECONNREFUSED 127.0.0.1:9090) {
    errno: -111,
    code: 'ECONNREFUSED',
    syscall: 'connect',
    address: '127.0.0.1',
    port: 9090
  }
]
[2025-07-16T06:57:31.300Z] error: <httpProxy> Error calling http://127.0.0.1:9090/api/v1/query...
[2025-07-16T06:57:31.300Z] error: <httpProxy> [
  500,
  Error: connect ECONNREFUSED 127.0.0.1:9090
      at <unknown> (Error: connect ECONNREFUSED 127.0.0.1:9090) {
    errno: -111,
    code: 'ECONNREFUSED',
    syscall: 'connect',
    address: '127.0.0.1',
    port: 9090
  }
]
[2025-07-16T06:57:31.301Z] error: <httpProxy> Error calling http://127.0.0.1:9090/api/v1/query...
[2025-07-16T06:57:31.301Z] error: <httpProxy> [
  500,
  Error: connect ECONNREFUSED 127.0.0.1:9090
      at <unknown> (Error: connect ECONNREFUSED 127.0.0.1:9090) {
    errno: -111,
    code: 'ECONNREFUSED',
    syscall: 'connect',
    address: '127.0.0.1',
    port: 9090
  }
]
[2025-07-16T06:57:31.301Z] error: <httpProxy> Error calling http://127.0.0.1:9090/api/v1/query...
[2025-07-16T06:57:31.301Z] error: <httpProxy> [
  500,
  Error: connect ECONNREFUSED 127.0.0.1:9090
      at <unknown> (Error: connect ECONNREFUSED 127.0.0.1:9090) {
    errno: -111,
    code: 'ECONNREFUSED',
    syscall: 'connect',
    address: '127.0.0.1',
    port: 9090
  }
]
[2025-07-16T06:57:31.302Z] error: <httpProxy> Error calling http://127.0.0.1:9090/api/v1/query...
[2025-07-16T06:57:31.302Z] error: <httpProxy> [
  500,
  Error: connect ECONNREFUSED 127.0.0.1:9090
      at <unknown> (Error: connect ECONNREFUSED 127.0.0.1:9090) {
    errno: -111,
    code: 'ECONNREFUSED',
    syscall: 'connect',
    address: '127.0.0.1',
    port: 9090
  }
]
[2025-07-16T06:57:31.306Z] error: <httpProxy> Error calling http://127.0.0.1:9090/api/v1/query...
[2025-07-16T06:57:31.306Z] error: <httpProxy> [
  500,
  Error: connect ECONNREFUSED 127.0.0.1:9090
      at <unknown> (Error: connect ECONNREFUSED 127.0.0.1:9090) {
    errno: -111,
    code: 'ECONNREFUSED',
    syscall: 'connect',
    address: '127.0.0.1',
    port: 9090
  }
]
[2025-07-16T06:57:31.309Z] error: <httpProxy> Error calling http://127.0.0.1:9090/api/v1/query...
[2025-07-16T06:57:31.309Z] error: <httpProxy> [
  500,
  Error: connect ECONNREFUSED 127.0.0.1:9090
      at <unknown> (Error: connect ECONNREFUSED 127.0.0.1:9090) {
    errno: -111,
    code: 'ECONNREFUSED',
    syscall: 'connect',
    address: '127.0.0.1',
    port: 9090
  }
]
[2025-07-16T06:57:31.311Z] error: <httpProxy> Error calling http://127.0.0.1:9090/api/v1/query...
[2025-07-16T06:57:31.312Z] error: <httpProxy> [
  500,
  Error: connect ECONNREFUSED 127.0.0.1:9090
      at <unknown> (Error: connect ECONNREFUSED 127.0.0.1:9090) {
    errno: -111,
    code: 'ECONNREFUSED',
    syscall: 'connect',
    address: '127.0.0.1',
    port: 9090
  }
]
[2025-07-16T06:57:31.313Z] error: <httpProxy> Error calling http://127.0.0.1:9090/api/v1/query...
[2025-07-16T06:57:31.314Z] error: <httpProxy> [
  500,
  Error: connect ECONNREFUSED 127.0.0.1:9090
      at <unknown> (Error: connect ECONNREFUSED 127.0.0.1:9090) {
    errno: -111,
    code: 'ECONNREFUSED',
    syscall: 'connect',
    address: '127.0.0.1',
    port: 9090
  }
]
[2025-07-16T06:57:31.315Z] error: <httpProxy> Error calling http://127.0.0.1:9090/api/v1/query...
[2025-07-16T06:57:31.315Z] error: <httpProxy> [
  500,
  Error: connect ECONNREFUSED 127.0.0.1:9090
      at <unknown> (Error: connect ECONNREFUSED 127.0.0.1:9090) {
    errno: -111,
    code: 'ECONNREFUSED',
    syscall: 'connect',
    address: '127.0.0.1',
    port: 9090
  }
]
[2025-07-16T06:57:46.106Z] error: <httpProxy> Error calling http://127.0.0.1:9090/api/v1/query...
[2025-07-16T06:57:46.106Z] error: <httpProxy> [
  500,
  Error: connect ECONNREFUSED 127.0.0.1:9090
      at <unknown> (Error: connect ECONNREFUSED 127.0.0.1:9090) {
    errno: -111,
    code: 'ECONNREFUSED',
    syscall: 'connect',
    address: '127.0.0.1',
    port: 9090
  }
]
[2025-07-16T06:57:46.108Z] error: <httpProxy> Error calling http://127.0.0.1:9090/api/v1/query...
[2025-07-16T06:57:46.108Z] error: <httpProxy> [
  500,
  Error: connect ECONNREFUSED 127.0.0.1:9090
      at <unknown> (Error: connect ECONNREFUSED 127.0.0.1:9090) {
    errno: -111,
    code: 'ECONNREFUSED',
    syscall: 'connect',
    address: '127.0.0.1',
    port: 9090
  }
]
[2025-07-16T06:57:46.110Z] error: <httpProxy> Error calling http://127.0.0.1:9090/api/v1/query...
[2025-07-16T06:57:46.110Z] error: <httpProxy> [
  500,
  Error: connect ECONNREFUSED 127.0.0.1:9090
      at <unknown> (Error: connect ECONNREFUSED 127.0.0.1:9090) {
    errno: -111,
    code: 'ECONNREFUSED',
    syscall: 'connect',
    address: '127.0.0.1',
    port: 9090
  }
]
[2025-07-16T06:57:46.112Z] error: <httpProxy> Error calling http://127.0.0.1:9090/api/v1/query...
[2025-07-16T06:57:46.112Z] error: <httpProxy> [
  500,
  Error: connect ECONNREFUSED 127.0.0.1:9090
      at <unknown> (Error: connect ECONNREFUSED 127.0.0.1:9090) {
    errno: -111,
    code: 'ECONNREFUSED',
    syscall: 'connect',
    address: '127.0.0.1',
    port: 9090
  }
]
[2025-07-16T06:57:46.114Z] error: <httpProxy> Error calling http://127.0.0.1:9090/api/v1/query...
[2025-07-16T06:57:46.114Z] error: <httpProxy> [
  500,
  Error: connect ECONNREFUSED 127.0.0.1:9090
      at <unknown> (Error: connect ECONNREFUSED 127.0.0.1:9090) {
    errno: -111,
    code: 'ECONNREFUSED',
    syscall: 'connect',
    address: '127.0.0.1',
    port: 9090
  }
]
[2025-07-16T06:57:46.118Z] error: <httpProxy> Error calling http://127.0.0.1:9090/api/v1/query...
[2025-07-16T06:57:46.118Z] error: <httpProxy> [
  500,
  Error: connect ECONNREFUSED 127.0.0.1:9090
      at <unknown> (Error: connect ECONNREFUSED 127.0.0.1:9090) {
    errno: -111,
    code: 'ECONNREFUSED',
    syscall: 'connect',
    address: '127.0.0.1',
    port: 9090
  }
]
[2025-07-16T06:57:46.120Z] error: <httpProxy> Error calling http://127.0.0.1:9090/api/v1/query...
[2025-07-16T06:57:46.121Z] error: <httpProxy> [
  500,
  Error: connect ECONNREFUSED 127.0.0.1:9090
      at <unknown> (Error: connect ECONNREFUSED 127.0.0.1:9090) {
    errno: -111,
    code: 'ECONNREFUSED',
    syscall: 'connect',
    address: '127.0.0.1',
    port: 9090
  }
]
[2025-07-16T06:57:46.125Z] error: <httpProxy> Error calling http://127.0.0.1:9090/api/v1/query...
[2025-07-16T06:57:46.125Z] error: <httpProxy> [
  500,
  Error: connect ECONNREFUSED 127.0.0.1:9090
      at <unknown> (Error: connect ECONNREFUSED 127.0.0.1:9090) {
    errno: -111,
    code: 'ECONNREFUSED',
    syscall: 'connect',
    address: '127.0.0.1',
    port: 9090
  }
]
[2025-07-16T06:57:46.128Z] error: <httpProxy> Error calling http://127.0.0.1:9090/api/v1/query...
[2025-07-16T06:57:46.128Z] error: <httpProxy> [
  500,
  Error: connect ECONNREFUSED 127.0.0.1:9090
      at <unknown> (Error: connect ECONNREFUSED 127.0.0.1:9090) {
    errno: -111,
    code: 'ECONNREFUSED',
    syscall: 'connect',
    address: '127.0.0.1',
    port: 9090
  }
]
[2025-07-16T06:57:46.131Z] error: <httpProxy> Error calling http://127.0.0.1:9090/api/v1/query...
[2025-07-16T06:57:46.132Z] error: <httpProxy> [
  500,
  Error: connect ECONNREFUSED 127.0.0.1:9090
      at <unknown> (Error: connect ECONNREFUSED 127.0.0.1:9090) {
    errno: -111,
    code: 'ECONNREFUSED',
    syscall: 'connect',
    address: '127.0.0.1',
    port: 9090
  }
]
[2025-07-16T06:57:46.134Z] error: <httpProxy> Error calling http://127.0.0.1:9090/api/v1/query...
[2025-07-16T06:57:46.134Z] error: <httpProxy> [
  500,
  Error: connect ECONNREFUSED 127.0.0.1:9090
      at <unknown> (Error: connect ECONNREFUSED 127.0.0.1:9090) {
    errno: -111,
    code: 'ECONNREFUSED',
    syscall: 'connect',
    address: '127.0.0.1',
    port: 9090
  }
]
[2025-07-16T06:57:46.136Z] error: <httpProxy> Error calling http://127.0.0.1:9090/api/v1/query...
[2025-07-16T06:57:46.136Z] error: <httpProxy> [
  500,
  Error: connect ECONNREFUSED 127.0.0.1:9090
      at <unknown> (Error: connect ECONNREFUSED 127.0.0.1:9090) {
    errno: -111,
    code: 'ECONNREFUSED',
    syscall: 'connect',
    address: '127.0.0.1',
    port: 9090
  }
]
[2025-07-16T06:57:46.138Z] error: <httpProxy> Error calling http://127.0.0.1:9090/api/v1/query...
[2025-07-16T06:57:46.138Z] error: <httpProxy> [
  500,
  Error: connect ECONNREFUSED 127.0.0.1:9090
      at <unknown> (Error: connect ECONNREFUSED 127.0.0.1:9090) {
    errno: -111,
    code: 'ECONNREFUSED',
    syscall: 'connect',
    address: '127.0.0.1',
    port: 9090
  }
]
[2025-07-16T06:57:46.139Z] error: <httpProxy> Error calling http://127.0.0.1:9090/api/v1/query...
[2025-07-16T06:57:46.140Z] error: <httpProxy> [
  500,
  Error: connect ECONNREFUSED 127.0.0.1:9090
      at <unknown> (Error: connect ECONNREFUSED 127.0.0.1:9090) {
    errno: -111,
    code: 'ECONNREFUSED',
    syscall: 'connect',
    address: '127.0.0.1',
    port: 9090
  }
]
[2025-07-16T06:57:59.264Z] error: <httpProxy> Error calling http://127.0.0.1:9090/api/v1/query...
[2025-07-16T06:57:59.264Z] error: <httpProxy> [
  500,
  Error: connect ECONNREFUSED 127.0.0.1:9090
      at <unknown> (Error: connect ECONNREFUSED 127.0.0.1:9090) {
    errno: -111,
    code: 'ECONNREFUSED',
    syscall: 'connect',
    address: '127.0.0.1',
    port: 9090
  }
]
[2025-07-16T06:57:59.265Z] error: <httpProxy> Error calling http://127.0.0.1:9090/api/v1/query...
[2025-07-16T06:57:59.265Z] error: <httpProxy> [
  500,
  Error: connect ECONNREFUSED 127.0.0.1:9090
      at <unknown> (Error: connect ECONNREFUSED 127.0.0.1:9090) {
    errno: -111,
    code: 'ECONNREFUSED',
    syscall: 'connect',
    address: '127.0.0.1',
    port: 9090
  }
]
[2025-07-16T06:57:59.265Z] error: <httpProxy> Error calling http://127.0.0.1:9090/api/v1/query...
[2025-07-16T06:57:59.265Z] error: <httpProxy> [
  500,
  Error: connect ECONNREFUSED 127.0.0.1:9090
      at <unknown> (Error: connect ECONNREFUSED 127.0.0.1:9090) {
    errno: -111,
    code: 'ECONNREFUSED',
    syscall: 'connect',
    address: '127.0.0.1',
    port: 9090
  }
]
[2025-07-16T06:57:59.265Z] error: <httpProxy> Error calling http://127.0.0.1:9090/api/v1/query...
[2025-07-16T06:57:59.265Z] error: <httpProxy> [
  500,
  Error: connect ECONNREFUSED 127.0.0.1:9090
      at <unknown> (Error: connect ECONNREFUSED 127.0.0.1:9090) {
    errno: -111,
    code: 'ECONNREFUSED',
    syscall: 'connect',
    address: '127.0.0.1',
    port: 9090
  }
]
[2025-07-16T06:57:59.266Z] error: <httpProxy> Error calling http://127.0.0.1:9090/api/v1/query...
[2025-07-16T06:57:59.266Z] error: <httpProxy> [
  500,
  Error: connect ECONNREFUSED 127.0.0.1:9090
      at <unknown> (Error: connect ECONNREFUSED 127.0.0.1:9090) {
    errno: -111,
    code: 'ECONNREFUSED',
    syscall: 'connect',
    address: '127.0.0.1',
    port: 9090
  }
]
[2025-07-16T06:57:59.266Z] error: <httpProxy> Error calling http://127.0.0.1:9090/api/v1/query...
[2025-07-16T06:57:59.266Z] error: <httpProxy> [
  500,
  Error: connect ECONNREFUSED 127.0.0.1:9090
      at <unknown> (Error: connect ECONNREFUSED 127.0.0.1:9090) {
    errno: -111,
    code: 'ECONNREFUSED',
    syscall: 'connect',
    address: '127.0.0.1',
    port: 9090
  }
]
[2025-07-16T06:57:59.270Z] error: <httpProxy> Error calling http://127.0.0.1:9090/api/v1/query...
[2025-07-16T06:57:59.271Z] error: <httpProxy> [
  500,
  Error: connect ECONNREFUSED 127.0.0.1:9090
      at <unknown> (Error: connect ECONNREFUSED 127.0.0.1:9090) {
    errno: -111,
    code: 'ECONNREFUSED',
    syscall: 'connect',
    address: '127.0.0.1',
    port: 9090
  }
]
[2025-07-16T06:57:59.274Z] error: <httpProxy> Error calling http://127.0.0.1:9090/api/v1/query...
[2025-07-16T06:57:59.274Z] error: <httpProxy> [
  500,
  Error: connect ECONNREFUSED 127.0.0.1:9090
      at <unknown> (Error: connect ECONNREFUSED 127.0.0.1:9090) {
    errno: -111,
    code: 'ECONNREFUSED',
    syscall: 'connect',
    address: '127.0.0.1',
    port: 9090
  }
]
[2025-07-16T06:57:59.277Z] error: <httpProxy> Error calling http://127.0.0.1:9090/api/v1/query...
[2025-07-16T06:57:59.277Z] error: <httpProxy> [
  500,
  Error: connect ECONNREFUSED 127.0.0.1:9090
      at <unknown> (Error: connect ECONNREFUSED 127.0.0.1:9090) {
    errno: -111,
    code: 'ECONNREFUSED',
    syscall: 'connect',
    address: '127.0.0.1',
    port: 9090
  }
]
[2025-07-16T06:57:59.280Z] error: <httpProxy> Error calling http://127.0.0.1:9090/api/v1/query...
[2025-07-16T06:57:59.281Z] error: <httpProxy> [
  500,
  Error: connect ECONNREFUSED 127.0.0.1:9090
      at <unknown> (Error: connect ECONNREFUSED 127.0.0.1:9090) {
    errno: -111,
    code: 'ECONNREFUSED',
    syscall: 'connect',
    address: '127.0.0.1',
    port: 9090
  }
]
[2025-07-16T06:57:59.283Z] error: <httpProxy> Error calling http://127.0.0.1:9090/api/v1/query...
[2025-07-16T06:57:59.283Z] error: <httpProxy> [
  500,
  Error: connect ECONNREFUSED 127.0.0.1:9090
      at <unknown> (Error: connect ECONNREFUSED 127.0.0.1:9090) {
    errno: -111,
    code: 'ECONNREFUSED',
    syscall: 'connect',
    address: '127.0.0.1',
    port: 9090
  }
]
[2025-07-16T06:57:59.285Z] error: <httpProxy> Error calling http://127.0.0.1:9090/api/v1/query...
[2025-07-16T06:57:59.285Z] error: <httpProxy> [
  500,
  Error: connect ECONNREFUSED 127.0.0.1:9090
      at <unknown> (Error: connect ECONNREFUSED 127.0.0.1:9090) {
    errno: -111,
    code: 'ECONNREFUSED',
    syscall: 'connect',
    address: '127.0.0.1',
    port: 9090
  }
]
[2025-07-16T06:57:59.288Z] error: <httpProxy> Error calling http://127.0.0.1:9090/api/v1/query...
[2025-07-16T06:57:59.289Z] error: <httpProxy> [
  500,
  Error: connect ECONNREFUSED 127.0.0.1:9090
      at <unknown> (Error: connect ECONNREFUSED 127.0.0.1:9090) {
    errno: -111,
    code: 'ECONNREFUSED',
    syscall: 'connect',
    address: '127.0.0.1',
    port: 9090
  }
]
[2025-07-16T06:57:59.291Z] error: <httpProxy> Error calling http://127.0.0.1:9090/api/v1/query...
[2025-07-16T06:57:59.291Z] error: <httpProxy> [
  500,
  Error: connect ECONNREFUSED 127.0.0.1:9090
      at <unknown> (Error: connect ECONNREFUSED 127.0.0.1:9090) {
    errno: -111,
    code: 'ECONNREFUSED',
    syscall: 'connect',
    address: '127.0.0.1',
    port: 9090
  }
]
[2025-07-16T06:58:09.145Z] error: <httpProxy> Error calling http://127.0.0.1:9090/api/v1/query...
[2025-07-16T06:58:09.145Z] error: <httpProxy> [
  500,
  Error: connect ECONNREFUSED 127.0.0.1:9090
      at <unknown> (Error: connect ECONNREFUSED 127.0.0.1:9090) {
    errno: -111,
    code: 'ECONNREFUSED',
    syscall: 'connect',
    address: '127.0.0.1',
    port: 9090
  }
]
[2025-07-16T06:58:09.145Z] error: <httpProxy> Error calling http://127.0.0.1:9090/api/v1/query...
[2025-07-16T06:58:09.145Z] error: <httpProxy> [
  500,
  Error: connect ECONNREFUSED 127.0.0.1:9090
      at <unknown> (Error: connect ECONNREFUSED 127.0.0.1:9090) {
    errno: -111,
    code: 'ECONNREFUSED',
    syscall: 'connect',
    address: '127.0.0.1',
    port: 9090
  }
]
[2025-07-16T06:58:09.146Z] error: <httpProxy> Error calling http://127.0.0.1:9090/api/v1/query...
[2025-07-16T06:58:09.146Z] error: <httpProxy> [
  500,
  Error: connect ECONNREFUSED 127.0.0.1:9090
      at <unknown> (Error: connect ECONNREFUSED 127.0.0.1:9090) {
    errno: -111,
    code: 'ECONNREFUSED',
    syscall: 'connect',
    address: '127.0.0.1',
    port: 9090
  }
]
[2025-07-16T06:58:09.146Z] error: <httpProxy> Error calling http://127.0.0.1:9090/api/v1/query...
[2025-07-16T06:58:09.146Z] error: <httpProxy> [
  500,
  Error: connect ECONNREFUSED 127.0.0.1:9090
      at <unknown> (Error: connect ECONNREFUSED 127.0.0.1:9090) {
    errno: -111,
    code: 'ECONNREFUSED',
    syscall: 'connect',
    address: '127.0.0.1',
    port: 9090
  }
]
[2025-07-16T06:58:09.147Z] error: <httpProxy> Error calling http://127.0.0.1:9090/api/v1/query...
[2025-07-16T06:58:09.147Z] error: <httpProxy> [
  500,
  Error: connect ECONNREFUSED 127.0.0.1:9090
      at <unknown> (Error: connect ECONNREFUSED 127.0.0.1:9090) {
    errno: -111,
    code: 'ECONNREFUSED',
    syscall: 'connect',
    address: '127.0.0.1',
    port: 9090
  }
]
[2025-07-16T06:58:09.147Z] error: <httpProxy> Error calling http://127.0.0.1:9090/api/v1/query...
[2025-07-16T06:58:09.147Z] error: <httpProxy> [
  500,
  Error: connect ECONNREFUSED 127.0.0.1:9090
      at <unknown> (Error: connect ECONNREFUSED 127.0.0.1:9090) {
    errno: -111,
    code: 'ECONNREFUSED',
    syscall: 'connect',
    address: '127.0.0.1',
    port: 9090
  }
]
[2025-07-16T06:58:09.147Z] error: <httpProxy> Error calling http://127.0.0.1:9090/api/v1/query...
[2025-07-16T06:58:09.147Z] error: <httpProxy> [
  500,
  Error: connect ECONNREFUSED 127.0.0.1:9090
      at <unknown> (Error: connect ECONNREFUSED 127.0.0.1:9090) {
    errno: -111,
    code: 'ECONNREFUSED',
    syscall: 'connect',
    address: '127.0.0.1',
    port: 9090
  }
]
[2025-07-16T06:58:09.147Z] error: <httpProxy> Error calling http://127.0.0.1:9090/api/v1/query...
[2025-07-16T06:58:09.148Z] error: <httpProxy> [
  500,
  Error: connect ECONNREFUSED 127.0.0.1:9090
      at <unknown> (Error: connect ECONNREFUSED 127.0.0.1:9090) {
    errno: -111,
    code: 'ECONNREFUSED',
    syscall: 'connect',
    address: '127.0.0.1',
    port: 9090
  }
]
[2025-07-16T06:58:09.148Z] error: <httpProxy> Error calling http://127.0.0.1:9090/api/v1/query...
[2025-07-16T06:58:09.148Z] error: <httpProxy> [
  500,
  Error: connect ECONNREFUSED 127.0.0.1:9090
      at <unknown> (Error: connect ECONNREFUSED 127.0.0.1:9090) {
    errno: -111,
    code: 'ECONNREFUSED',
    syscall: 'connect',
    address: '127.0.0.1',
    port: 9090
  }
]
[2025-07-16T06:58:09.148Z] error: <httpProxy> Error calling http://127.0.0.1:9090/api/v1/query...
[2025-07-16T06:58:09.148Z] error: <httpProxy> [
  500,
  Error: connect ECONNREFUSED 127.0.0.1:9090
      at <unknown> (Error: connect ECONNREFUSED 127.0.0.1:9090) {
    errno: -111,
    code: 'ECONNREFUSED',
    syscall: 'connect',
    address: '127.0.0.1',
    port: 9090
  }
]
[2025-07-16T06:58:09.148Z] error: <httpProxy> Error calling http://127.0.0.1:9090/api/v1/query...
[2025-07-16T06:58:09.148Z] error: <httpProxy> [
  500,
  Error: connect ECONNREFUSED 127.0.0.1:9090
      at <unknown> (Error: connect ECONNREFUSED 127.0.0.1:9090) {
    errno: -111,
    code: 'ECONNREFUSED',
    syscall: 'connect',
    address: '127.0.0.1',
    port: 9090
  }
]
[2025-07-16T06:58:09.149Z] error: <httpProxy> Error calling http://127.0.0.1:9090/api/v1/query...
[2025-07-16T06:58:09.149Z] error: <httpProxy> [
  500,
  Error: connect ECONNREFUSED 127.0.0.1:9090
      at <unknown> (Error: connect ECONNREFUSED 127.0.0.1:9090) {
    errno: -111,
    code: 'ECONNREFUSED',
    syscall: 'connect',
    address: '127.0.0.1',
    port: 9090
  }
]
[2025-07-16T06:58:09.149Z] error: <httpProxy> Error calling http://127.0.0.1:9090/api/v1/query...
[2025-07-16T06:58:09.150Z] error: <httpProxy> [
  500,
  Error: connect ECONNREFUSED 127.0.0.1:9090
      at <unknown> (Error: connect ECONNREFUSED 127.0.0.1:9090) {
    errno: -111,
    code: 'ECONNREFUSED',
    syscall: 'connect',
    address: '127.0.0.1',
    port: 9090
  }
]
[2025-07-16T06:58:09.150Z] error: <httpProxy> Error calling http://127.0.0.1:9090/api/v1/query...
[2025-07-16T06:58:09.150Z] error: <httpProxy> [
  500,
  Error: connect ECONNREFUSED 127.0.0.1:9090
      at <unknown> (Error: connect ECONNREFUSED 127.0.0.1:9090) {
    errno: -111,
    code: 'ECONNREFUSED',
    syscall: 'connect',
    address: '127.0.0.1',
    port: 9090
  }
]
[2025-07-16T06:58:24.171Z] error: <httpProxy> Error calling http://127.0.0.1:9090/api/v1/query...
[2025-07-16T06:58:24.171Z] error: <httpProxy> [
  500,
  Error: connect ECONNREFUSED 127.0.0.1:9090
      at <unknown> (Error: connect ECONNREFUSED 127.0.0.1:9090) {
    errno: -111,
    code: 'ECONNREFUSED',
    syscall: 'connect',
    address: '127.0.0.1',
    port: 9090
  }
]
[2025-07-16T06:58:24.190Z] error: <httpProxy> Error calling http://127.0.0.1:9090/api/v1/query...
[2025-07-16T06:58:24.191Z] error: <httpProxy> [
  500,
  Error: connect ECONNREFUSED 127.0.0.1:9090
      at <unknown> (Error: connect ECONNREFUSED 127.0.0.1:9090) {
    errno: -111,
    code: 'ECONNREFUSED',
    syscall: 'connect',
    address: '127.0.0.1',
    port: 9090
  }
]
[2025-07-16T06:58:24.192Z] error: <httpProxy> Error calling http://127.0.0.1:9090/api/v1/query...
[2025-07-16T06:58:24.192Z] error: <httpProxy> [
  500,
  Error: connect ECONNREFUSED 127.0.0.1:9090
      at <unknown> (Error: connect ECONNREFUSED 127.0.0.1:9090) {
    errno: -111,
    code: 'ECONNREFUSED',
    syscall: 'connect',
    address: '127.0.0.1',
    port: 9090
  }
]
[2025-07-16T06:58:24.194Z] error: <httpProxy> Error calling http://127.0.0.1:9090/api/v1/query...
[2025-07-16T06:58:24.194Z] error: <httpProxy> [
  500,
  Error: connect ECONNREFUSED 127.0.0.1:9090
      at <unknown> (Error: connect ECONNREFUSED 127.0.0.1:9090) {
    errno: -111,
    code: 'ECONNREFUSED',
    syscall: 'connect',
    address: '127.0.0.1',
    port: 9090
  }
]
[2025-07-16T06:58:24.196Z] error: <httpProxy> Error calling http://127.0.0.1:9090/api/v1/query...
[2025-07-16T06:58:24.196Z] error: <httpProxy> [
  500,
  Error: connect ECONNREFUSED 127.0.0.1:9090
      at <unknown> (Error: connect ECONNREFUSED 127.0.0.1:9090) {
    errno: -111,
    code: 'ECONNREFUSED',
    syscall: 'connect',
    address: '127.0.0.1',
    port: 9090
  }
]
[2025-07-16T06:58:24.197Z] error: <httpProxy> Error calling http://127.0.0.1:9090/api/v1/query...
[2025-07-16T06:58:24.197Z] error: <httpProxy> [
  500,
  Error: connect ECONNREFUSED 127.0.0.1:9090
      at <unknown> (Error: connect ECONNREFUSED 127.0.0.1:9090) {
    errno: -111,
    code: 'ECONNREFUSED',
    syscall: 'connect',
    address: '127.0.0.1',
    port: 9090
  }
]
[2025-07-16T06:58:24.198Z] error: <httpProxy> Error calling http://127.0.0.1:9090/api/v1/query...
[2025-07-16T06:58:24.198Z] error: <httpProxy> [
  500,
  Error: connect ECONNREFUSED 127.0.0.1:9090
      at <unknown> (Error: connect ECONNREFUSED 127.0.0.1:9090) {
    errno: -111,
    code: 'ECONNREFUSED',
    syscall: 'connect',
    address: '127.0.0.1',
    port: 9090
  }
]
[2025-07-16T06:58:24.199Z] error: <httpProxy> Error calling http://127.0.0.1:9090/api/v1/query...
[2025-07-16T06:58:24.199Z] error: <httpProxy> [
  500,
  Error: connect ECONNREFUSED 127.0.0.1:9090
      at <unknown> (Error: connect ECONNREFUSED 127.0.0.1:9090) {
    errno: -111,
    code: 'ECONNREFUSED',
    syscall: 'connect',
    address: '127.0.0.1',
    port: 9090
  }
]
[2025-07-16T06:58:24.200Z] error: <httpProxy> Error calling http://127.0.0.1:9090/api/v1/query...
[2025-07-16T06:58:24.200Z] error: <httpProxy> [
  500,
  Error: connect ECONNREFUSED 127.0.0.1:9090
      at <unknown> (Error: connect ECONNREFUSED 127.0.0.1:9090) {
    errno: -111,
    code: 'ECONNREFUSED',
    syscall: 'connect',
    address: '127.0.0.1',
    port: 9090
  }
]
[2025-07-16T06:58:24.201Z] error: <httpProxy> Error calling http://127.0.0.1:9090/api/v1/query...
[2025-07-16T06:58:24.201Z] error: <httpProxy> [
  500,
  Error: connect ECONNREFUSED 127.0.0.1:9090
      at <unknown> (Error: connect ECONNREFUSED 127.0.0.1:9090) {
    errno: -111,
    code: 'ECONNREFUSED',
    syscall: 'connect',
    address: '127.0.0.1',
    port: 9090
  }
]
[2025-07-16T06:58:24.202Z] error: <httpProxy> Error calling http://127.0.0.1:9090/api/v1/query...
[2025-07-16T06:58:24.202Z] error: <httpProxy> [
  500,
  Error: connect ECONNREFUSED 127.0.0.1:9090
      at <unknown> (Error: connect ECONNREFUSED 127.0.0.1:9090) {
    errno: -111,
    code: 'ECONNREFUSED',
    syscall: 'connect',
    address: '127.0.0.1',
    port: 9090
  }
]
[2025-07-16T06:58:24.202Z] error: <httpProxy> Error calling http://127.0.0.1:9090/api/v1/query...
[2025-07-16T06:58:24.203Z] error: <httpProxy> [
  500,
  Error: connect ECONNREFUSED 127.0.0.1:9090
      at <unknown> (Error: connect ECONNREFUSED 127.0.0.1:9090) {
    errno: -111,
    code: 'ECONNREFUSED',
    syscall: 'connect',
    address: '127.0.0.1',
    port: 9090
  }
]
[2025-07-16T06:58:24.203Z] error: <httpProxy> Error calling http://127.0.0.1:9090/api/v1/query...
[2025-07-16T06:58:24.203Z] error: <httpProxy> [
  500,
  Error: connect ECONNREFUSED 127.0.0.1:9090
      at <unknown> (Error: connect ECONNREFUSED 127.0.0.1:9090) {
    errno: -111,
    code: 'ECONNREFUSED',
    syscall: 'connect',
    address: '127.0.0.1',
    port: 9090
  }
]
[2025-07-16T06:58:24.204Z] error: <httpProxy> Error calling http://127.0.0.1:9090/api/v1/query...
[2025-07-16T06:58:24.204Z] error: <httpProxy> [
  500,
  Error: connect ECONNREFUSED 127.0.0.1:9090
      at <unknown> (Error: connect ECONNREFUSED 127.0.0.1:9090) {
    errno: -111,
    code: 'ECONNREFUSED',
    syscall: 'connect',
    address: '127.0.0.1',
    port: 9090
  }
]
[2025-07-16T06:58:39.186Z] error: <httpProxy> Error calling http://127.0.0.1:9090/api/v1/query...
[2025-07-16T06:58:39.186Z] error: <httpProxy> [
  500,
  Error: connect ECONNREFUSED 127.0.0.1:9090
      at <unknown> (Error: connect ECONNREFUSED 127.0.0.1:9090) {
    errno: -111,
    code: 'ECONNREFUSED',
    syscall: 'connect',
    address: '127.0.0.1',
    port: 9090
  }
]
[2025-07-16T06:58:39.206Z] error: <httpProxy> Error calling http://127.0.0.1:9090/api/v1/query...
[2025-07-16T06:58:39.206Z] error: <httpProxy> [
  500,
  Error: connect ECONNREFUSED 127.0.0.1:9090
      at <unknown> (Error: connect ECONNREFUSED 127.0.0.1:9090) {
    errno: -111,
    code: 'ECONNREFUSED',
    syscall: 'connect',
    address: '127.0.0.1',
    port: 9090
  }
]
[2025-07-16T06:58:39.206Z] error: <httpProxy> Error calling http://127.0.0.1:9090/api/v1/query...
[2025-07-16T06:58:39.206Z] error: <httpProxy> [
  500,
  Error: connect ECONNREFUSED 127.0.0.1:9090
      at <unknown> (Error: connect ECONNREFUSED 127.0.0.1:9090) {
    errno: -111,
    code: 'ECONNREFUSED',
    syscall: 'connect',
    address: '127.0.0.1',
    port: 9090
  }
]
[2025-07-16T06:58:39.207Z] error: <httpProxy> Error calling http://127.0.0.1:9090/api/v1/query...
[2025-07-16T06:58:39.207Z] error: <httpProxy> [
  500,
  Error: connect ECONNREFUSED 127.0.0.1:9090
      at <unknown> (Error: connect ECONNREFUSED 127.0.0.1:9090) {
    errno: -111,
    code: 'ECONNREFUSED',
    syscall: 'connect',
    address: '127.0.0.1',
    port: 9090
  }
]
[2025-07-16T06:58:39.216Z] error: <httpProxy> Error calling http://127.0.0.1:9090/api/v1/query...
[2025-07-16T06:58:39.216Z] error: <httpProxy> [
  500,
  Error: connect ECONNREFUSED 127.0.0.1:9090
      at <unknown> (Error: connect ECONNREFUSED 127.0.0.1:9090) {
    errno: -111,
    code: 'ECONNREFUSED',
    syscall: 'connect',
    address: '127.0.0.1',
    port: 9090
  }
]
[2025-07-16T06:58:39.219Z] error: <httpProxy> Error calling http://127.0.0.1:9090/api/v1/query...
[2025-07-16T06:58:39.219Z] error: <httpProxy> [
  500,
  Error: connect ECONNREFUSED 127.0.0.1:9090
      at <unknown> (Error: connect ECONNREFUSED 127.0.0.1:9090) {
    errno: -111,
    code: 'ECONNREFUSED',
    syscall: 'connect',
    address: '127.0.0.1',
    port: 9090
  }
]
[2025-07-16T06:58:39.236Z] error: <httpProxy> Error calling http://127.0.0.1:9090/api/v1/query...
[2025-07-16T06:58:39.236Z] error: <httpProxy> [
  500,
  Error: connect ECONNREFUSED 127.0.0.1:9090
      at <unknown> (Error: connect ECONNREFUSED 127.0.0.1:9090) {
    errno: -111,
    code: 'ECONNREFUSED',
    syscall: 'connect',
    address: '127.0.0.1',
    port: 9090
  }
]
[2025-07-16T06:58:39.236Z] error: <httpProxy> Error calling http://127.0.0.1:9090/api/v1/query...
[2025-07-16T06:58:39.236Z] error: <httpProxy> [
  500,
  Error: connect ECONNREFUSED 127.0.0.1:9090
      at <unknown> (Error: connect ECONNREFUSED 127.0.0.1:9090) {
    errno: -111,
    code: 'ECONNREFUSED',
    syscall: 'connect',
    address: '127.0.0.1',
    port: 9090
  }
]
[2025-07-16T06:58:39.236Z] error: <httpProxy> Error calling http://127.0.0.1:9090/api/v1/query...
[2025-07-16T06:58:39.236Z] error: <httpProxy> [
  500,
  Error: connect ECONNREFUSED 127.0.0.1:9090
      at <unknown> (Error: connect ECONNREFUSED 127.0.0.1:9090) {
    errno: -111,
    code: 'ECONNREFUSED',
    syscall: 'connect',
    address: '127.0.0.1',
    port: 9090
  }
]
[2025-07-16T06:58:39.237Z] error: <httpProxy> Error calling http://127.0.0.1:9090/api/v1/query...
[2025-07-16T06:58:39.237Z] error: <httpProxy> [
  500,
  Error: connect ECONNREFUSED 127.0.0.1:9090
      at <unknown> (Error: connect ECONNREFUSED 127.0.0.1:9090) {
    errno: -111,
    code: 'ECONNREFUSED',
    syscall: 'connect',
    address: '127.0.0.1',
    port: 9090
  }
]
[2025-07-16T06:58:39.237Z] error: <httpProxy> Error calling http://127.0.0.1:9090/api/v1/query...
[2025-07-16T06:58:39.237Z] error: <httpProxy> [
  500,
  Error: connect ECONNREFUSED 127.0.0.1:9090
      at <unknown> (Error: connect ECONNREFUSED 127.0.0.1:9090) {
    errno: -111,
    code: 'ECONNREFUSED',
    syscall: 'connect',
    address: '127.0.0.1',
    port: 9090
  }
]
[2025-07-16T06:58:39.238Z] error: <httpProxy> Error calling http://127.0.0.1:9090/api/v1/query...
[2025-07-16T06:58:39.238Z] error: <httpProxy> [
  500,
  Error: connect ECONNREFUSED 127.0.0.1:9090
      at <unknown> (Error: connect ECONNREFUSED 127.0.0.1:9090) {
    errno: -111,
    code: 'ECONNREFUSED',
    syscall: 'connect',
    address: '127.0.0.1',
    port: 9090
  }
]
[2025-07-16T06:58:39.239Z] error: <httpProxy> Error calling http://127.0.0.1:9090/api/v1/query...
[2025-07-16T06:58:39.239Z] error: <httpProxy> [
  500,
  Error: connect ECONNREFUSED 127.0.0.1:9090
      at <unknown> (Error: connect ECONNREFUSED 127.0.0.1:9090) {
    errno: -111,
    code: 'ECONNREFUSED',
    syscall: 'connect',
    address: '127.0.0.1',
    port: 9090
  }
]
[2025-07-16T06:58:39.239Z] error: <httpProxy> Error calling http://127.0.0.1:9090/api/v1/query...
[2025-07-16T06:58:39.239Z] error: <httpProxy> [
  500,
  Error: connect ECONNREFUSED 127.0.0.1:9090
      at <unknown> (Error: connect ECONNREFUSED 127.0.0.1:9090) {
    errno: -111,
    code: 'ECONNREFUSED',
    syscall: 'connect',
    address: '127.0.0.1',
    port: 9090
  }
]
[2025-07-16T06:58:52.428Z] error: <httpProxy> Error calling http://127.0.0.1:9090/api/v1/query...
[2025-07-16T06:58:52.428Z] error: <httpProxy> [
  500,
  Error: connect ECONNREFUSED 127.0.0.1:9090
      at <unknown> (Error: connect ECONNREFUSED 127.0.0.1:9090) {
    errno: -111,
    code: 'ECONNREFUSED',
    syscall: 'connect',
    address: '127.0.0.1',
    port: 9090
  }
]
[2025-07-16T06:58:52.432Z] error: <httpProxy> Error calling http://127.0.0.1:9090/api/v1/query...
[2025-07-16T06:58:52.432Z] error: <httpProxy> [
  500,
  Error: connect ECONNREFUSED 127.0.0.1:9090
      at <unknown> (Error: connect ECONNREFUSED 127.0.0.1:9090) {
    errno: -111,
    code: 'ECONNREFUSED',
    syscall: 'connect',
    address: '127.0.0.1',
    port: 9090
  }
]
[2025-07-16T06:58:52.434Z] error: <httpProxy> Error calling http://127.0.0.1:9090/api/v1/query...
[2025-07-16T06:58:52.434Z] error: <httpProxy> [
  500,
  Error: connect ECONNREFUSED 127.0.0.1:9090
      at <unknown> (Error: connect ECONNREFUSED 127.0.0.1:9090) {
    errno: -111,
    code: 'ECONNREFUSED',
    syscall: 'connect',
    address: '127.0.0.1',
    port: 9090
  }
]
[2025-07-16T06:58:52.435Z] error: <httpProxy> Error calling http://127.0.0.1:9090/api/v1/query...
[2025-07-16T06:58:52.435Z] error: <httpProxy> [
  500,
  Error: connect ECONNREFUSED 127.0.0.1:9090
      at <unknown> (Error: connect ECONNREFUSED 127.0.0.1:9090) {
    errno: -111,
    code: 'ECONNREFUSED',
    syscall: 'connect',
    address: '127.0.0.1',
    port: 9090
  }
]
[2025-07-16T06:58:52.437Z] error: <httpProxy> Error calling http://127.0.0.1:9090/api/v1/query...
[2025-07-16T06:58:52.438Z] error: <httpProxy> [
  500,
  Error: connect ECONNREFUSED 127.0.0.1:9090
      at <unknown> (Error: connect ECONNREFUSED 127.0.0.1:9090) {
    errno: -111,
    code: 'ECONNREFUSED',
    syscall: 'connect',
    address: '127.0.0.1',
    port: 9090
  }
]
[2025-07-16T06:58:52.439Z] error: <httpProxy> Error calling http://127.0.0.1:9090/api/v1/query...
[2025-07-16T06:58:52.439Z] error: <httpProxy> [
  500,
  Error: connect ECONNREFUSED 127.0.0.1:9090
      at <unknown> (Error: connect ECONNREFUSED 127.0.0.1:9090) {
    errno: -111,
    code: 'ECONNREFUSED',
    syscall: 'connect',
    address: '127.0.0.1',
    port: 9090
  }
]
[2025-07-16T06:58:52.441Z] error: <httpProxy> Error calling http://127.0.0.1:9090/api/v1/query...
[2025-07-16T06:58:52.441Z] error: <httpProxy> [
  500,
  Error: connect ECONNREFUSED 127.0.0.1:9090
      at <unknown> (Error: connect ECONNREFUSED 127.0.0.1:9090) {
    errno: -111,
    code: 'ECONNREFUSED',
    syscall: 'connect',
    address: '127.0.0.1',
    port: 9090
  }
]
[2025-07-16T06:58:52.442Z] error: <httpProxy> Error calling http://127.0.0.1:9090/api/v1/query...
[2025-07-16T06:58:52.443Z] error: <httpProxy> [
  500,
  Error: connect ECONNREFUSED 127.0.0.1:9090
      at <unknown> (Error: connect ECONNREFUSED 127.0.0.1:9090) {
    errno: -111,
    code: 'ECONNREFUSED',
    syscall: 'connect',
    address: '127.0.0.1',
    port: 9090
  }
]
[2025-07-16T06:58:52.443Z] error: <httpProxy> Error calling http://127.0.0.1:9090/api/v1/query...
[2025-07-16T06:58:52.443Z] error: <httpProxy> [
  500,
  Error: connect ECONNREFUSED 127.0.0.1:9090
      at <unknown> (Error: connect ECONNREFUSED 127.0.0.1:9090) {
    errno: -111,
    code: 'ECONNREFUSED',
    syscall: 'connect',
    address: '127.0.0.1',
    port: 9090
  }
]
[2025-07-16T06:58:52.445Z] error: <httpProxy> Error calling http://127.0.0.1:9090/api/v1/query...
[2025-07-16T06:58:52.445Z] error: <httpProxy> [
  500,
  Error: connect ECONNREFUSED 127.0.0.1:9090
      at <unknown> (Error: connect ECONNREFUSED 127.0.0.1:9090) {
    errno: -111,
    code: 'ECONNREFUSED',
    syscall: 'connect',
    address: '127.0.0.1',
    port: 9090
  }
]
[2025-07-16T06:58:52.445Z] error: <httpProxy> Error calling http://127.0.0.1:9090/api/v1/query...
[2025-07-16T06:58:52.446Z] error: <httpProxy> [
  500,
  Error: connect ECONNREFUSED 127.0.0.1:9090
      at <unknown> (Error: connect ECONNREFUSED 127.0.0.1:9090) {
    errno: -111,
    code: 'ECONNREFUSED',
    syscall: 'connect',
    address: '127.0.0.1',
    port: 9090
  }
]
[2025-07-16T06:58:52.446Z] error: <httpProxy> Error calling http://127.0.0.1:9090/api/v1/query...
[2025-07-16T06:58:52.446Z] error: <httpProxy> [
  500,
  Error: connect ECONNREFUSED 127.0.0.1:9090
      at <unknown> (Error: connect ECONNREFUSED 127.0.0.1:9090) {
    errno: -111,
    code: 'ECONNREFUSED',
    syscall: 'connect',
    address: '127.0.0.1',
    port: 9090
  }
]
[2025-07-16T06:58:52.447Z] error: <httpProxy> Error calling http://127.0.0.1:9090/api/v1/query...
[2025-07-16T06:58:52.447Z] error: <httpProxy> [
  500,
  Error: connect ECONNREFUSED 127.0.0.1:9090
      at <unknown> (Error: connect ECONNREFUSED 127.0.0.1:9090) {
    errno: -111,
    code: 'ECONNREFUSED',
    syscall: 'connect',
    address: '127.0.0.1',
    port: 9090
  }
]
[2025-07-16T06:58:52.448Z] error: <httpProxy> Error calling http://127.0.0.1:9090/api/v1/query...
[2025-07-16T06:58:52.448Z] error: <httpProxy> [
  500,
  Error: connect ECONNREFUSED 127.0.0.1:9090
      at <unknown> (Error: connect ECONNREFUSED 127.0.0.1:9090) {
    errno: -111,
    code: 'ECONNREFUSED',
    syscall: 'connect',
    address: '127.0.0.1',
    port: 9090
  }
]
[2025-07-16T06:59:00.633Z] error: <httpProxy> Error calling http://127.0.0.1:9090/api/v1/query...
[2025-07-16T06:59:00.634Z] error: <httpProxy> [
  500,
  Error: connect ECONNREFUSED 127.0.0.1:9090
      at <unknown> (Error: connect ECONNREFUSED 127.0.0.1:9090) {
    errno: -111,
    code: 'ECONNREFUSED',
    syscall: 'connect',
    address: '127.0.0.1',
    port: 9090
  }
]
[2025-07-16T06:59:00.634Z] error: <httpProxy> Error calling http://127.0.0.1:9090/api/v1/query...
[2025-07-16T06:59:00.634Z] error: <httpProxy> [
  500,
  Error: connect ECONNREFUSED 127.0.0.1:9090
      at <unknown> (Error: connect ECONNREFUSED 127.0.0.1:9090) {
    errno: -111,
    code: 'ECONNREFUSED',
    syscall: 'connect',
    address: '127.0.0.1',
    port: 9090
  }
]
[2025-07-16T06:59:00.634Z] error: <httpProxy> Error calling http://127.0.0.1:9090/api/v1/query...
[2025-07-16T06:59:00.634Z] error: <httpProxy> [
  500,
  Error: connect ECONNREFUSED 127.0.0.1:9090
      at <unknown> (Error: connect ECONNREFUSED 127.0.0.1:9090) {
    errno: -111,
    code: 'ECONNREFUSED',
    syscall: 'connect',
    address: '127.0.0.1',
    port: 9090
  }
]
[2025-07-16T06:59:00.634Z] error: <httpProxy> Error calling http://127.0.0.1:9090/api/v1/query...
[2025-07-16T06:59:00.635Z] error: <httpProxy> [
  500,
  Error: connect ECONNREFUSED 127.0.0.1:9090
      at <unknown> (Error: connect ECONNREFUSED 127.0.0.1:9090) {
    errno: -111,
    code: 'ECONNREFUSED',
    syscall: 'connect',
    address: '127.0.0.1',
    port: 9090
  }
]
[2025-07-16T06:59:00.635Z] error: <httpProxy> Error calling http://127.0.0.1:9090/api/v1/query...
[2025-07-16T06:59:00.635Z] error: <httpProxy> [
  500,
  Error: connect ECONNREFUSED 127.0.0.1:9090
      at <unknown> (Error: connect ECONNREFUSED 127.0.0.1:9090) {
    errno: -111,
    code: 'ECONNREFUSED',
    syscall: 'connect',
    address: '127.0.0.1',
    port: 9090
  }
]
[2025-07-16T06:59:00.635Z] error: <httpProxy> Error calling http://127.0.0.1:9090/api/v1/query...
[2025-07-16T06:59:00.635Z] error: <httpProxy> [
  500,
  Error: connect ECONNREFUSED 127.0.0.1:9090
      at <unknown> (Error: connect ECONNREFUSED 127.0.0.1:9090) {
    errno: -111,
    code: 'ECONNREFUSED',
    syscall: 'connect',
    address: '127.0.0.1',
    port: 9090
  }
]
[2025-07-16T06:59:00.635Z] error: <httpProxy> Error calling http://127.0.0.1:9090/api/v1/query...
[2025-07-16T06:59:00.635Z] error: <httpProxy> [
  500,
  Error: connect ECONNREFUSED 127.0.0.1:9090
      at <unknown> (Error: connect ECONNREFUSED 127.0.0.1:9090) {
    errno: -111,
    code: 'ECONNREFUSED',
    syscall: 'connect',
    address: '127.0.0.1',
    port: 9090
  }
]
[2025-07-16T06:59:00.636Z] error: <httpProxy> Error calling http://127.0.0.1:9090/api/v1/query...
[2025-07-16T06:59:00.636Z] error: <httpProxy> [
  500,
  Error: connect ECONNREFUSED 127.0.0.1:9090
      at <unknown> (Error: connect ECONNREFUSED 127.0.0.1:9090) {
    errno: -111,
    code: 'ECONNREFUSED',
    syscall: 'connect',
    address: '127.0.0.1',
    port: 9090
  }
]
[2025-07-16T06:59:00.636Z] error: <httpProxy> Error calling http://127.0.0.1:9090/api/v1/query...
[2025-07-16T06:59:00.636Z] error: <httpProxy> [
  500,
  Error: connect ECONNREFUSED 127.0.0.1:9090
      at <unknown> (Error: connect ECONNREFUSED 127.0.0.1:9090) {
    errno: -111,
    code: 'ECONNREFUSED',
    syscall: 'connect',
    address: '127.0.0.1',
    port: 9090
  }
]
[2025-07-16T06:59:00.636Z] error: <httpProxy> Error calling http://127.0.0.1:9090/api/v1/query...
[2025-07-16T06:59:00.636Z] error: <httpProxy> [
  500,
  Error: connect ECONNREFUSED 127.0.0.1:9090
      at <unknown> (Error: connect ECONNREFUSED 127.0.0.1:9090) {
    errno: -111,
    code: 'ECONNREFUSED',
    syscall: 'connect',
    address: '127.0.0.1',
    port: 9090
  }
]
[2025-07-16T06:59:00.636Z] error: <httpProxy> Error calling http://127.0.0.1:9090/api/v1/query...
[2025-07-16T06:59:00.637Z] error: <httpProxy> [
  500,
  Error: connect ECONNREFUSED 127.0.0.1:9090
      at <unknown> (Error: connect ECONNREFUSED 127.0.0.1:9090) {
    errno: -111,
    code: 'ECONNREFUSED',
    syscall: 'connect',
    address: '127.0.0.1',
    port: 9090
  }
]
[2025-07-16T06:59:00.637Z] error: <httpProxy> Error calling http://127.0.0.1:9090/api/v1/query...
[2025-07-16T06:59:00.637Z] error: <httpProxy> [
  500,
  Error: connect ECONNREFUSED 127.0.0.1:9090
      at <unknown> (Error: connect ECONNREFUSED 127.0.0.1:9090) {
    errno: -111,
    code: 'ECONNREFUSED',
    syscall: 'connect',
    address: '127.0.0.1',
    port: 9090
  }
]
[2025-07-16T06:59:00.637Z] error: <httpProxy> Error calling http://127.0.0.1:9090/api/v1/query...
[2025-07-16T06:59:00.637Z] error: <httpProxy> [
  500,
  Error: connect ECONNREFUSED 127.0.0.1:9090
      at <unknown> (Error: connect ECONNREFUSED 127.0.0.1:9090) {
    errno: -111,
    code: 'ECONNREFUSED',
    syscall: 'connect',
    address: '127.0.0.1',
    port: 9090
  }
]
[2025-07-16T06:59:00.639Z] error: <httpProxy> Error calling http://127.0.0.1:9090/api/v1/query...
[2025-07-16T06:59:00.639Z] error: <httpProxy> [
  500,
  Error: connect ECONNREFUSED 127.0.0.1:9090
      at <unknown> (Error: connect ECONNREFUSED 127.0.0.1:9090) {
    errno: -111,
    code: 'ECONNREFUSED',
    syscall: 'connect',
    address: '127.0.0.1',
    port: 9090
  }
]
[2025-07-16T06:59:18.278Z] error: <httpProxy> Error calling http://127.0.0.1:9090/api/v1/query...
[2025-07-16T06:59:18.279Z] error: <httpProxy> [
  500,
  Error: connect ECONNREFUSED 127.0.0.1:9090
      at <unknown> (Error: connect ECONNREFUSED 127.0.0.1:9090) {
    errno: -111,
    code: 'ECONNREFUSED',
    syscall: 'connect',
    address: '127.0.0.1',
    port: 9090
  }
]
[2025-07-16T06:59:18.301Z] error: <httpProxy> Error calling http://127.0.0.1:9090/api/v1/query...
[2025-07-16T06:59:18.301Z] error: <httpProxy> [
  500,
  Error: connect ECONNREFUSED 127.0.0.1:9090
      at <unknown> (Error: connect ECONNREFUSED 127.0.0.1:9090) {
    errno: -111,
    code: 'ECONNREFUSED',
    syscall: 'connect',
    address: '127.0.0.1',
    port: 9090
  }
]
[2025-07-16T06:59:18.301Z] error: <httpProxy> Error calling http://127.0.0.1:9090/api/v1/query...
[2025-07-16T06:59:18.301Z] error: <httpProxy> [
  500,
  Error: connect ECONNREFUSED 127.0.0.1:9090
      at <unknown> (Error: connect ECONNREFUSED 127.0.0.1:9090) {
    errno: -111,
    code: 'ECONNREFUSED',
    syscall: 'connect',
    address: '127.0.0.1',
    port: 9090
  }
]
[2025-07-16T06:59:18.301Z] error: <httpProxy> Error calling http://127.0.0.1:9090/api/v1/query...
[2025-07-16T06:59:18.302Z] error: <httpProxy> [
  500,
  Error: connect ECONNREFUSED 127.0.0.1:9090
      at <unknown> (Error: connect ECONNREFUSED 127.0.0.1:9090) {
    errno: -111,
    code: 'ECONNREFUSED',
    syscall: 'connect',
    address: '127.0.0.1',
    port: 9090
  }
]
[2025-07-16T06:59:18.302Z] error: <httpProxy> Error calling http://127.0.0.1:9090/api/v1/query...
[2025-07-16T06:59:18.302Z] error: <httpProxy> [
  500,
  Error: connect ECONNREFUSED 127.0.0.1:9090
      at <unknown> (Error: connect ECONNREFUSED 127.0.0.1:9090) {
    errno: -111,
    code: 'ECONNREFUSED',
    syscall: 'connect',
    address: '127.0.0.1',
    port: 9090
  }
]
[2025-07-16T06:59:18.302Z] error: <httpProxy> Error calling http://127.0.0.1:9090/api/v1/query...
[2025-07-16T06:59:18.302Z] error: <httpProxy> [
  500,
  Error: connect ECONNREFUSED 127.0.0.1:9090
      at <unknown> (Error: connect ECONNREFUSED 127.0.0.1:9090) {
    errno: -111,
    code: 'ECONNREFUSED',
    syscall: 'connect',
    address: '127.0.0.1',
    port: 9090
  }
]
[2025-07-16T06:59:18.302Z] error: <httpProxy> Error calling http://127.0.0.1:9090/api/v1/query...
[2025-07-16T06:59:18.302Z] error: <httpProxy> [
  500,
  Error: connect ECONNREFUSED 127.0.0.1:9090
      at <unknown> (Error: connect ECONNREFUSED 127.0.0.1:9090) {
    errno: -111,
    code: 'ECONNREFUSED',
    syscall: 'connect',
    address: '127.0.0.1',
    port: 9090
  }
]
[2025-07-16T06:59:18.303Z] error: <httpProxy> Error calling http://127.0.0.1:9090/api/v1/query...
[2025-07-16T06:59:18.303Z] error: <httpProxy> [
  500,
  Error: connect ECONNREFUSED 127.0.0.1:9090
      at <unknown> (Error: connect ECONNREFUSED 127.0.0.1:9090) {
    errno: -111,
    code: 'ECONNREFUSED',
    syscall: 'connect',
    address: '127.0.0.1',
    port: 9090
  }
]
[2025-07-16T06:59:18.303Z] error: <httpProxy> Error calling http://127.0.0.1:9090/api/v1/query...
[2025-07-16T06:59:18.303Z] error: <httpProxy> [
  500,
  Error: connect ECONNREFUSED 127.0.0.1:9090
      at <unknown> (Error: connect ECONNREFUSED 127.0.0.1:9090) {
    errno: -111,
    code: 'ECONNREFUSED',
    syscall: 'connect',
    address: '127.0.0.1',
    port: 9090
  }
]
[2025-07-16T06:59:18.303Z] error: <httpProxy> Error calling http://127.0.0.1:9090/api/v1/query...
[2025-07-16T06:59:18.303Z] error: <httpProxy> [
  500,
  Error: connect ECONNREFUSED 127.0.0.1:9090
      at <unknown> (Error: connect ECONNREFUSED 127.0.0.1:9090) {
    errno: -111,
    code: 'ECONNREFUSED',
    syscall: 'connect',
    address: '127.0.0.1',
    port: 9090
  }
]
[2025-07-16T06:59:18.304Z] error: <httpProxy> Error calling http://127.0.0.1:9090/api/v1/query...
[2025-07-16T06:59:18.304Z] error: <httpProxy> [
  500,
  Error: connect ECONNREFUSED 127.0.0.1:9090
      at <unknown> (Error: connect ECONNREFUSED 127.0.0.1:9090) {
    errno: -111,
    code: 'ECONNREFUSED',
    syscall: 'connect',
    address: '127.0.0.1',
    port: 9090
  }
]
[2025-07-16T06:59:18.304Z] error: <httpProxy> Error calling http://127.0.0.1:9090/api/v1/query...
[2025-07-16T06:59:18.304Z] error: <httpProxy> [
  500,
  Error: connect ECONNREFUSED 127.0.0.1:9090
      at <unknown> (Error: connect ECONNREFUSED 127.0.0.1:9090) {
    errno: -111,
    code: 'ECONNREFUSED',
    syscall: 'connect',
    address: '127.0.0.1',
    port: 9090
  }
]
[2025-07-16T06:59:18.306Z] error: <httpProxy> Error calling http://127.0.0.1:9090/api/v1/query...
[2025-07-16T06:59:18.306Z] error: <httpProxy> [
  500,
  Error: connect ECONNREFUSED 127.0.0.1:9090
      at <unknown> (Error: connect ECONNREFUSED 127.0.0.1:9090) {
    errno: -111,
    code: 'ECONNREFUSED',
    syscall: 'connect',
    address: '127.0.0.1',
    port: 9090
  }
]
[2025-07-16T06:59:18.307Z] error: <httpProxy> Error calling http://127.0.0.1:9090/api/v1/query...
[2025-07-16T06:59:18.308Z] error: <httpProxy> [
  500,
  Error: connect ECONNREFUSED 127.0.0.1:9090
      at <unknown> (Error: connect ECONNREFUSED 127.0.0.1:9090) {
    errno: -111,
    code: 'ECONNREFUSED',
    syscall: 'connect',
    address: '127.0.0.1',
    port: 9090
  }
]
[2025-07-16T06:59:25.147Z] error: <httpProxy> Error calling http://127.0.0.1:9090/api/v1/query...
[2025-07-16T06:59:25.147Z] error: <httpProxy> [
  500,
  Error: connect ECONNREFUSED 127.0.0.1:9090
      at <unknown> (Error: connect ECONNREFUSED 127.0.0.1:9090) {
    errno: -111,
    code: 'ECONNREFUSED',
    syscall: 'connect',
    address: '127.0.0.1',
    port: 9090
  }
]
[2025-07-16T06:59:25.147Z] error: <httpProxy> Error calling http://127.0.0.1:9090/api/v1/query...
[2025-07-16T06:59:25.147Z] error: <httpProxy> [
  500,
  Error: connect ECONNREFUSED 127.0.0.1:9090
      at <unknown> (Error: connect ECONNREFUSED 127.0.0.1:9090) {
    errno: -111,
    code: 'ECONNREFUSED',
    syscall: 'connect',
    address: '127.0.0.1',
    port: 9090
  }
]
[2025-07-16T06:59:25.147Z] error: <httpProxy> Error calling http://127.0.0.1:9090/api/v1/query...
[2025-07-16T06:59:25.148Z] error: <httpProxy> [
  500,
  Error: connect ECONNREFUSED 127.0.0.1:9090
      at <unknown> (Error: connect ECONNREFUSED 127.0.0.1:9090) {
    errno: -111,
    code: 'ECONNREFUSED',
    syscall: 'connect',
    address: '127.0.0.1',
    port: 9090
  }
]
[2025-07-16T06:59:25.148Z] error: <httpProxy> Error calling http://127.0.0.1:9090/api/v1/query...
[2025-07-16T06:59:25.148Z] error: <httpProxy> [
  500,
  Error: connect ECONNREFUSED 127.0.0.1:9090
      at <unknown> (Error: connect ECONNREFUSED 127.0.0.1:9090) {
    errno: -111,
    code: 'ECONNREFUSED',
    syscall: 'connect',
    address: '127.0.0.1',
    port: 9090
  }
]
[2025-07-16T06:59:25.148Z] error: <httpProxy> Error calling http://127.0.0.1:9090/api/v1/query...
[2025-07-16T06:59:25.148Z] error: <httpProxy> [
  500,
  Error: connect ECONNREFUSED 127.0.0.1:9090
      at <unknown> (Error: connect ECONNREFUSED 127.0.0.1:9090) {
    errno: -111,
    code: 'ECONNREFUSED',
    syscall: 'connect',
    address: '127.0.0.1',
    port: 9090
  }
]
[2025-07-16T06:59:25.148Z] error: <httpProxy> Error calling http://127.0.0.1:9090/api/v1/query...
[2025-07-16T06:59:25.148Z] error: <httpProxy> [
  500,
  Error: connect ECONNREFUSED 127.0.0.1:9090
      at <unknown> (Error: connect ECONNREFUSED 127.0.0.1:9090) {
    errno: -111,
    code: 'ECONNREFUSED',
    syscall: 'connect',
    address: '127.0.0.1',
    port: 9090
  }
]
[2025-07-16T06:59:25.149Z] error: <httpProxy> Error calling http://127.0.0.1:9090/api/v1/query...
[2025-07-16T06:59:25.149Z] error: <httpProxy> [
  500,
  Error: connect ECONNREFUSED 127.0.0.1:9090
      at <unknown> (Error: connect ECONNREFUSED 127.0.0.1:9090) {
    errno: -111,
    code: 'ECONNREFUSED',
    syscall: 'connect',
    address: '127.0.0.1',
    port: 9090
  }
]
[2025-07-16T06:59:25.149Z] error: <httpProxy> Error calling http://127.0.0.1:9090/api/v1/query...
[2025-07-16T06:59:25.149Z] error: <httpProxy> [
  500,
  Error: connect ECONNREFUSED 127.0.0.1:9090
      at <unknown> (Error: connect ECONNREFUSED 127.0.0.1:9090) {
    errno: -111,
    code: 'ECONNREFUSED',
    syscall: 'connect',
    address: '127.0.0.1',
    port: 9090
  }
]
[2025-07-16T06:59:25.149Z] error: <httpProxy> Error calling http://127.0.0.1:9090/api/v1/query...
[2025-07-16T06:59:25.149Z] error: <httpProxy> [
  500,
  Error: connect ECONNREFUSED 127.0.0.1:9090
      at <unknown> (Error: connect ECONNREFUSED 127.0.0.1:9090) {
    errno: -111,
    code: 'ECONNREFUSED',
    syscall: 'connect',
    address: '127.0.0.1',
    port: 9090
  }
]
[2025-07-16T06:59:25.149Z] error: <httpProxy> Error calling http://127.0.0.1:9090/api/v1/query...
[2025-07-16T06:59:25.149Z] error: <httpProxy> [
  500,
  Error: connect ECONNREFUSED 127.0.0.1:9090
      at <unknown> (Error: connect ECONNREFUSED 127.0.0.1:9090) {
    errno: -111,
    code: 'ECONNREFUSED',
    syscall: 'connect',
    address: '127.0.0.1',
    port: 9090
  }
]
[2025-07-16T06:59:25.150Z] error: <httpProxy> Error calling http://127.0.0.1:9090/api/v1/query...
[2025-07-16T06:59:25.150Z] error: <httpProxy> [
  500,
  Error: connect ECONNREFUSED 127.0.0.1:9090
      at <unknown> (Error: connect ECONNREFUSED 127.0.0.1:9090) {
    errno: -111,
    code: 'ECONNREFUSED',
    syscall: 'connect',
    address: '127.0.0.1',
    port: 9090
  }
]
[2025-07-16T06:59:25.150Z] error: <httpProxy> Error calling http://127.0.0.1:9090/api/v1/query...
[2025-07-16T06:59:25.150Z] error: <httpProxy> [
  500,
  Error: connect ECONNREFUSED 127.0.0.1:9090
      at <unknown> (Error: connect ECONNREFUSED 127.0.0.1:9090) {
    errno: -111,
    code: 'ECONNREFUSED',
    syscall: 'connect',
    address: '127.0.0.1',
    port: 9090
  }
]
[2025-07-16T06:59:25.150Z] error: <httpProxy> Error calling http://127.0.0.1:9090/api/v1/query...
[2025-07-16T06:59:25.150Z] error: <httpProxy> [
  500,
  Error: connect ECONNREFUSED 127.0.0.1:9090
      at <unknown> (Error: connect ECONNREFUSED 127.0.0.1:9090) {
    errno: -111,
    code: 'ECONNREFUSED',
    syscall: 'connect',
    address: '127.0.0.1',
    port: 9090
  }
]
[2025-07-16T06:59:25.153Z] error: <httpProxy> Error calling http://127.0.0.1:9090/api/v1/query...
[2025-07-16T06:59:25.154Z] error: <httpProxy> [
  500,
  Error: connect ECONNREFUSED 127.0.0.1:9090
      at <unknown> (Error: connect ECONNREFUSED 127.0.0.1:9090) {
    errno: -111,
    code: 'ECONNREFUSED',
    syscall: 'connect',
    address: '127.0.0.1',
    port: 9090
  }
]
[2025-07-16T06:59:40.156Z] error: <httpProxy> Error calling http://127.0.0.1:9090/api/v1/query...
[2025-07-16T06:59:40.156Z] error: <httpProxy> [
  500,
  Error: connect ECONNREFUSED 127.0.0.1:9090
      at <unknown> (Error: connect ECONNREFUSED 127.0.0.1:9090) {
    errno: -111,
    code: 'ECONNREFUSED',
    syscall: 'connect',
    address: '127.0.0.1',
    port: 9090
  }
]
[2025-07-16T06:59:40.158Z] error: <httpProxy> Error calling http://127.0.0.1:9090/api/v1/query...
[2025-07-16T06:59:40.158Z] error: <httpProxy> [
  500,
  Error: connect ECONNREFUSED 127.0.0.1:9090
      at <unknown> (Error: connect ECONNREFUSED 127.0.0.1:9090) {
    errno: -111,
    code: 'ECONNREFUSED',
    syscall: 'connect',
    address: '127.0.0.1',
    port: 9090
  }
]
[2025-07-16T06:59:40.159Z] error: <httpProxy> Error calling http://127.0.0.1:9090/api/v1/query...
[2025-07-16T06:59:40.159Z] error: <httpProxy> [
  500,
  Error: connect ECONNREFUSED 127.0.0.1:9090
      at <unknown> (Error: connect ECONNREFUSED 127.0.0.1:9090) {
    errno: -111,
    code: 'ECONNREFUSED',
    syscall: 'connect',
    address: '127.0.0.1',
    port: 9090
  }
]
[2025-07-16T06:59:40.160Z] error: <httpProxy> Error calling http://127.0.0.1:9090/api/v1/query...
[2025-07-16T06:59:40.161Z] error: <httpProxy> [
  500,
  Error: connect ECONNREFUSED 127.0.0.1:9090
      at <unknown> (Error: connect ECONNREFUSED 127.0.0.1:9090) {
    errno: -111,
    code: 'ECONNREFUSED',
    syscall: 'connect',
    address: '127.0.0.1',
    port: 9090
  }
]
[2025-07-16T06:59:40.174Z] error: <httpProxy> Error calling http://127.0.0.1:9090/api/v1/query...
[2025-07-16T06:59:40.174Z] error: <httpProxy> [
  500,
  Error: connect ECONNREFUSED 127.0.0.1:9090
      at <unknown> (Error: connect ECONNREFUSED 127.0.0.1:9090) {
    errno: -111,
    code: 'ECONNREFUSED',
    syscall: 'connect',
    address: '127.0.0.1',
    port: 9090
  }
]
[2025-07-16T06:59:40.175Z] error: <httpProxy> Error calling http://127.0.0.1:9090/api/v1/query...
[2025-07-16T06:59:40.175Z] error: <httpProxy> [
  500,
  Error: connect ECONNREFUSED 127.0.0.1:9090
      at <unknown> (Error: connect ECONNREFUSED 127.0.0.1:9090) {
    errno: -111,
    code: 'ECONNREFUSED',
    syscall: 'connect',
    address: '127.0.0.1',
    port: 9090
  }
]
[2025-07-16T06:59:40.175Z] error: <httpProxy> Error calling http://127.0.0.1:9090/api/v1/query...
[2025-07-16T06:59:40.176Z] error: <httpProxy> [
  500,
  Error: connect ECONNREFUSED 127.0.0.1:9090
      at <unknown> (Error: connect ECONNREFUSED 127.0.0.1:9090) {
    errno: -111,
    code: 'ECONNREFUSED',
    syscall: 'connect',
    address: '127.0.0.1',
    port: 9090
  }
]
[2025-07-16T06:59:40.176Z] error: <httpProxy> Error calling http://127.0.0.1:9090/api/v1/query...
[2025-07-16T06:59:40.177Z] error: <httpProxy> [
  500,
  Error: connect ECONNREFUSED 127.0.0.1:9090
      at <unknown> (Error: connect ECONNREFUSED 127.0.0.1:9090) {
    errno: -111,
    code: 'ECONNREFUSED',
    syscall: 'connect',
    address: '127.0.0.1',
    port: 9090
  }
]
[2025-07-16T06:59:40.177Z] error: <httpProxy> Error calling http://127.0.0.1:9090/api/v1/query...
[2025-07-16T06:59:40.177Z] error: <httpProxy> [
  500,
  Error: connect ECONNREFUSED 127.0.0.1:9090
      at <unknown> (Error: connect ECONNREFUSED 127.0.0.1:9090) {
    errno: -111,
    code: 'ECONNREFUSED',
    syscall: 'connect',
    address: '127.0.0.1',
    port: 9090
  }
]
[2025-07-16T06:59:40.178Z] error: <httpProxy> Error calling http://127.0.0.1:9090/api/v1/query...
[2025-07-16T06:59:40.178Z] error: <httpProxy> [
  500,
  Error: connect ECONNREFUSED 127.0.0.1:9090
      at <unknown> (Error: connect ECONNREFUSED 127.0.0.1:9090) {
    errno: -111,
    code: 'ECONNREFUSED',
    syscall: 'connect',
    address: '127.0.0.1',
    port: 9090
  }
]
[2025-07-16T06:59:40.179Z] error: <httpProxy> Error calling http://127.0.0.1:9090/api/v1/query...
[2025-07-16T06:59:40.179Z] error: <httpProxy> [
  500,
  Error: connect ECONNREFUSED 127.0.0.1:9090
      at <unknown> (Error: connect ECONNREFUSED 127.0.0.1:9090) {
    errno: -111,
    code: 'ECONNREFUSED',
    syscall: 'connect',
    address: '127.0.0.1',
    port: 9090
  }
]
[2025-07-16T06:59:40.180Z] error: <httpProxy> Error calling http://127.0.0.1:9090/api/v1/query...
[2025-07-16T06:59:40.180Z] error: <httpProxy> [
  500,
  Error: connect ECONNREFUSED 127.0.0.1:9090
      at <unknown> (Error: connect ECONNREFUSED 127.0.0.1:9090) {
    errno: -111,
    code: 'ECONNREFUSED',
    syscall: 'connect',
    address: '127.0.0.1',
    port: 9090
  }
]
[2025-07-16T06:59:40.180Z] error: <httpProxy> Error calling http://127.0.0.1:9090/api/v1/query...
[2025-07-16T06:59:40.181Z] error: <httpProxy> [
  500,
  Error: connect ECONNREFUSED 127.0.0.1:9090
      at <unknown> (Error: connect ECONNREFUSED 127.0.0.1:9090) {
    errno: -111,
    code: 'ECONNREFUSED',
    syscall: 'connect',
    address: '127.0.0.1',
    port: 9090
  }
]
[2025-07-16T06:59:40.181Z] error: <httpProxy> Error calling http://127.0.0.1:9090/api/v1/query...
[2025-07-16T06:59:40.181Z] error: <httpProxy> [
  500,
  Error: connect ECONNREFUSED 127.0.0.1:9090
      at <unknown> (Error: connect ECONNREFUSED 127.0.0.1:9090) {
    errno: -111,
    code: 'ECONNREFUSED',
    syscall: 'connect',
    address: '127.0.0.1',
    port: 9090
  }
]
[2025-07-16T06:59:45.944Z] error: <httpProxy> Error calling http://127.0.0.1:9090/api/v1/query...
[2025-07-16T06:59:45.944Z] error: <httpProxy> [
  500,
  Error: connect ECONNREFUSED 127.0.0.1:9090
      at <unknown> (Error: connect ECONNREFUSED 127.0.0.1:9090) {
    errno: -111,
    code: 'ECONNREFUSED',
    syscall: 'connect',
    address: '127.0.0.1',
    port: 9090
  }
]
[2025-07-16T06:59:45.945Z] error: <httpProxy> Error calling http://127.0.0.1:9090/api/v1/query...
[2025-07-16T06:59:45.945Z] error: <httpProxy> [
  500,
  Error: connect ECONNREFUSED 127.0.0.1:9090
      at <unknown> (Error: connect ECONNREFUSED 127.0.0.1:9090) {
    errno: -111,
    code: 'ECONNREFUSED',
    syscall: 'connect',
    address: '127.0.0.1',
    port: 9090
  }
]
[2025-07-16T06:59:45.945Z] error: <httpProxy> Error calling http://127.0.0.1:9090/api/v1/query...
[2025-07-16T06:59:45.945Z] error: <httpProxy> [
  500,
  Error: connect ECONNREFUSED 127.0.0.1:9090
      at <unknown> (Error: connect ECONNREFUSED 127.0.0.1:9090) {
    errno: -111,
    code: 'ECONNREFUSED',
    syscall: 'connect',
    address: '127.0.0.1',
    port: 9090
  }
]
[2025-07-16T06:59:45.945Z] error: <httpProxy> Error calling http://127.0.0.1:9090/api/v1/query...
[2025-07-16T06:59:45.945Z] error: <httpProxy> [
  500,
  Error: connect ECONNREFUSED 127.0.0.1:9090
      at <unknown> (Error: connect ECONNREFUSED 127.0.0.1:9090) {
    errno: -111,
    code: 'ECONNREFUSED',
    syscall: 'connect',
    address: '127.0.0.1',
    port: 9090
  }
]
[2025-07-16T06:59:45.946Z] error: <httpProxy> Error calling http://127.0.0.1:9090/api/v1/query...
[2025-07-16T06:59:45.946Z] error: <httpProxy> [
  500,
  Error: connect ECONNREFUSED 127.0.0.1:9090
      at <unknown> (Error: connect ECONNREFUSED 127.0.0.1:9090) {
    errno: -111,
    code: 'ECONNREFUSED',
    syscall: 'connect',
    address: '127.0.0.1',
    port: 9090
  }
]
[2025-07-16T06:59:45.949Z] error: <httpProxy> Error calling http://127.0.0.1:9090/api/v1/query...
[2025-07-16T06:59:45.949Z] error: <httpProxy> [
  500,
  Error: connect ECONNREFUSED 127.0.0.1:9090
      at <unknown> (Error: connect ECONNREFUSED 127.0.0.1:9090) {
    errno: -111,
    code: 'ECONNREFUSED',
    syscall: 'connect',
    address: '127.0.0.1',
    port: 9090
  }
]
[2025-07-16T06:59:45.950Z] error: <httpProxy> Error calling http://127.0.0.1:9090/api/v1/query...
[2025-07-16T06:59:45.950Z] error: <httpProxy> [
  500,
  Error: connect ECONNREFUSED 127.0.0.1:9090
      at <unknown> (Error: connect ECONNREFUSED 127.0.0.1:9090) {
    errno: -111,
    code: 'ECONNREFUSED',
    syscall: 'connect',
    address: '127.0.0.1',
    port: 9090
  }
]
[2025-07-16T06:59:45.952Z] error: <httpProxy> Error calling http://127.0.0.1:9090/api/v1/query...
[2025-07-16T06:59:45.952Z] error: <httpProxy> [
  500,
  Error: connect ECONNREFUSED 127.0.0.1:9090
      at <unknown> (Error: connect ECONNREFUSED 127.0.0.1:9090) {
    errno: -111,
    code: 'ECONNREFUSED',
    syscall: 'connect',
    address: '127.0.0.1',
    port: 9090
  }
]
[2025-07-16T06:59:45.954Z] error: <httpProxy> Error calling http://127.0.0.1:9090/api/v1/query...
[2025-07-16T06:59:45.954Z] error: <httpProxy> [
  500,
  Error: connect ECONNREFUSED 127.0.0.1:9090
      at <unknown> (Error: connect ECONNREFUSED 127.0.0.1:9090) {
    errno: -111,
    code: 'ECONNREFUSED',
    syscall: 'connect',
    address: '127.0.0.1',
    port: 9090
  }
]
[2025-07-16T06:59:45.956Z] error: <httpProxy> Error calling http://127.0.0.1:9090/api/v1/query...
[2025-07-16T06:59:45.957Z] error: <httpProxy> [
  500,
  Error: connect ECONNREFUSED 127.0.0.1:9090
      at <unknown> (Error: connect ECONNREFUSED 127.0.0.1:9090) {
    errno: -111,
    code: 'ECONNREFUSED',
    syscall: 'connect',
    address: '127.0.0.1',
    port: 9090
  }
]
[2025-07-16T06:59:45.959Z] error: <httpProxy> Error calling http://127.0.0.1:9090/api/v1/query...
[2025-07-16T06:59:45.959Z] error: <httpProxy> [
  500,
  Error: connect ECONNREFUSED 127.0.0.1:9090
      at <unknown> (Error: connect ECONNREFUSED 127.0.0.1:9090) {
    errno: -111,
    code: 'ECONNREFUSED',
    syscall: 'connect',
    address: '127.0.0.1',
    port: 9090
  }
]
[2025-07-16T06:59:45.961Z] error: <httpProxy> Error calling http://127.0.0.1:9090/api/v1/query...
[2025-07-16T06:59:45.961Z] error: <httpProxy> [
  500,
  Error: connect ECONNREFUSED 127.0.0.1:9090
      at <unknown> (Error: connect ECONNREFUSED 127.0.0.1:9090) {
    errno: -111,
    code: 'ECONNREFUSED',
    syscall: 'connect',
    address: '127.0.0.1',
    port: 9090
  }
]
[2025-07-16T06:59:45.964Z] error: <httpProxy> Error calling http://127.0.0.1:9090/api/v1/query...
[2025-07-16T06:59:45.964Z] error: <httpProxy> [
  500,
  Error: connect ECONNREFUSED 127.0.0.1:9090
      at <unknown> (Error: connect ECONNREFUSED 127.0.0.1:9090) {
    errno: -111,
    code: 'ECONNREFUSED',
    syscall: 'connect',
    address: '127.0.0.1',
    port: 9090
  }
]
[2025-07-16T06:59:45.965Z] error: <httpProxy> Error calling http://127.0.0.1:9090/api/v1/query...
[2025-07-16T06:59:45.965Z] error: <httpProxy> [
  500,
  Error: connect ECONNREFUSED 127.0.0.1:9090
      at <unknown> (Error: connect ECONNREFUSED 127.0.0.1:9090) {
    errno: -111,
    code: 'ECONNREFUSED',
    syscall: 'connect',
    address: '127.0.0.1',
    port: 9090
  }
]
[2025-07-16T06:59:49.453Z] error: <httpProxy> Error calling http://127.0.0.1:9090/api/v1/query...
[2025-07-16T06:59:49.453Z] error: <httpProxy> [
  500,
  Error: connect ECONNREFUSED 127.0.0.1:9090
      at <unknown> (Error: connect ECONNREFUSED 127.0.0.1:9090) {
    errno: -111,
    code: 'ECONNREFUSED',
    syscall: 'connect',
    address: '127.0.0.1',
    port: 9090
  }
]
[2025-07-16T06:59:49.455Z] error: <httpProxy> Error calling http://127.0.0.1:9090/api/v1/query...
[2025-07-16T06:59:49.455Z] error: <httpProxy> [
  500,
  Error: connect ECONNREFUSED 127.0.0.1:9090
      at <unknown> (Error: connect ECONNREFUSED 127.0.0.1:9090) {
    errno: -111,
    code: 'ECONNREFUSED',
    syscall: 'connect',
    address: '127.0.0.1',
    port: 9090
  }
]
[2025-07-16T06:59:49.457Z] error: <httpProxy> Error calling http://127.0.0.1:9090/api/v1/query...
[2025-07-16T06:59:49.457Z] error: <httpProxy> [
  500,
  Error: connect ECONNREFUSED 127.0.0.1:9090
      at <unknown> (Error: connect ECONNREFUSED 127.0.0.1:9090) {
    errno: -111,
    code: 'ECONNREFUSED',
    syscall: 'connect',
    address: '127.0.0.1',
    port: 9090
  }
]
[2025-07-16T06:59:49.459Z] error: <httpProxy> Error calling http://127.0.0.1:9090/api/v1/query...
[2025-07-16T06:59:49.459Z] error: <httpProxy> [
  500,
  Error: connect ECONNREFUSED 127.0.0.1:9090
      at <unknown> (Error: connect ECONNREFUSED 127.0.0.1:9090) {
    errno: -111,
    code: 'ECONNREFUSED',
    syscall: 'connect',
    address: '127.0.0.1',
    port: 9090
  }
]
[2025-07-16T06:59:49.464Z] error: <httpProxy> Error calling http://127.0.0.1:9090/api/v1/query...
[2025-07-16T06:59:49.464Z] error: <httpProxy> [
  500,
  Error: connect ECONNREFUSED 127.0.0.1:9090
      at <unknown> (Error: connect ECONNREFUSED 127.0.0.1:9090) {
    errno: -111,
    code: 'ECONNREFUSED',
    syscall: 'connect',
    address: '127.0.0.1',
    port: 9090
  }
]
[2025-07-16T06:59:49.466Z] error: <httpProxy> Error calling http://127.0.0.1:9090/api/v1/query...
[2025-07-16T06:59:49.466Z] error: <httpProxy> [
  500,
  Error: connect ECONNREFUSED 127.0.0.1:9090
      at <unknown> (Error: connect ECONNREFUSED 127.0.0.1:9090) {
    errno: -111,
    code: 'ECONNREFUSED',
    syscall: 'connect',
    address: '127.0.0.1',
    port: 9090
  }
]
[2025-07-16T06:59:49.468Z] error: <httpProxy> Error calling http://127.0.0.1:9090/api/v1/query...
[2025-07-16T06:59:49.468Z] error: <httpProxy> [
  500,
  Error: connect ECONNREFUSED 127.0.0.1:9090
      at <unknown> (Error: connect ECONNREFUSED 127.0.0.1:9090) {
    errno: -111,
    code: 'ECONNREFUSED',
    syscall: 'connect',
    address: '127.0.0.1',
    port: 9090
  }
]
[2025-07-16T06:59:49.470Z] error: <httpProxy> Error calling http://127.0.0.1:9090/api/v1/query...
[2025-07-16T06:59:49.470Z] error: <httpProxy> [
  500,
  Error: connect ECONNREFUSED 127.0.0.1:9090
      at <unknown> (Error: connect ECONNREFUSED 127.0.0.1:9090) {
    errno: -111,
    code: 'ECONNREFUSED',
    syscall: 'connect',
    address: '127.0.0.1',
    port: 9090
  }
]
[2025-07-16T06:59:49.471Z] error: <httpProxy> Error calling http://127.0.0.1:9090/api/v1/query...
[2025-07-16T06:59:49.471Z] error: <httpProxy> [
  500,
  Error: connect ECONNREFUSED 127.0.0.1:9090
      at <unknown> (Error: connect ECONNREFUSED 127.0.0.1:9090) {
    errno: -111,
    code: 'ECONNREFUSED',
    syscall: 'connect',
    address: '127.0.0.1',
    port: 9090
  }
]
[2025-07-16T06:59:49.474Z] error: <httpProxy> Error calling http://127.0.0.1:9090/api/v1/query...
[2025-07-16T06:59:49.474Z] error: <httpProxy> [
  500,
  Error: connect ECONNREFUSED 127.0.0.1:9090
      at <unknown> (Error: connect ECONNREFUSED 127.0.0.1:9090) {
    errno: -111,
    code: 'ECONNREFUSED',
    syscall: 'connect',
    address: '127.0.0.1',
    port: 9090
  }
]
[2025-07-16T06:59:49.477Z] error: <httpProxy> Error calling http://127.0.0.1:9090/api/v1/query...
[2025-07-16T06:59:49.477Z] error: <httpProxy> [
  500,
  Error: connect ECONNREFUSED 127.0.0.1:9090
      at <unknown> (Error: connect ECONNREFUSED 127.0.0.1:9090) {
    errno: -111,
    code: 'ECONNREFUSED',
    syscall: 'connect',
    address: '127.0.0.1',
    port: 9090
  }
]
[2025-07-16T06:59:49.479Z] error: <httpProxy> Error calling http://127.0.0.1:9090/api/v1/query...
[2025-07-16T06:59:49.480Z] error: <httpProxy> [
  500,
  Error: connect ECONNREFUSED 127.0.0.1:9090
      at <unknown> (Error: connect ECONNREFUSED 127.0.0.1:9090) {
    errno: -111,
    code: 'ECONNREFUSED',
    syscall: 'connect',
    address: '127.0.0.1',
    port: 9090
  }
]
[2025-07-16T06:59:49.482Z] error: <httpProxy> Error calling http://127.0.0.1:9090/api/v1/query...
[2025-07-16T06:59:49.482Z] error: <httpProxy> [
  500,
  Error: connect ECONNREFUSED 127.0.0.1:9090
      at <unknown> (Error: connect ECONNREFUSED 127.0.0.1:9090) {
    errno: -111,
    code: 'ECONNREFUSED',
    syscall: 'connect',
    address: '127.0.0.1',
    port: 9090
  }
]
[2025-07-16T06:59:49.483Z] error: <httpProxy> Error calling http://127.0.0.1:9090/api/v1/query...
[2025-07-16T06:59:49.483Z] error: <httpProxy> [
  500,
  Error: connect ECONNREFUSED 127.0.0.1:9090
      at <unknown> (Error: connect ECONNREFUSED 127.0.0.1:9090) {
    errno: -111,
    code: 'ECONNREFUSED',
    syscall: 'connect',
    address: '127.0.0.1',
    port: 9090
  }
]
[2025-07-16T06:59:50.312Z] error: <httpProxy> Error calling http://127.0.0.1:9090/api/v1/query...
[2025-07-16T06:59:50.312Z] error: <httpProxy> [
  500,
  Error: connect ECONNREFUSED 127.0.0.1:9090
      at <unknown> (Error: connect ECONNREFUSED 127.0.0.1:9090) {
    errno: -111,
    code: 'ECONNREFUSED',
    syscall: 'connect',
    address: '127.0.0.1',
    port: 9090
  }
]
[2025-07-16T06:59:50.314Z] error: <httpProxy> Error calling http://127.0.0.1:9090/api/v1/query...
[2025-07-16T06:59:50.314Z] error: <httpProxy> [
  500,
  Error: connect ECONNREFUSED 127.0.0.1:9090
      at <unknown> (Error: connect ECONNREFUSED 127.0.0.1:9090) {
    errno: -111,
    code: 'ECONNREFUSED',
    syscall: 'connect',
    address: '127.0.0.1',
    port: 9090
  }
]
[2025-07-16T06:59:50.315Z] error: <httpProxy> Error calling http://127.0.0.1:9090/api/v1/query...
[2025-07-16T06:59:50.315Z] error: <httpProxy> [
  500,
  Error: connect ECONNREFUSED 127.0.0.1:9090
      at <unknown> (Error: connect ECONNREFUSED 127.0.0.1:9090) {
    errno: -111,
    code: 'ECONNREFUSED',
    syscall: 'connect',
    address: '127.0.0.1',
    port: 9090
  }
]
[2025-07-16T06:59:50.317Z] error: <httpProxy> Error calling http://127.0.0.1:9090/api/v1/query...
[2025-07-16T06:59:50.317Z] error: <httpProxy> [
  500,
  Error: connect ECONNREFUSED 127.0.0.1:9090
      at <unknown> (Error: connect ECONNREFUSED 127.0.0.1:9090) {
    errno: -111,
    code: 'ECONNREFUSED',
    syscall: 'connect',
    address: '127.0.0.1',
    port: 9090
  }
]
[2025-07-16T06:59:50.321Z] error: <httpProxy> Error calling http://127.0.0.1:9090/api/v1/query...
[2025-07-16T06:59:50.321Z] error: <httpProxy> [
  500,
  Error: connect ECONNREFUSED 127.0.0.1:9090
      at <unknown> (Error: connect ECONNREFUSED 127.0.0.1:9090) {
    errno: -111,
    code: 'ECONNREFUSED',
    syscall: 'connect',
    address: '127.0.0.1',
    port: 9090
  }
]
[2025-07-16T06:59:50.323Z] error: <httpProxy> Error calling http://127.0.0.1:9090/api/v1/query...
[2025-07-16T06:59:50.323Z] error: <httpProxy> [
  500,
  Error: connect ECONNREFUSED 127.0.0.1:9090
      at <unknown> (Error: connect ECONNREFUSED 127.0.0.1:9090) {
    errno: -111,
    code: 'ECONNREFUSED',
    syscall: 'connect',
    address: '127.0.0.1',
    port: 9090
  }
]
[2025-07-16T06:59:50.325Z] error: <httpProxy> Error calling http://127.0.0.1:9090/api/v1/query...
[2025-07-16T06:59:50.325Z] error: <httpProxy> [
  500,
  Error: connect ECONNREFUSED 127.0.0.1:9090
      at <unknown> (Error: connect ECONNREFUSED 127.0.0.1:9090) {
    errno: -111,
    code: 'ECONNREFUSED',
    syscall: 'connect',
    address: '127.0.0.1',
    port: 9090
  }
]
[2025-07-16T06:59:50.327Z] error: <httpProxy> Error calling http://127.0.0.1:9090/api/v1/query...
[2025-07-16T06:59:50.327Z] error: <httpProxy> [
  500,
  Error: connect ECONNREFUSED 127.0.0.1:9090
      at <unknown> (Error: connect ECONNREFUSED 127.0.0.1:9090) {
    errno: -111,
    code: 'ECONNREFUSED',
    syscall: 'connect',
    address: '127.0.0.1',
    port: 9090
  }
]
[2025-07-16T06:59:50.329Z] error: <httpProxy> Error calling http://127.0.0.1:9090/api/v1/query...
[2025-07-16T06:59:50.329Z] error: <httpProxy> [
  500,
  Error: connect ECONNREFUSED 127.0.0.1:9090
      at <unknown> (Error: connect ECONNREFUSED 127.0.0.1:9090) {
    errno: -111,
    code: 'ECONNREFUSED',
    syscall: 'connect',
    address: '127.0.0.1',
    port: 9090
  }
]
[2025-07-16T06:59:50.331Z] error: <httpProxy> Error calling http://127.0.0.1:9090/api/v1/query...
[2025-07-16T06:59:50.331Z] error: <httpProxy> [
  500,
  Error: connect ECONNREFUSED 127.0.0.1:9090
      at <unknown> (Error: connect ECONNREFUSED 127.0.0.1:9090) {
    errno: -111,
    code: 'ECONNREFUSED',
    syscall: 'connect',
    address: '127.0.0.1',
    port: 9090
  }
]
[2025-07-16T06:59:50.333Z] error: <httpProxy> Error calling http://127.0.0.1:9090/api/v1/query...
[2025-07-16T06:59:50.333Z] error: <httpProxy> [
  500,
  Error: connect ECONNREFUSED 127.0.0.1:9090
      at <unknown> (Error: connect ECONNREFUSED 127.0.0.1:9090) {
    errno: -111,
    code: 'ECONNREFUSED',
    syscall: 'connect',
    address: '127.0.0.1',
    port: 9090
  }
]
[2025-07-16T06:59:50.335Z] error: <httpProxy> Error calling http://127.0.0.1:9090/api/v1/query...
[2025-07-16T06:59:50.335Z] error: <httpProxy> [
  500,
  Error: connect ECONNREFUSED 127.0.0.1:9090
      at <unknown> (Error: connect ECONNREFUSED 127.0.0.1:9090) {
    errno: -111,
    code: 'ECONNREFUSED',
    syscall: 'connect',
    address: '127.0.0.1',
    port: 9090
  }
]
[2025-07-16T06:59:50.337Z] error: <httpProxy> Error calling http://127.0.0.1:9090/api/v1/query...
[2025-07-16T06:59:50.337Z] error: <httpProxy> [
  500,
  Error: connect ECONNREFUSED 127.0.0.1:9090
      at <unknown> (Error: connect ECONNREFUSED 127.0.0.1:9090) {
    errno: -111,
    code: 'ECONNREFUSED',
    syscall: 'connect',
    address: '127.0.0.1',
    port: 9090
  }
]
[2025-07-16T06:59:50.348Z] error: <httpProxy> Error calling http://127.0.0.1:9090/api/v1/query...
[2025-07-16T06:59:50.348Z] error: <httpProxy> [
  500,
  Error: connect ECONNREFUSED 127.0.0.1:9090
      at <unknown> (Error: connect ECONNREFUSED 127.0.0.1:9090) {
    errno: -111,
    code: 'ECONNREFUSED',
    syscall: 'connect',
    address: '127.0.0.1',
    port: 9090
  }
]
[2025-07-16T07:00:05.305Z] error: <httpProxy> Error calling http://127.0.0.1:9090/api/v1/query...
[2025-07-16T07:00:05.306Z] error: <httpProxy> [
  500,
  Error: connect ECONNREFUSED 127.0.0.1:9090
      at <unknown> (Error: connect ECONNREFUSED 127.0.0.1:9090) {
    errno: -111,
    code: 'ECONNREFUSED',
    syscall: 'connect',
    address: '127.0.0.1',
    port: 9090
  }
]
[2025-07-16T07:00:05.307Z] error: <httpProxy> Error calling http://127.0.0.1:9090/api/v1/query...
[2025-07-16T07:00:05.307Z] error: <httpProxy> [
  500,
  Error: connect ECONNREFUSED 127.0.0.1:9090
      at <unknown> (Error: connect ECONNREFUSED 127.0.0.1:9090) {
    errno: -111,
    code: 'ECONNREFUSED',
    syscall: 'connect',
    address: '127.0.0.1',
    port: 9090
  }
]
[2025-07-16T07:00:05.309Z] error: <httpProxy> Error calling http://127.0.0.1:9090/api/v1/query...
[2025-07-16T07:00:05.309Z] error: <httpProxy> [
  500,
  Error: connect ECONNREFUSED 127.0.0.1:9090
      at <unknown> (Error: connect ECONNREFUSED 127.0.0.1:9090) {
    errno: -111,
    code: 'ECONNREFUSED',
    syscall: 'connect',
    address: '127.0.0.1',
    port: 9090
  }
]
[2025-07-16T07:00:05.311Z] error: <httpProxy> Error calling http://127.0.0.1:9090/api/v1/query...
[2025-07-16T07:00:05.311Z] error: <httpProxy> [
  500,
  Error: connect ECONNREFUSED 127.0.0.1:9090
      at <unknown> (Error: connect ECONNREFUSED 127.0.0.1:9090) {
    errno: -111,
    code: 'ECONNREFUSED',
    syscall: 'connect',
    address: '127.0.0.1',
    port: 9090
  }
]
[2025-07-16T07:00:05.313Z] error: <httpProxy> Error calling http://127.0.0.1:9090/api/v1/query...
[2025-07-16T07:00:05.313Z] error: <httpProxy> [
  500,
  Error: connect ECONNREFUSED 127.0.0.1:9090
      at <unknown> (Error: connect ECONNREFUSED 127.0.0.1:9090) {
    errno: -111,
    code: 'ECONNREFUSED',
    syscall: 'connect',
    address: '127.0.0.1',
    port: 9090
  }
]
[2025-07-16T07:00:05.314Z] error: <httpProxy> Error calling http://127.0.0.1:9090/api/v1/query...
[2025-07-16T07:00:05.314Z] error: <httpProxy> [
  500,
  Error: connect ECONNREFUSED 127.0.0.1:9090
      at <unknown> (Error: connect ECONNREFUSED 127.0.0.1:9090) {
    errno: -111,
    code: 'ECONNREFUSED',
    syscall: 'connect',
    address: '127.0.0.1',
    port: 9090
  }
]
[2025-07-16T07:00:05.315Z] error: <httpProxy> Error calling http://127.0.0.1:9090/api/v1/query...
[2025-07-16T07:00:05.315Z] error: <httpProxy> [
  500,
  Error: connect ECONNREFUSED 127.0.0.1:9090
      at <unknown> (Error: connect ECONNREFUSED 127.0.0.1:9090) {
    errno: -111,
    code: 'ECONNREFUSED',
    syscall: 'connect',
    address: '127.0.0.1',
    port: 9090
  }
]
[2025-07-16T07:00:05.316Z] error: <httpProxy> Error calling http://127.0.0.1:9090/api/v1/query...
[2025-07-16T07:00:05.316Z] error: <httpProxy> [
  500,
  Error: connect ECONNREFUSED 127.0.0.1:9090
      at <unknown> (Error: connect ECONNREFUSED 127.0.0.1:9090) {
    errno: -111,
    code: 'ECONNREFUSED',
    syscall: 'connect',
    address: '127.0.0.1',
    port: 9090
  }
]
[2025-07-16T07:00:05.317Z] error: <httpProxy> Error calling http://127.0.0.1:9090/api/v1/query...
[2025-07-16T07:00:05.317Z] error: <httpProxy> [
  500,
  Error: connect ECONNREFUSED 127.0.0.1:9090
      at <unknown> (Error: connect ECONNREFUSED 127.0.0.1:9090) {
    errno: -111,
    code: 'ECONNREFUSED',
    syscall: 'connect',
    address: '127.0.0.1',
    port: 9090
  }
]
[2025-07-16T07:00:05.318Z] error: <httpProxy> Error calling http://127.0.0.1:9090/api/v1/query...
[2025-07-16T07:00:05.318Z] error: <httpProxy> [
  500,
  Error: connect ECONNREFUSED 127.0.0.1:9090
      at <unknown> (Error: connect ECONNREFUSED 127.0.0.1:9090) {
    errno: -111,
    code: 'ECONNREFUSED',
    syscall: 'connect',
    address: '127.0.0.1',
    port: 9090
  }
]
[2025-07-16T07:00:05.318Z] error: <httpProxy> Error calling http://127.0.0.1:9090/api/v1/query...
[2025-07-16T07:00:05.318Z] error: <httpProxy> [
  500,
  Error: connect ECONNREFUSED 127.0.0.1:9090
      at <unknown> (Error: connect ECONNREFUSED 127.0.0.1:9090) {
    errno: -111,
    code: 'ECONNREFUSED',
    syscall: 'connect',
    address: '127.0.0.1',
    port: 9090
  }
]
[2025-07-16T07:00:05.319Z] error: <httpProxy> Error calling http://127.0.0.1:9090/api/v1/query...
[2025-07-16T07:00:05.319Z] error: <httpProxy> [
  500,
  Error: connect ECONNREFUSED 127.0.0.1:9090
      at <unknown> (Error: connect ECONNREFUSED 127.0.0.1:9090) {
    errno: -111,
    code: 'ECONNREFUSED',
    syscall: 'connect',
    address: '127.0.0.1',
    port: 9090
  }
]
[2025-07-16T07:00:05.320Z] error: <httpProxy> Error calling http://127.0.0.1:9090/api/v1/query...
[2025-07-16T07:00:05.320Z] error: <httpProxy> [
  500,
  Error: connect ECONNREFUSED 127.0.0.1:9090
      at <unknown> (Error: connect ECONNREFUSED 127.0.0.1:9090) {
    errno: -111,
    code: 'ECONNREFUSED',
    syscall: 'connect',
    address: '127.0.0.1',
    port: 9090
  }
]
[2025-07-16T07:00:05.320Z] error: <httpProxy> Error calling http://127.0.0.1:9090/api/v1/query...
[2025-07-16T07:00:05.320Z] error: <httpProxy> [
  500,
  Error: connect ECONNREFUSED 127.0.0.1:9090
      at <unknown> (Error: connect ECONNREFUSED 127.0.0.1:9090) {
    errno: -111,
    code: 'ECONNREFUSED',
    syscall: 'connect',
    address: '127.0.0.1',
    port: 9090
  }
]
[2025-07-16T07:00:20.315Z] error: <httpProxy> Error calling http://127.0.0.1:9090/api/v1/query...
[2025-07-16T07:00:20.316Z] error: <httpProxy> [
  500,
  Error: connect ECONNREFUSED 127.0.0.1:9090
      at <unknown> (Error: connect ECONNREFUSED 127.0.0.1:9090) {
    errno: -111,
    code: 'ECONNREFUSED',
    syscall: 'connect',
    address: '127.0.0.1',
    port: 9090
  }
]
[2025-07-16T07:00:20.318Z] error: <httpProxy> Error calling http://127.0.0.1:9090/api/v1/query...
[2025-07-16T07:00:20.318Z] error: <httpProxy> [
  500,
  Error: connect ECONNREFUSED 127.0.0.1:9090
      at <unknown> (Error: connect ECONNREFUSED 127.0.0.1:9090) {
    errno: -111,
    code: 'ECONNREFUSED',
    syscall: 'connect',
    address: '127.0.0.1',
    port: 9090
  }
]
[2025-07-16T07:00:20.323Z] error: <httpProxy> Error calling http://127.0.0.1:9090/api/v1/query...
[2025-07-16T07:00:20.323Z] error: <httpProxy> [
  500,
  Error: connect ECONNREFUSED 127.0.0.1:9090
      at <unknown> (Error: connect ECONNREFUSED 127.0.0.1:9090) {
    errno: -111,
    code: 'ECONNREFUSED',
    syscall: 'connect',
    address: '127.0.0.1',
    port: 9090
  }
]
[2025-07-16T07:00:20.325Z] error: <httpProxy> Error calling http://127.0.0.1:9090/api/v1/query...
[2025-07-16T07:00:20.325Z] error: <httpProxy> [
  500,
  Error: connect ECONNREFUSED 127.0.0.1:9090
      at <unknown> (Error: connect ECONNREFUSED 127.0.0.1:9090) {
    errno: -111,
    code: 'ECONNREFUSED',
    syscall: 'connect',
    address: '127.0.0.1',
    port: 9090
  }
]
[2025-07-16T07:00:20.332Z] error: <httpProxy> Error calling http://127.0.0.1:9090/api/v1/query...
[2025-07-16T07:00:20.332Z] error: <httpProxy> [
  500,
  Error: connect ECONNREFUSED 127.0.0.1:9090
      at <unknown> (Error: connect ECONNREFUSED 127.0.0.1:9090) {
    errno: -111,
    code: 'ECONNREFUSED',
    syscall: 'connect',
    address: '127.0.0.1',
    port: 9090
  }
]
[2025-07-16T07:00:20.337Z] error: <httpProxy> Error calling http://127.0.0.1:9090/api/v1/query...
[2025-07-16T07:00:20.338Z] error: <httpProxy> [
  500,
  Error: connect ECONNREFUSED 127.0.0.1:9090
      at <unknown> (Error: connect ECONNREFUSED 127.0.0.1:9090) {
    errno: -111,
    code: 'ECONNREFUSED',
    syscall: 'connect',
    address: '127.0.0.1',
    port: 9090
  }
]
[2025-07-16T07:00:20.339Z] error: <httpProxy> Error calling http://127.0.0.1:9090/api/v1/query...
[2025-07-16T07:00:20.339Z] error: <httpProxy> [
  500,
  Error: connect ECONNREFUSED 127.0.0.1:9090
      at <unknown> (Error: connect ECONNREFUSED 127.0.0.1:9090) {
    errno: -111,
    code: 'ECONNREFUSED',
    syscall: 'connect',
    address: '127.0.0.1',
    port: 9090
  }
]
[2025-07-16T07:00:20.349Z] error: <httpProxy> Error calling http://127.0.0.1:9090/api/v1/query...
[2025-07-16T07:00:20.349Z] error: <httpProxy> [
  500,
  Error: connect ECONNREFUSED 127.0.0.1:9090
      at <unknown> (Error: connect ECONNREFUSED 127.0.0.1:9090) {
    errno: -111,
    code: 'ECONNREFUSED',
    syscall: 'connect',
    address: '127.0.0.1',
    port: 9090
  }
]
[2025-07-16T07:00:20.350Z] error: <httpProxy> Error calling http://127.0.0.1:9090/api/v1/query...
[2025-07-16T07:00:20.351Z] error: <httpProxy> [
  500,
  Error: connect ECONNREFUSED 127.0.0.1:9090
      at <unknown> (Error: connect ECONNREFUSED 127.0.0.1:9090) {
    errno: -111,
    code: 'ECONNREFUSED',
    syscall: 'connect',
    address: '127.0.0.1',
    port: 9090
  }
]
[2025-07-16T07:00:20.351Z] error: <httpProxy> Error calling http://127.0.0.1:9090/api/v1/query...
[2025-07-16T07:00:20.351Z] error: <httpProxy> [
  500,
  Error: connect ECONNREFUSED 127.0.0.1:9090
      at <unknown> (Error: connect ECONNREFUSED 127.0.0.1:9090) {
    errno: -111,
    code: 'ECONNREFUSED',
    syscall: 'connect',
    address: '127.0.0.1',
    port: 9090
  }
]
[2025-07-16T07:00:20.352Z] error: <httpProxy> Error calling http://127.0.0.1:9090/api/v1/query...
[2025-07-16T07:00:20.352Z] error: <httpProxy> [
  500,
  Error: connect ECONNREFUSED 127.0.0.1:9090
      at <unknown> (Error: connect ECONNREFUSED 127.0.0.1:9090) {
    errno: -111,
    code: 'ECONNREFUSED',
    syscall: 'connect',
    address: '127.0.0.1',
    port: 9090
  }
]
[2025-07-16T07:00:20.353Z] error: <httpProxy> Error calling http://127.0.0.1:9090/api/v1/query...
[2025-07-16T07:00:20.353Z] error: <httpProxy> [
  500,
  Error: connect ECONNREFUSED 127.0.0.1:9090
      at <unknown> (Error: connect ECONNREFUSED 127.0.0.1:9090) {
    errno: -111,
    code: 'ECONNREFUSED',
    syscall: 'connect',
    address: '127.0.0.1',
    port: 9090
  }
]
[2025-07-16T07:00:20.353Z] error: <httpProxy> Error calling http://127.0.0.1:9090/api/v1/query...
[2025-07-16T07:00:20.353Z] error: <httpProxy> [
  500,
  Error: connect ECONNREFUSED 127.0.0.1:9090
      at <unknown> (Error: connect ECONNREFUSED 127.0.0.1:9090) {
    errno: -111,
    code: 'ECONNREFUSED',
    syscall: 'connect',
    address: '127.0.0.1',
    port: 9090
  }
]
[2025-07-16T07:00:20.354Z] error: <httpProxy> Error calling http://127.0.0.1:9090/api/v1/query...
[2025-07-16T07:00:20.354Z] error: <httpProxy> [
  500,
  Error: connect ECONNREFUSED 127.0.0.1:9090
      at <unknown> (Error: connect ECONNREFUSED 127.0.0.1:9090) {
    errno: -111,
    code: 'ECONNREFUSED',
    syscall: 'connect',
    address: '127.0.0.1',
    port: 9090
  }
]
[2025-07-16T07:00:35.328Z] error: <httpProxy> Error calling http://127.0.0.1:9090/api/v1/query...
[2025-07-16T07:00:35.328Z] error: <httpProxy> [
  500,
  Error: connect ECONNREFUSED 127.0.0.1:9090
      at <unknown> (Error: connect ECONNREFUSED 127.0.0.1:9090) {
    errno: -111,
    code: 'ECONNREFUSED',
    syscall: 'connect',
    address: '127.0.0.1',
    port: 9090
  }
]
[2025-07-16T07:00:35.329Z] error: <httpProxy> Error calling http://127.0.0.1:9090/api/v1/query...
[2025-07-16T07:00:35.329Z] error: <httpProxy> [
  500,
  Error: connect ECONNREFUSED 127.0.0.1:9090
      at <unknown> (Error: connect ECONNREFUSED 127.0.0.1:9090) {
    errno: -111,
    code: 'ECONNREFUSED',
    syscall: 'connect',
    address: '127.0.0.1',
    port: 9090
  }
]
[2025-07-16T07:00:35.331Z] error: <httpProxy> Error calling http://127.0.0.1:9090/api/v1/query...
[2025-07-16T07:00:35.331Z] error: <httpProxy> [
  500,
  Error: connect ECONNREFUSED 127.0.0.1:9090
      at <unknown> (Error: connect ECONNREFUSED 127.0.0.1:9090) {
    errno: -111,
    code: 'ECONNREFUSED',
    syscall: 'connect',
    address: '127.0.0.1',
    port: 9090
  }
]
[2025-07-16T07:00:35.338Z] error: <httpProxy> Error calling http://127.0.0.1:9090/api/v1/query...
[2025-07-16T07:00:35.339Z] error: <httpProxy> [
  500,
  Error: connect ECONNREFUSED 127.0.0.1:9090
      at <unknown> (Error: connect ECONNREFUSED 127.0.0.1:9090) {
    errno: -111,
    code: 'ECONNREFUSED',
    syscall: 'connect',
    address: '127.0.0.1',
    port: 9090
  }
]
[2025-07-16T07:00:35.341Z] error: <httpProxy> Error calling http://127.0.0.1:9090/api/v1/query...
[2025-07-16T07:00:35.341Z] error: <httpProxy> [
  500,
  Error: connect ECONNREFUSED 127.0.0.1:9090
      at <unknown> (Error: connect ECONNREFUSED 127.0.0.1:9090) {
    errno: -111,
    code: 'ECONNREFUSED',
    syscall: 'connect',
    address: '127.0.0.1',
    port: 9090
  }
]
[2025-07-16T07:00:35.351Z] error: <httpProxy> Error calling http://127.0.0.1:9090/api/v1/query...
[2025-07-16T07:00:35.351Z] error: <httpProxy> [
  500,
  Error: connect ECONNREFUSED 127.0.0.1:9090
      at <unknown> (Error: connect ECONNREFUSED 127.0.0.1:9090) {
    errno: -111,
    code: 'ECONNREFUSED',
    syscall: 'connect',
    address: '127.0.0.1',
    port: 9090
  }
]
[2025-07-16T07:00:35.352Z] error: <httpProxy> Error calling http://127.0.0.1:9090/api/v1/query...
[2025-07-16T07:00:35.352Z] error: <httpProxy> [
  500,
  Error: connect ECONNREFUSED 127.0.0.1:9090
      at <unknown> (Error: connect ECONNREFUSED 127.0.0.1:9090) {
    errno: -111,
    code: 'ECONNREFUSED',
    syscall: 'connect',
    address: '127.0.0.1',
    port: 9090
  }
]
[2025-07-16T07:00:35.364Z] error: <httpProxy> Error calling http://127.0.0.1:9090/api/v1/query...
[2025-07-16T07:00:35.364Z] error: <httpProxy> [
  500,
  Error: connect ECONNREFUSED 127.0.0.1:9090
      at <unknown> (Error: connect ECONNREFUSED 127.0.0.1:9090) {
    errno: -111,
    code: 'ECONNREFUSED',
    syscall: 'connect',
    address: '127.0.0.1',
    port: 9090
  }
]
[2025-07-16T07:00:35.365Z] error: <httpProxy> Error calling http://127.0.0.1:9090/api/v1/query...
[2025-07-16T07:00:35.365Z] error: <httpProxy> [
  500,
  Error: connect ECONNREFUSED 127.0.0.1:9090
      at <unknown> (Error: connect ECONNREFUSED 127.0.0.1:9090) {
    errno: -111,
    code: 'ECONNREFUSED',
    syscall: 'connect',
    address: '127.0.0.1',
    port: 9090
  }
]
[2025-07-16T07:00:35.365Z] error: <httpProxy> Error calling http://127.0.0.1:9090/api/v1/query...
[2025-07-16T07:00:35.365Z] error: <httpProxy> [
  500,
  Error: connect ECONNREFUSED 127.0.0.1:9090
      at <unknown> (Error: connect ECONNREFUSED 127.0.0.1:9090) {
    errno: -111,
    code: 'ECONNREFUSED',
    syscall: 'connect',
    address: '127.0.0.1',
    port: 9090
  }
]
[2025-07-16T07:00:35.378Z] error: <httpProxy> Error calling http://127.0.0.1:9090/api/v1/query...
[2025-07-16T07:00:35.378Z] error: <httpProxy> [
  500,
  Error: connect ECONNREFUSED 127.0.0.1:9090
      at <unknown> (Error: connect ECONNREFUSED 127.0.0.1:9090) {
    errno: -111,
    code: 'ECONNREFUSED',
    syscall: 'connect',
    address: '127.0.0.1',
    port: 9090
  }
]
[2025-07-16T07:00:35.379Z] error: <httpProxy> Error calling http://127.0.0.1:9090/api/v1/query...
[2025-07-16T07:00:35.379Z] error: <httpProxy> [
  500,
  Error: connect ECONNREFUSED 127.0.0.1:9090
      at <unknown> (Error: connect ECONNREFUSED 127.0.0.1:9090) {
    errno: -111,
    code: 'ECONNREFUSED',
    syscall: 'connect',
    address: '127.0.0.1',
    port: 9090
  }
]
[2025-07-16T07:00:35.379Z] error: <httpProxy> Error calling http://127.0.0.1:9090/api/v1/query...
[2025-07-16T07:00:35.380Z] error: <httpProxy> [
  500,
  Error: connect ECONNREFUSED 127.0.0.1:9090
      at <unknown> (Error: connect ECONNREFUSED 127.0.0.1:9090) {
    errno: -111,
    code: 'ECONNREFUSED',
    syscall: 'connect',
    address: '127.0.0.1',
    port: 9090
  }
]
[2025-07-16T07:00:35.380Z] error: <httpProxy> Error calling http://127.0.0.1:9090/api/v1/query...
[2025-07-16T07:00:35.380Z] error: <httpProxy> [
  500,
  Error: connect ECONNREFUSED 127.0.0.1:9090
      at <unknown> (Error: connect ECONNREFUSED 127.0.0.1:9090) {
    errno: -111,
    code: 'ECONNREFUSED',
    syscall: 'connect',
    address: '127.0.0.1',
    port: 9090
  }
]
[2025-07-16T07:00:50.340Z] error: <httpProxy> Error calling http://127.0.0.1:9090/api/v1/query...
[2025-07-16T07:00:50.340Z] error: <httpProxy> [
  500,
  Error: connect ECONNREFUSED 127.0.0.1:9090
      at <unknown> (Error: connect ECONNREFUSED 127.0.0.1:9090) {
    errno: -111,
    code: 'ECONNREFUSED',
    syscall: 'connect',
    address: '127.0.0.1',
    port: 9090
  }
]
[2025-07-16T07:00:50.343Z] error: <httpProxy> Error calling http://127.0.0.1:9090/api/v1/query...
[2025-07-16T07:00:50.343Z] error: <httpProxy> [
  500,
  Error: connect ECONNREFUSED 127.0.0.1:9090
      at <unknown> (Error: connect ECONNREFUSED 127.0.0.1:9090) {
    errno: -111,
    code: 'ECONNREFUSED',
    syscall: 'connect',
    address: '127.0.0.1',
    port: 9090
  }
]
[2025-07-16T07:00:50.347Z] error: <httpProxy> Error calling http://127.0.0.1:9090/api/v1/query...
[2025-07-16T07:00:50.347Z] error: <httpProxy> [
  500,
  Error: connect ECONNREFUSED 127.0.0.1:9090
      at <unknown> (Error: connect ECONNREFUSED 127.0.0.1:9090) {
    errno: -111,
    code: 'ECONNREFUSED',
    syscall: 'connect',
    address: '127.0.0.1',
    port: 9090
  }
]
[2025-07-16T07:00:50.350Z] error: <httpProxy> Error calling http://127.0.0.1:9090/api/v1/query...
[2025-07-16T07:00:50.350Z] error: <httpProxy> [
  500,
  Error: connect ECONNREFUSED 127.0.0.1:9090
      at <unknown> (Error: connect ECONNREFUSED 127.0.0.1:9090) {
    errno: -111,
    code: 'ECONNREFUSED',
    syscall: 'connect',
    address: '127.0.0.1',
    port: 9090
  }
]
[2025-07-16T07:00:50.356Z] error: <httpProxy> Error calling http://127.0.0.1:9090/api/v1/query...
[2025-07-16T07:00:50.356Z] error: <httpProxy> [
  500,
  Error: connect ECONNREFUSED 127.0.0.1:9090
      at <unknown> (Error: connect ECONNREFUSED 127.0.0.1:9090) {
    errno: -111,
    code: 'ECONNREFUSED',
    syscall: 'connect',
    address: '127.0.0.1',
    port: 9090
  }
]
[2025-07-16T07:00:50.369Z] error: <httpProxy> Error calling http://127.0.0.1:9090/api/v1/query...
[2025-07-16T07:00:50.369Z] error: <httpProxy> [
  500,
  Error: connect ECONNREFUSED 127.0.0.1:9090
      at <unknown> (Error: connect ECONNREFUSED 127.0.0.1:9090) {
    errno: -111,
    code: 'ECONNREFUSED',
    syscall: 'connect',
    address: '127.0.0.1',
    port: 9090
  }
]
[2025-07-16T07:00:50.369Z] error: <httpProxy> Error calling http://127.0.0.1:9090/api/v1/query...
[2025-07-16T07:00:50.370Z] error: <httpProxy> [
  500,
  Error: connect ECONNREFUSED 127.0.0.1:9090
      at <unknown> (Error: connect ECONNREFUSED 127.0.0.1:9090) {
    errno: -111,
    code: 'ECONNREFUSED',
    syscall: 'connect',
    address: '127.0.0.1',
    port: 9090
  }
]
[2025-07-16T07:00:50.379Z] error: <httpProxy> Error calling http://127.0.0.1:9090/api/v1/query...
[2025-07-16T07:00:50.379Z] error: <httpProxy> [
  500,
  Error: connect ECONNREFUSED 127.0.0.1:9090
      at <unknown> (Error: connect ECONNREFUSED 127.0.0.1:9090) {
    errno: -111,
    code: 'ECONNREFUSED',
    syscall: 'connect',
    address: '127.0.0.1',
    port: 9090
  }
]
[2025-07-16T07:00:50.380Z] error: <httpProxy> Error calling http://127.0.0.1:9090/api/v1/query...
[2025-07-16T07:00:50.381Z] error: <httpProxy> [
  500,
  Error: connect ECONNREFUSED 127.0.0.1:9090
      at <unknown> (Error: connect ECONNREFUSED 127.0.0.1:9090) {
    errno: -111,
    code: 'ECONNREFUSED',
    syscall: 'connect',
    address: '127.0.0.1',
    port: 9090
  }
]
[2025-07-16T07:00:50.381Z] error: <httpProxy> Error calling http://127.0.0.1:9090/api/v1/query...
[2025-07-16T07:00:50.381Z] error: <httpProxy> [
  500,
  Error: connect ECONNREFUSED 127.0.0.1:9090
      at <unknown> (Error: connect ECONNREFUSED 127.0.0.1:9090) {
    errno: -111,
    code: 'ECONNREFUSED',
    syscall: 'connect',
    address: '127.0.0.1',
    port: 9090
  }
]
[2025-07-16T07:00:50.385Z] error: <httpProxy> Error calling http://127.0.0.1:9090/api/v1/query...
[2025-07-16T07:00:50.385Z] error: <httpProxy> [
  500,
  Error: connect ECONNREFUSED 127.0.0.1:9090
      at <unknown> (Error: connect ECONNREFUSED 127.0.0.1:9090) {
    errno: -111,
    code: 'ECONNREFUSED',
    syscall: 'connect',
    address: '127.0.0.1',
    port: 9090
  }
]
[2025-07-16T07:00:50.398Z] error: <httpProxy> Error calling http://127.0.0.1:9090/api/v1/query...
[2025-07-16T07:00:50.398Z] error: <httpProxy> [
  500,
  Error: connect ECONNREFUSED 127.0.0.1:9090
      at <unknown> (Error: connect ECONNREFUSED 127.0.0.1:9090) {
    errno: -111,
    code: 'ECONNREFUSED',
    syscall: 'connect',
    address: '127.0.0.1',
    port: 9090
  }
]
[2025-07-16T07:00:50.399Z] error: <httpProxy> Error calling http://127.0.0.1:9090/api/v1/query...
[2025-07-16T07:00:50.400Z] error: <httpProxy> [
  500,
  Error: connect ECONNREFUSED 127.0.0.1:9090
      at <unknown> (Error: connect ECONNREFUSED 127.0.0.1:9090) {
    errno: -111,
    code: 'ECONNREFUSED',
    syscall: 'connect',
    address: '127.0.0.1',
    port: 9090
  }
]
[2025-07-16T07:00:50.400Z] error: <httpProxy> Error calling http://127.0.0.1:9090/api/v1/query...
[2025-07-16T07:00:50.400Z] error: <httpProxy> [
  500,
  Error: connect ECONNREFUSED 127.0.0.1:9090
      at <unknown> (Error: connect ECONNREFUSED 127.0.0.1:9090) {
    errno: -111,
    code: 'ECONNREFUSED',
    syscall: 'connect',
    address: '127.0.0.1',
    port: 9090
  }
]
[2025-07-16T07:01:05.354Z] error: <httpProxy> Error calling http://127.0.0.1:9090/api/v1/query...
[2025-07-16T07:01:05.354Z] error: <httpProxy> [
  500,
  Error: connect ECONNREFUSED 127.0.0.1:9090
      at <unknown> (Error: connect ECONNREFUSED 127.0.0.1:9090) {
    errno: -111,
    code: 'ECONNREFUSED',
    syscall: 'connect',
    address: '127.0.0.1',
    port: 9090
  }
]
[2025-07-16T07:01:05.354Z] error: <httpProxy> Error calling http://127.0.0.1:9090/api/v1/query...
[2025-07-16T07:01:05.355Z] error: <httpProxy> [
  500,
  Error: connect ECONNREFUSED 127.0.0.1:9090
      at <unknown> (Error: connect ECONNREFUSED 127.0.0.1:9090) {
    errno: -111,
    code: 'ECONNREFUSED',
    syscall: 'connect',
    address: '127.0.0.1',
    port: 9090
  }
]
[2025-07-16T07:01:05.357Z] error: <httpProxy> Error calling http://127.0.0.1:9090/api/v1/query...
[2025-07-16T07:01:05.357Z] error: <httpProxy> [
  500,
  Error: connect ECONNREFUSED 127.0.0.1:9090
      at <unknown> (Error: connect ECONNREFUSED 127.0.0.1:9090) {
    errno: -111,
    code: 'ECONNREFUSED',
    syscall: 'connect',
    address: '127.0.0.1',
    port: 9090
  }
]
[2025-07-16T07:01:05.364Z] error: <httpProxy> Error calling http://127.0.0.1:9090/api/v1/query...
[2025-07-16T07:01:05.364Z] error: <httpProxy> [
  500,
  Error: connect ECONNREFUSED 127.0.0.1:9090
      at <unknown> (Error: connect ECONNREFUSED 127.0.0.1:9090) {
    errno: -111,
    code: 'ECONNREFUSED',
    syscall: 'connect',
    address: '127.0.0.1',
    port: 9090
  }
]
[2025-07-16T07:01:05.372Z] error: <httpProxy> Error calling http://127.0.0.1:9090/api/v1/query...
[2025-07-16T07:01:05.372Z] error: <httpProxy> [
  500,
  Error: connect ECONNREFUSED 127.0.0.1:9090
      at <unknown> (Error: connect ECONNREFUSED 127.0.0.1:9090) {
    errno: -111,
    code: 'ECONNREFUSED',
    syscall: 'connect',
    address: '127.0.0.1',
    port: 9090
  }
]
[2025-07-16T07:01:05.381Z] error: <httpProxy> Error calling http://127.0.0.1:9090/api/v1/query...
[2025-07-16T07:01:05.381Z] error: <httpProxy> [
  500,
  Error: connect ECONNREFUSED 127.0.0.1:9090
      at <unknown> (Error: connect ECONNREFUSED 127.0.0.1:9090) {
    errno: -111,
    code: 'ECONNREFUSED',
    syscall: 'connect',
    address: '127.0.0.1',
    port: 9090
  }
]
[2025-07-16T07:01:05.382Z] error: <httpProxy> Error calling http://127.0.0.1:9090/api/v1/query...
[2025-07-16T07:01:05.382Z] error: <httpProxy> [
  500,
  Error: connect ECONNREFUSED 127.0.0.1:9090
      at <unknown> (Error: connect ECONNREFUSED 127.0.0.1:9090) {
    errno: -111,
    code: 'ECONNREFUSED',
    syscall: 'connect',
    address: '127.0.0.1',
    port: 9090
  }
]
[2025-07-16T07:01:05.394Z] error: <httpProxy> Error calling http://127.0.0.1:9090/api/v1/query...
[2025-07-16T07:01:05.394Z] error: <httpProxy> [
  500,
  Error: connect ECONNREFUSED 127.0.0.1:9090
      at <unknown> (Error: connect ECONNREFUSED 127.0.0.1:9090) {
    errno: -111,
    code: 'ECONNREFUSED',
    syscall: 'connect',
    address: '127.0.0.1',
    port: 9090
  }
]
[2025-07-16T07:01:05.395Z] error: <httpProxy> Error calling http://127.0.0.1:9090/api/v1/query...
[2025-07-16T07:01:05.395Z] error: <httpProxy> [
  500,
  Error: connect ECONNREFUSED 127.0.0.1:9090
      at <unknown> (Error: connect ECONNREFUSED 127.0.0.1:9090) {
    errno: -111,
    code: 'ECONNREFUSED',
    syscall: 'connect',
    address: '127.0.0.1',
    port: 9090
  }
]
[2025-07-16T07:01:05.395Z] error: <httpProxy> Error calling http://127.0.0.1:9090/api/v1/query...
[2025-07-16T07:01:05.395Z] error: <httpProxy> [
  500,
  Error: connect ECONNREFUSED 127.0.0.1:9090
      at <unknown> (Error: connect ECONNREFUSED 127.0.0.1:9090) {
    errno: -111,
    code: 'ECONNREFUSED',
    syscall: 'connect',
    address: '127.0.0.1',
    port: 9090
  }
]
[2025-07-16T07:01:05.396Z] error: <httpProxy> Error calling http://127.0.0.1:9090/api/v1/query...
[2025-07-16T07:01:05.396Z] error: <httpProxy> [
  500,
  Error: connect ECONNREFUSED 127.0.0.1:9090
      at <unknown> (Error: connect ECONNREFUSED 127.0.0.1:9090) {
    errno: -111,
    code: 'ECONNREFUSED',
    syscall: 'connect',
    address: '127.0.0.1',
    port: 9090
  }
]
[2025-07-16T07:01:05.414Z] error: <httpProxy> Error calling http://127.0.0.1:9090/api/v1/query...
[2025-07-16T07:01:05.414Z] error: <httpProxy> [
  500,
  Error: connect ECONNREFUSED 127.0.0.1:9090
      at <unknown> (Error: connect ECONNREFUSED 127.0.0.1:9090) {
    errno: -111,
    code: 'ECONNREFUSED',
    syscall: 'connect',
    address: '127.0.0.1',
    port: 9090
  }
]
[2025-07-16T07:01:05.414Z] error: <httpProxy> Error calling http://127.0.0.1:9090/api/v1/query...
[2025-07-16T07:01:05.414Z] error: <httpProxy> [
  500,
  Error: connect ECONNREFUSED 127.0.0.1:9090
      at <unknown> (Error: connect ECONNREFUSED 127.0.0.1:9090) {
    errno: -111,
    code: 'ECONNREFUSED',
    syscall: 'connect',
    address: '127.0.0.1',
    port: 9090
  }
]
[2025-07-16T07:01:05.415Z] error: <httpProxy> Error calling http://127.0.0.1:9090/api/v1/query...
[2025-07-16T07:01:05.415Z] error: <httpProxy> [
  500,
  Error: connect ECONNREFUSED 127.0.0.1:9090
      at <unknown> (Error: connect ECONNREFUSED 127.0.0.1:9090) {
    errno: -111,
    code: 'ECONNREFUSED',
    syscall: 'connect',
    address: '127.0.0.1',
    port: 9090
  }
]
[2025-07-16T07:01:09.881Z] error: <httpProxy> Error calling http://127.0.0.1:9090/api/v1/query...
[2025-07-16T07:01:09.882Z] error: <httpProxy> [
  500,
  Error: connect ECONNREFUSED 127.0.0.1:9090
      at <unknown> (Error: connect ECONNREFUSED 127.0.0.1:9090) {
    errno: -111,
    code: 'ECONNREFUSED',
    syscall: 'connect',
    address: '127.0.0.1',
    port: 9090
  }
]
[2025-07-16T07:01:09.884Z] error: <httpProxy> Error calling http://127.0.0.1:9090/api/v1/query...
[2025-07-16T07:01:09.884Z] error: <httpProxy> [
  500,
  Error: connect ECONNREFUSED 127.0.0.1:9090
      at <unknown> (Error: connect ECONNREFUSED 127.0.0.1:9090) {
    errno: -111,
    code: 'ECONNREFUSED',
    syscall: 'connect',
    address: '127.0.0.1',
    port: 9090
  }
]
[2025-07-16T07:01:09.886Z] error: <httpProxy> Error calling http://127.0.0.1:9090/api/v1/query...
[2025-07-16T07:01:09.886Z] error: <httpProxy> [
  500,
  Error: connect ECONNREFUSED 127.0.0.1:9090
      at <unknown> (Error: connect ECONNREFUSED 127.0.0.1:9090) {
    errno: -111,
    code: 'ECONNREFUSED',
    syscall: 'connect',
    address: '127.0.0.1',
    port: 9090
  }
]
[2025-07-16T07:01:09.887Z] error: <httpProxy> Error calling http://127.0.0.1:9090/api/v1/query...
[2025-07-16T07:01:09.888Z] error: <httpProxy> [
  500,
  Error: connect ECONNREFUSED 127.0.0.1:9090
      at <unknown> (Error: connect ECONNREFUSED 127.0.0.1:9090) {
    errno: -111,
    code: 'ECONNREFUSED',
    syscall: 'connect',
    address: '127.0.0.1',
    port: 9090
  }
]
[2025-07-16T07:01:09.889Z] error: <httpProxy> Error calling http://127.0.0.1:9090/api/v1/query...
[2025-07-16T07:01:09.889Z] error: <httpProxy> [
  500,
  Error: connect ECONNREFUSED 127.0.0.1:9090
      at <unknown> (Error: connect ECONNREFUSED 127.0.0.1:9090) {
    errno: -111,
    code: 'ECONNREFUSED',
    syscall: 'connect',
    address: '127.0.0.1',
    port: 9090
  }
]
[2025-07-16T07:01:09.891Z] error: <httpProxy> Error calling http://127.0.0.1:9090/api/v1/query...
[2025-07-16T07:01:09.891Z] error: <httpProxy> [
  500,
  Error: connect ECONNREFUSED 127.0.0.1:9090
      at <unknown> (Error: connect ECONNREFUSED 127.0.0.1:9090) {
    errno: -111,
    code: 'ECONNREFUSED',
    syscall: 'connect',
    address: '127.0.0.1',
    port: 9090
  }
]
[2025-07-16T07:01:09.893Z] error: <httpProxy> Error calling http://127.0.0.1:9090/api/v1/query...
[2025-07-16T07:01:09.893Z] error: <httpProxy> [
  500,
  Error: connect ECONNREFUSED 127.0.0.1:9090
      at <unknown> (Error: connect ECONNREFUSED 127.0.0.1:9090) {
    errno: -111,
    code: 'ECONNREFUSED',
    syscall: 'connect',
    address: '127.0.0.1',
    port: 9090
  }
]
[2025-07-16T07:01:09.895Z] error: <httpProxy> Error calling http://127.0.0.1:9090/api/v1/query...
[2025-07-16T07:01:09.895Z] error: <httpProxy> [
  500,
  Error: connect ECONNREFUSED 127.0.0.1:9090
      at <unknown> (Error: connect ECONNREFUSED 127.0.0.1:9090) {
    errno: -111,
    code: 'ECONNREFUSED',
    syscall: 'connect',
    address: '127.0.0.1',
    port: 9090
  }
]
[2025-07-16T07:01:09.897Z] error: <httpProxy> Error calling http://127.0.0.1:9090/api/v1/query...
[2025-07-16T07:01:09.897Z] error: <httpProxy> [
  500,
  Error: connect ECONNREFUSED 127.0.0.1:9090
      at <unknown> (Error: connect ECONNREFUSED 127.0.0.1:9090) {
    errno: -111,
    code: 'ECONNREFUSED',
    syscall: 'connect',
    address: '127.0.0.1',
    port: 9090
  }
]
[2025-07-16T07:01:09.898Z] error: <httpProxy> Error calling http://127.0.0.1:9090/api/v1/query...
[2025-07-16T07:01:09.898Z] error: <httpProxy> [
  500,
  Error: connect ECONNREFUSED 127.0.0.1:9090
      at <unknown> (Error: connect ECONNREFUSED 127.0.0.1:9090) {
    errno: -111,
    code: 'ECONNREFUSED',
    syscall: 'connect',
    address: '127.0.0.1',
    port: 9090
  }
]
[2025-07-16T07:01:09.901Z] error: <httpProxy> Error calling http://127.0.0.1:9090/api/v1/query...
[2025-07-16T07:01:09.901Z] error: <httpProxy> [
  500,
  Error: connect ECONNREFUSED 127.0.0.1:9090
      at <unknown> (Error: connect ECONNREFUSED 127.0.0.1:9090) {
    errno: -111,
    code: 'ECONNREFUSED',
    syscall: 'connect',
    address: '127.0.0.1',
    port: 9090
  }
]
[2025-07-16T07:01:09.904Z] error: <httpProxy> Error calling http://127.0.0.1:9090/api/v1/query...
[2025-07-16T07:01:09.904Z] error: <httpProxy> [
  500,
  Error: connect ECONNREFUSED 127.0.0.1:9090
      at <unknown> (Error: connect ECONNREFUSED 127.0.0.1:9090) {
    errno: -111,
    code: 'ECONNREFUSED',
    syscall: 'connect',
    address: '127.0.0.1',
    port: 9090
  }
]
[2025-07-16T07:01:09.907Z] error: <httpProxy> Error calling http://127.0.0.1:9090/api/v1/query...
[2025-07-16T07:01:09.907Z] error: <httpProxy> [
  500,
  Error: connect ECONNREFUSED 127.0.0.1:9090
      at <unknown> (Error: connect ECONNREFUSED 127.0.0.1:9090) {
    errno: -111,
    code: 'ECONNREFUSED',
    syscall: 'connect',
    address: '127.0.0.1',
    port: 9090
  }
]
[2025-07-16T07:01:09.910Z] error: <httpProxy> Error calling http://127.0.0.1:9090/api/v1/query...
[2025-07-16T07:01:09.910Z] error: <httpProxy> [
  500,
  Error: connect ECONNREFUSED 127.0.0.1:9090
      at <unknown> (Error: connect ECONNREFUSED 127.0.0.1:9090) {
    errno: -111,
    code: 'ECONNREFUSED',
    syscall: 'connect',
    address: '127.0.0.1',
    port: 9090
  }
]
[2025-07-16T07:02:41.871Z] error: <httpProxy> Error calling http://127.0.0.1:9090/api/v1/query...
[2025-07-16T07:02:41.873Z] error: <httpProxy> [
  500,
  Error: connect ECONNREFUSED 127.0.0.1:9090
      at <unknown> (Error: connect ECONNREFUSED 127.0.0.1:9090) {
    errno: -111,
    code: 'ECONNREFUSED',
    syscall: 'connect',
    address: '127.0.0.1',
    port: 9090
  }
]
[2025-07-16T07:02:41.877Z] error: <httpProxy> Error calling http://127.0.0.1:9090/api/v1/query...
[2025-07-16T07:02:41.877Z] error: <httpProxy> [
  500,
  Error: connect ECONNREFUSED 127.0.0.1:9090
      at <unknown> (Error: connect ECONNREFUSED 127.0.0.1:9090) {
    errno: -111,
    code: 'ECONNREFUSED',
    syscall: 'connect',
    address: '127.0.0.1',
    port: 9090
  }
]
[2025-07-16T07:02:41.883Z] error: <httpProxy> Error calling http://127.0.0.1:9090/api/v1/query...
[2025-07-16T07:02:41.883Z] error: <httpProxy> [
  500,
  Error: connect ECONNREFUSED 127.0.0.1:9090
      at <unknown> (Error: connect ECONNREFUSED 127.0.0.1:9090) {
    errno: -111,
    code: 'ECONNREFUSED',
    syscall: 'connect',
    address: '127.0.0.1',
    port: 9090
  }
]
[2025-07-16T07:02:41.887Z] error: <httpProxy> Error calling http://127.0.0.1:9090/api/v1/query...
[2025-07-16T07:02:41.888Z] error: <httpProxy> [
  500,
  Error: connect ECONNREFUSED 127.0.0.1:9090
      at <unknown> (Error: connect ECONNREFUSED 127.0.0.1:9090) {
    errno: -111,
    code: 'ECONNREFUSED',
    syscall: 'connect',
    address: '127.0.0.1',
    port: 9090
  }
]
[2025-07-16T07:02:41.891Z] error: <httpProxy> Error calling http://127.0.0.1:9090/api/v1/query...
[2025-07-16T07:02:41.891Z] error: <httpProxy> [
  500,
  Error: connect ECONNREFUSED 127.0.0.1:9090
      at <unknown> (Error: connect ECONNREFUSED 127.0.0.1:9090) {
    errno: -111,
    code: 'ECONNREFUSED',
    syscall: 'connect',
    address: '127.0.0.1',
    port: 9090
  }
]
[2025-07-16T07:02:41.894Z] error: <httpProxy> Error calling http://127.0.0.1:9090/api/v1/query...
[2025-07-16T07:02:41.894Z] error: <httpProxy> [
  500,
  Error: connect ECONNREFUSED 127.0.0.1:9090
      at <unknown> (Error: connect ECONNREFUSED 127.0.0.1:9090) {
    errno: -111,
    code: 'ECONNREFUSED',
    syscall: 'connect',
    address: '127.0.0.1',
    port: 9090
  }
]
[2025-07-16T07:02:41.897Z] error: <httpProxy> Error calling http://127.0.0.1:9090/api/v1/query...
[2025-07-16T07:02:41.897Z] error: <httpProxy> [
  500,
  Error: connect ECONNREFUSED 127.0.0.1:9090
      at <unknown> (Error: connect ECONNREFUSED 127.0.0.1:9090) {
    errno: -111,
    code: 'ECONNREFUSED',
    syscall: 'connect',
    address: '127.0.0.1',
    port: 9090
  }
]
[2025-07-16T07:02:41.902Z] error: <httpProxy> Error calling http://127.0.0.1:9090/api/v1/query...
[2025-07-16T07:02:41.902Z] error: <httpProxy> [
  500,
  Error: connect ECONNREFUSED 127.0.0.1:9090
      at <unknown> (Error: connect ECONNREFUSED 127.0.0.1:9090) {
    errno: -111,
    code: 'ECONNREFUSED',
    syscall: 'connect',
    address: '127.0.0.1',
    port: 9090
  }
]
[2025-07-16T07:02:41.906Z] error: <httpProxy> Error calling http://127.0.0.1:9090/api/v1/query...
[2025-07-16T07:02:41.906Z] error: <httpProxy> [
  500,
  Error: connect ECONNREFUSED 127.0.0.1:9090
      at <unknown> (Error: connect ECONNREFUSED 127.0.0.1:9090) {
    errno: -111,
    code: 'ECONNREFUSED',
    syscall: 'connect',
    address: '127.0.0.1',
    port: 9090
  }
]
[2025-07-16T07:02:41.909Z] error: <httpProxy> Error calling http://127.0.0.1:9090/api/v1/query...
[2025-07-16T07:02:41.910Z] error: <httpProxy> [
  500,
  Error: connect ECONNREFUSED 127.0.0.1:9090
      at <unknown> (Error: connect ECONNREFUSED 127.0.0.1:9090) {
    errno: -111,
    code: 'ECONNREFUSED',
    syscall: 'connect',
    address: '127.0.0.1',
    port: 9090
  }
]
[2025-07-16T07:02:41.914Z] error: <httpProxy> Error calling http://127.0.0.1:9090/api/v1/query...
[2025-07-16T07:02:41.914Z] error: <httpProxy> [
  500,
  Error: connect ECONNREFUSED 127.0.0.1:9090
      at <unknown> (Error: connect ECONNREFUSED 127.0.0.1:9090) {
    errno: -111,
    code: 'ECONNREFUSED',
    syscall: 'connect',
    address: '127.0.0.1',
    port: 9090
  }
]
[2025-07-16T07:02:41.918Z] error: <httpProxy> Error calling http://127.0.0.1:9090/api/v1/query...
[2025-07-16T07:02:41.918Z] error: <httpProxy> [
  500,
  Error: connect ECONNREFUSED 127.0.0.1:9090
      at <unknown> (Error: connect ECONNREFUSED 127.0.0.1:9090) {
    errno: -111,
    code: 'ECONNREFUSED',
    syscall: 'connect',
    address: '127.0.0.1',
    port: 9090
  }
]
[2025-07-16T07:02:42.377Z] error: <httpProxy> Error calling http://127.0.0.1:9090/api/v1/query...
[2025-07-16T07:02:42.378Z] error: <httpProxy> [
  500,
  Error: connect ECONNREFUSED 127.0.0.1:9090
      at <unknown> (Error: connect ECONNREFUSED 127.0.0.1:9090) {
    errno: -111,
    code: 'ECONNREFUSED',
    syscall: 'connect',
    address: '127.0.0.1',
    port: 9090
  }
]
[2025-07-16T07:02:42.380Z] error: <httpProxy> Error calling http://127.0.0.1:9090/api/v1/query...
[2025-07-16T07:02:42.380Z] error: <httpProxy> [
  500,
  Error: connect ECONNREFUSED 127.0.0.1:9090
      at <unknown> (Error: connect ECONNREFUSED 127.0.0.1:9090) {
    errno: -111,
    code: 'ECONNREFUSED',
    syscall: 'connect',
    address: '127.0.0.1',
    port: 9090
  }
]
[2025-07-16T07:02:42.564Z] error: <httpProxy> Error calling http://127.0.0.1:9090/api/v1/query...
[2025-07-16T07:02:42.564Z] error: <httpProxy> [
  500,
  Error: connect ECONNREFUSED 127.0.0.1:9090
      at <unknown> (Error: connect ECONNREFUSED 127.0.0.1:9090) {
    errno: -111,
    code: 'ECONNREFUSED',
    syscall: 'connect',
    address: '127.0.0.1',
    port: 9090
  }
]
[2025-07-16T07:02:42.566Z] error: <httpProxy> Error calling http://127.0.0.1:9090/api/v1/query...
[2025-07-16T07:02:42.567Z] error: <httpProxy> [
  500,
  Error: connect ECONNREFUSED 127.0.0.1:9090
      at <unknown> (Error: connect ECONNREFUSED 127.0.0.1:9090) {
    errno: -111,
    code: 'ECONNREFUSED',
    syscall: 'connect',
    address: '127.0.0.1',
    port: 9090
  }
]
[2025-07-16T07:02:42.569Z] error: <httpProxy> Error calling http://127.0.0.1:9090/api/v1/query...
[2025-07-16T07:02:42.569Z] error: <httpProxy> [
  500,
  Error: connect ECONNREFUSED 127.0.0.1:9090
      at <unknown> (Error: connect ECONNREFUSED 127.0.0.1:9090) {
    errno: -111,
    code: 'ECONNREFUSED',
    syscall: 'connect',
    address: '127.0.0.1',
    port: 9090
  }
]
[2025-07-16T07:02:42.572Z] error: <httpProxy> Error calling http://127.0.0.1:9090/api/v1/query...
[2025-07-16T07:02:42.572Z] error: <httpProxy> [
  500,
  Error: connect ECONNREFUSED 127.0.0.1:9090
      at <unknown> (Error: connect ECONNREFUSED 127.0.0.1:9090) {
    errno: -111,
    code: 'ECONNREFUSED',
    syscall: 'connect',
    address: '127.0.0.1',
    port: 9090
  }
]
[2025-07-16T07:02:42.574Z] error: <httpProxy> Error calling http://127.0.0.1:9090/api/v1/query...
[2025-07-16T07:02:42.574Z] error: <httpProxy> [
  500,
  Error: connect ECONNREFUSED 127.0.0.1:9090
      at <unknown> (Error: connect ECONNREFUSED 127.0.0.1:9090) {
    errno: -111,
    code: 'ECONNREFUSED',
    syscall: 'connect',
    address: '127.0.0.1',
    port: 9090
  }
]
[2025-07-16T07:02:42.578Z] error: <httpProxy> Error calling http://127.0.0.1:9090/api/v1/query...
[2025-07-16T07:02:42.578Z] error: <httpProxy> [
  500,
  Error: connect ECONNREFUSED 127.0.0.1:9090
      at <unknown> (Error: connect ECONNREFUSED 127.0.0.1:9090) {
    errno: -111,
    code: 'ECONNREFUSED',
    syscall: 'connect',
    address: '127.0.0.1',
    port: 9090
  }
]
[2025-07-16T07:02:42.580Z] error: <httpProxy> Error calling http://127.0.0.1:9090/api/v1/query...
[2025-07-16T07:02:42.580Z] error: <httpProxy> [
  500,
  Error: connect ECONNREFUSED 127.0.0.1:9090
      at <unknown> (Error: connect ECONNREFUSED 127.0.0.1:9090) {
    errno: -111,
    code: 'ECONNREFUSED',
    syscall: 'connect',
    address: '127.0.0.1',
    port: 9090
  }
]
[2025-07-16T07:02:42.583Z] error: <httpProxy> Error calling http://127.0.0.1:9090/api/v1/query...
[2025-07-16T07:02:42.583Z] error: <httpProxy> [
  500,
  Error: connect ECONNREFUSED 127.0.0.1:9090
      at <unknown> (Error: connect ECONNREFUSED 127.0.0.1:9090) {
    errno: -111,
    code: 'ECONNREFUSED',
    syscall: 'connect',
    address: '127.0.0.1',
    port: 9090
  }
]
[2025-07-16T07:02:42.585Z] error: <httpProxy> Error calling http://127.0.0.1:9090/api/v1/query...
[2025-07-16T07:02:42.585Z] error: <httpProxy> [
  500,
  Error: connect ECONNREFUSED 127.0.0.1:9090
      at <unknown> (Error: connect ECONNREFUSED 127.0.0.1:9090) {
    errno: -111,
    code: 'ECONNREFUSED',
    syscall: 'connect',
    address: '127.0.0.1',
    port: 9090
  }
]
[2025-07-16T07:02:42.589Z] error: <httpProxy> Error calling http://127.0.0.1:9090/api/v1/query...
[2025-07-16T07:02:42.589Z] error: <httpProxy> [
  500,
  Error: connect ECONNREFUSED 127.0.0.1:9090
      at <unknown> (Error: connect ECONNREFUSED 127.0.0.1:9090) {
    errno: -111,
    code: 'ECONNREFUSED',
    syscall: 'connect',
    address: '127.0.0.1',
    port: 9090
  }
]
[2025-07-16T07:02:42.591Z] error: <httpProxy> Error calling http://127.0.0.1:9090/api/v1/query...
[2025-07-16T07:02:42.591Z] error: <httpProxy> [
  500,
  Error: connect ECONNREFUSED 127.0.0.1:9090
      at <unknown> (Error: connect ECONNREFUSED 127.0.0.1:9090) {
    errno: -111,
    code: 'ECONNREFUSED',
    syscall: 'connect',
    address: '127.0.0.1',
    port: 9090
  }
]
[2025-07-16T07:02:42.593Z] error: <httpProxy> Error calling http://127.0.0.1:9090/api/v1/query...
[2025-07-16T07:02:42.593Z] error: <httpProxy> [
  500,
  Error: connect ECONNREFUSED 127.0.0.1:9090
      at <unknown> (Error: connect ECONNREFUSED 127.0.0.1:9090) {
    errno: -111,
    code: 'ECONNREFUSED',
    syscall: 'connect',
    address: '127.0.0.1',
    port: 9090
  }
]
[2025-07-16T07:02:42.596Z] error: <httpProxy> Error calling http://127.0.0.1:9090/api/v1/query...
[2025-07-16T07:02:42.596Z] error: <httpProxy> [
  500,
  Error: connect ECONNREFUSED 127.0.0.1:9090
      at <unknown> (Error: connect ECONNREFUSED 127.0.0.1:9090) {
    errno: -111,
    code: 'ECONNREFUSED',
    syscall: 'connect',
    address: '127.0.0.1',
    port: 9090
  }
]
[2025-07-16T07:02:42.598Z] error: <httpProxy> Error calling http://127.0.0.1:9090/api/v1/query...
[2025-07-16T07:02:42.598Z] error: <httpProxy> [
  500,
  Error: connect ECONNREFUSED 127.0.0.1:9090
      at <unknown> (Error: connect ECONNREFUSED 127.0.0.1:9090) {
    errno: -111,
    code: 'ECONNREFUSED',
    syscall: 'connect',
    address: '127.0.0.1',
    port: 9090
  }
]
[2025-07-16T07:02:48.571Z] error: <httpProxy> Error calling http://127.0.0.1:9090/api/v1/query...
[2025-07-16T07:02:48.571Z] error: <httpProxy> [
  500,
  Error: connect ECONNREFUSED 127.0.0.1:9090
      at <unknown> (Error: connect ECONNREFUSED 127.0.0.1:9090) {
    errno: -111,
    code: 'ECONNREFUSED',
    syscall: 'connect',
    address: '127.0.0.1',
    port: 9090
  }
]
[2025-07-16T07:02:48.572Z] error: <httpProxy> Error calling http://127.0.0.1:9090/api/v1/query...
[2025-07-16T07:02:48.572Z] error: <httpProxy> [
  500,
  Error: connect ECONNREFUSED 127.0.0.1:9090
      at <unknown> (Error: connect ECONNREFUSED 127.0.0.1:9090) {
    errno: -111,
    code: 'ECONNREFUSED',
    syscall: 'connect',
    address: '127.0.0.1',
    port: 9090
  }
]
[2025-07-16T07:02:48.572Z] error: <httpProxy> Error calling http://127.0.0.1:9090/api/v1/query...
[2025-07-16T07:02:48.572Z] error: <httpProxy> [
  500,
  Error: connect ECONNREFUSED 127.0.0.1:9090
      at <unknown> (Error: connect ECONNREFUSED 127.0.0.1:9090) {
    errno: -111,
    code: 'ECONNREFUSED',
    syscall: 'connect',
    address: '127.0.0.1',
    port: 9090
  }
]
[2025-07-16T07:02:48.577Z] error: <httpProxy> Error calling http://127.0.0.1:9090/api/v1/query...
[2025-07-16T07:02:48.577Z] error: <httpProxy> [
  500,
  Error: connect ECONNREFUSED 127.0.0.1:9090
      at <unknown> (Error: connect ECONNREFUSED 127.0.0.1:9090) {
    errno: -111,
    code: 'ECONNREFUSED',
    syscall: 'connect',
    address: '127.0.0.1',
    port: 9090
  }
]
[2025-07-16T07:02:48.581Z] error: <httpProxy> Error calling http://127.0.0.1:9090/api/v1/query...
[2025-07-16T07:02:48.582Z] error: <httpProxy> [
  500,
  Error: connect ECONNREFUSED 127.0.0.1:9090
      at <unknown> (Error: connect ECONNREFUSED 127.0.0.1:9090) {
    errno: -111,
    code: 'ECONNREFUSED',
    syscall: 'connect',
    address: '127.0.0.1',
    port: 9090
  }
]
[2025-07-16T07:02:48.587Z] error: <httpProxy> Error calling http://127.0.0.1:9090/api/v1/query...
[2025-07-16T07:02:48.587Z] error: <httpProxy> [
  500,
  Error: connect ECONNREFUSED 127.0.0.1:9090
      at <unknown> (Error: connect ECONNREFUSED 127.0.0.1:9090) {
    errno: -111,
    code: 'ECONNREFUSED',
    syscall: 'connect',
    address: '127.0.0.1',
    port: 9090
  }
]
[2025-07-16T07:02:48.590Z] error: <httpProxy> Error calling http://127.0.0.1:9090/api/v1/query...
[2025-07-16T07:02:48.590Z] error: <httpProxy> [
  500,
  Error: connect ECONNREFUSED 127.0.0.1:9090
      at <unknown> (Error: connect ECONNREFUSED 127.0.0.1:9090) {
    errno: -111,
    code: 'ECONNREFUSED',
    syscall: 'connect',
    address: '127.0.0.1',
    port: 9090
  }
]
[2025-07-16T07:02:48.595Z] error: <httpProxy> Error calling http://127.0.0.1:9090/api/v1/query...
[2025-07-16T07:02:48.595Z] error: <httpProxy> [
  500,
  Error: connect ECONNREFUSED 127.0.0.1:9090
      at <unknown> (Error: connect ECONNREFUSED 127.0.0.1:9090) {
    errno: -111,
    code: 'ECONNREFUSED',
    syscall: 'connect',
    address: '127.0.0.1',
    port: 9090
  }
]
[2025-07-16T07:02:48.599Z] error: <httpProxy> Error calling http://127.0.0.1:9090/api/v1/query...
[2025-07-16T07:02:48.600Z] error: <httpProxy> [
  500,
  Error: connect ECONNREFUSED 127.0.0.1:9090
      at <unknown> (Error: connect ECONNREFUSED 127.0.0.1:9090) {
    errno: -111,
    code: 'ECONNREFUSED',
    syscall: 'connect',
    address: '127.0.0.1',
    port: 9090
  }
]
[2025-07-16T07:02:48.603Z] error: <httpProxy> Error calling http://127.0.0.1:9090/api/v1/query...
[2025-07-16T07:02:48.604Z] error: <httpProxy> [
  500,
  Error: connect ECONNREFUSED 127.0.0.1:9090
      at <unknown> (Error: connect ECONNREFUSED 127.0.0.1:9090) {
    errno: -111,
    code: 'ECONNREFUSED',
    syscall: 'connect',
    address: '127.0.0.1',
    port: 9090
  }
]
[2025-07-16T07:02:48.607Z] error: <httpProxy> Error calling http://127.0.0.1:9090/api/v1/query...
[2025-07-16T07:02:48.607Z] error: <httpProxy> [
  500,
  Error: connect ECONNREFUSED 127.0.0.1:9090
      at <unknown> (Error: connect ECONNREFUSED 127.0.0.1:9090) {
    errno: -111,
    code: 'ECONNREFUSED',
    syscall: 'connect',
    address: '127.0.0.1',
    port: 9090
  }
]
[2025-07-16T07:02:48.609Z] error: <httpProxy> Error calling http://127.0.0.1:9090/api/v1/query...
[2025-07-16T07:02:48.609Z] error: <httpProxy> [
  500,
  Error: connect ECONNREFUSED 127.0.0.1:9090
      at <unknown> (Error: connect ECONNREFUSED 127.0.0.1:9090) {
    errno: -111,
    code: 'ECONNREFUSED',
    syscall: 'connect',
    address: '127.0.0.1',
    port: 9090
  }
]
[2025-07-16T07:02:48.611Z] error: <httpProxy> Error calling http://127.0.0.1:9090/api/v1/query...
[2025-07-16T07:02:48.612Z] error: <httpProxy> [
  500,
  Error: connect ECONNREFUSED 127.0.0.1:9090
      at <unknown> (Error: connect ECONNREFUSED 127.0.0.1:9090) {
    errno: -111,
    code: 'ECONNREFUSED',
    syscall: 'connect',
    address: '127.0.0.1',
    port: 9090
  }
]
[2025-07-16T07:02:48.613Z] error: <httpProxy> Error calling http://127.0.0.1:9090/api/v1/query...
[2025-07-16T07:02:48.614Z] error: <httpProxy> [
  500,
  Error: connect ECONNREFUSED 127.0.0.1:9090
      at <unknown> (Error: connect ECONNREFUSED 127.0.0.1:9090) {
    errno: -111,
    code: 'ECONNREFUSED',
    syscall: 'connect',
    address: '127.0.0.1',
    port: 9090
  }
]
[2025-07-16T07:03:31.614Z] error: <httpProxy> Error calling http://127.0.0.1:9090/api/v1/query...
[2025-07-16T07:03:31.615Z] error: <httpProxy> [
  500,
  Error: connect ECONNREFUSED 127.0.0.1:9090
      at <unknown> (Error: connect ECONNREFUSED 127.0.0.1:9090) {
    errno: -111,
    code: 'ECONNREFUSED',
    syscall: 'connect',
    address: '127.0.0.1',
    port: 9090
  }
]
[2025-07-16T07:03:31.618Z] error: <httpProxy> Error calling http://127.0.0.1:9090/api/v1/query...
[2025-07-16T07:03:31.618Z] error: <httpProxy> [
  500,
  Error: connect ECONNREFUSED 127.0.0.1:9090
      at <unknown> (Error: connect ECONNREFUSED 127.0.0.1:9090) {
    errno: -111,
    code: 'ECONNREFUSED',
    syscall: 'connect',
    address: '127.0.0.1',
    port: 9090
  }
]
[2025-07-16T07:03:31.620Z] error: <httpProxy> Error calling http://127.0.0.1:9090/api/v1/query...
[2025-07-16T07:03:31.620Z] error: <httpProxy> [
  500,
  Error: connect ECONNREFUSED 127.0.0.1:9090
      at <unknown> (Error: connect ECONNREFUSED 127.0.0.1:9090) {
    errno: -111,
    code: 'ECONNREFUSED',
    syscall: 'connect',
    address: '127.0.0.1',
    port: 9090
  }
]
[2025-07-16T07:03:31.623Z] error: <httpProxy> Error calling http://127.0.0.1:9090/api/v1/query...
[2025-07-16T07:03:31.623Z] error: <httpProxy> [
  500,
  Error: connect ECONNREFUSED 127.0.0.1:9090
      at <unknown> (Error: connect ECONNREFUSED 127.0.0.1:9090) {
    errno: -111,
    code: 'ECONNREFUSED',
    syscall: 'connect',
    address: '127.0.0.1',
    port: 9090
  }
]
[2025-07-16T07:03:31.625Z] error: <httpProxy> Error calling http://127.0.0.1:9090/api/v1/query...
[2025-07-16T07:03:31.625Z] error: <httpProxy> [
  500,
  Error: connect ECONNREFUSED 127.0.0.1:9090
      at <unknown> (Error: connect ECONNREFUSED 127.0.0.1:9090) {
    errno: -111,
    code: 'ECONNREFUSED',
    syscall: 'connect',
    address: '127.0.0.1',
    port: 9090
  }
]
[2025-07-16T07:03:31.628Z] error: <httpProxy> Error calling http://127.0.0.1:9090/api/v1/query...
[2025-07-16T07:03:31.628Z] error: <httpProxy> [
  500,
  Error: connect ECONNREFUSED 127.0.0.1:9090
      at <unknown> (Error: connect ECONNREFUSED 127.0.0.1:9090) {
    errno: -111,
    code: 'ECONNREFUSED',
    syscall: 'connect',
    address: '127.0.0.1',
    port: 9090
  }
]
[2025-07-16T07:03:31.631Z] error: <httpProxy> Error calling http://127.0.0.1:9090/api/v1/query...
[2025-07-16T07:03:31.631Z] error: <httpProxy> [
  500,
  Error: connect ECONNREFUSED 127.0.0.1:9090
      at <unknown> (Error: connect ECONNREFUSED 127.0.0.1:9090) {
    errno: -111,
    code: 'ECONNREFUSED',
    syscall: 'connect',
    address: '127.0.0.1',
    port: 9090
  }
]
[2025-07-16T07:03:31.637Z] error: <httpProxy> Error calling http://127.0.0.1:9090/api/v1/query...
[2025-07-16T07:03:31.637Z] error: <httpProxy> [
  500,
  Error: connect ECONNREFUSED 127.0.0.1:9090
      at <unknown> (Error: connect ECONNREFUSED 127.0.0.1:9090) {
    errno: -111,
    code: 'ECONNREFUSED',
    syscall: 'connect',
    address: '127.0.0.1',
    port: 9090
  }
]
[2025-07-16T07:03:31.638Z] error: <httpProxy> Error calling http://127.0.0.1:9090/api/v1/query...
[2025-07-16T07:03:31.638Z] error: <httpProxy> [
  500,
  Error: connect ECONNREFUSED 127.0.0.1:9090
      at <unknown> (Error: connect ECONNREFUSED 127.0.0.1:9090) {
    errno: -111,
    code: 'ECONNREFUSED',
    syscall: 'connect',
    address: '127.0.0.1',
    port: 9090
  }
]
[2025-07-16T07:03:31.641Z] error: <httpProxy> Error calling http://127.0.0.1:9090/api/v1/query...
[2025-07-16T07:03:31.641Z] error: <httpProxy> [
  500,
  Error: connect ECONNREFUSED 127.0.0.1:9090
      at <unknown> (Error: connect ECONNREFUSED 127.0.0.1:9090) {
    errno: -111,
    code: 'ECONNREFUSED',
    syscall: 'connect',
    address: '127.0.0.1',
    port: 9090
  }
]
[2025-07-16T07:03:31.646Z] error: <httpProxy> Error calling http://127.0.0.1:9090/api/v1/query...
[2025-07-16T07:03:31.646Z] error: <httpProxy> [
  500,
  Error: connect ECONNREFUSED 127.0.0.1:9090
      at <unknown> (Error: connect ECONNREFUSED 127.0.0.1:9090) {
    errno: -111,
    code: 'ECONNREFUSED',
    syscall: 'connect',
    address: '127.0.0.1',
    port: 9090
  }
]
[2025-07-16T07:03:31.648Z] error: <httpProxy> Error calling http://127.0.0.1:9090/api/v1/query...
[2025-07-16T07:03:31.648Z] error: <httpProxy> [
  500,
  Error: connect ECONNREFUSED 127.0.0.1:9090
      at <unknown> (Error: connect ECONNREFUSED 127.0.0.1:9090) {
    errno: -111,
    code: 'ECONNREFUSED',
    syscall: 'connect',
    address: '127.0.0.1',
    port: 9090
  }
]
[2025-07-16T07:03:31.650Z] error: <httpProxy> Error calling http://127.0.0.1:9090/api/v1/query...
[2025-07-16T07:03:31.650Z] error: <httpProxy> [
  500,
  Error: connect ECONNREFUSED 127.0.0.1:9090
      at <unknown> (Error: connect ECONNREFUSED 127.0.0.1:9090) {
    errno: -111,
    code: 'ECONNREFUSED',
    syscall: 'connect',
    address: '127.0.0.1',
    port: 9090
  }
]
[2025-07-16T07:03:31.651Z] error: <httpProxy> Error calling http://127.0.0.1:9090/api/v1/query...
[2025-07-16T07:03:31.652Z] error: <httpProxy> [
  500,
  Error: connect ECONNREFUSED 127.0.0.1:9090
      at <unknown> (Error: connect ECONNREFUSED 127.0.0.1:9090) {
    errno: -111,
    code: 'ECONNREFUSED',
    syscall: 'connect',
    address: '127.0.0.1',
    port: 9090
  }
]
[2025-07-16T07:03:44.145Z] error: <httpProxy> Error calling http://127.0.0.1:9090/api/v1/query...
[2025-07-16T07:03:44.145Z] error: <httpProxy> [
  500,
  Error: connect ECONNREFUSED 127.0.0.1:9090
      at <unknown> (Error: connect ECONNREFUSED 127.0.0.1:9090) {
    errno: -111,
    code: 'ECONNREFUSED',
    syscall: 'connect',
    address: '127.0.0.1',
    port: 9090
  }
]
[2025-07-16T07:03:44.146Z] error: <httpProxy> Error calling http://127.0.0.1:9090/api/v1/query...
[2025-07-16T07:03:44.146Z] error: <httpProxy> [
  500,
  Error: connect ECONNREFUSED 127.0.0.1:9090
      at <unknown> (Error: connect ECONNREFUSED 127.0.0.1:9090) {
    errno: -111,
    code: 'ECONNREFUSED',
    syscall: 'connect',
    address: '127.0.0.1',
    port: 9090
  }
]
[2025-07-16T07:03:44.146Z] error: <httpProxy> Error calling http://127.0.0.1:9090/api/v1/query...
[2025-07-16T07:03:44.146Z] error: <httpProxy> [
  500,
  Error: connect ECONNREFUSED 127.0.0.1:9090
      at <unknown> (Error: connect ECONNREFUSED 127.0.0.1:9090) {
    errno: -111,
    code: 'ECONNREFUSED',
    syscall: 'connect',
    address: '127.0.0.1',
    port: 9090
  }
]
[2025-07-16T07:03:44.146Z] error: <httpProxy> Error calling http://127.0.0.1:9090/api/v1/query...
[2025-07-16T07:03:44.146Z] error: <httpProxy> [
  500,
  Error: connect ECONNREFUSED 127.0.0.1:9090
      at <unknown> (Error: connect ECONNREFUSED 127.0.0.1:9090) {
    errno: -111,
    code: 'ECONNREFUSED',
    syscall: 'connect',
    address: '127.0.0.1',
    port: 9090
  }
]
[2025-07-16T07:03:44.147Z] error: <httpProxy> Error calling http://127.0.0.1:9090/api/v1/query...
[2025-07-16T07:03:44.147Z] error: <httpProxy> [
  500,
  Error: connect ECONNREFUSED 127.0.0.1:9090
      at <unknown> (Error: connect ECONNREFUSED 127.0.0.1:9090) {
    errno: -111,
    code: 'ECONNREFUSED',
    syscall: 'connect',
    address: '127.0.0.1',
    port: 9090
  }
]
[2025-07-16T07:03:44.147Z] error: <httpProxy> Error calling http://127.0.0.1:9090/api/v1/query...
[2025-07-16T07:03:44.147Z] error: <httpProxy> [
  500,
  Error: connect ECONNREFUSED 127.0.0.1:9090
      at <unknown> (Error: connect ECONNREFUSED 127.0.0.1:9090) {
    errno: -111,
    code: 'ECONNREFUSED',
    syscall: 'connect',
    address: '127.0.0.1',
    port: 9090
  }
]
[2025-07-16T07:03:44.147Z] error: <httpProxy> Error calling http://127.0.0.1:9090/api/v1/query...
[2025-07-16T07:03:44.147Z] error: <httpProxy> [
  500,
  Error: connect ECONNREFUSED 127.0.0.1:9090
      at <unknown> (Error: connect ECONNREFUSED 127.0.0.1:9090) {
    errno: -111,
    code: 'ECONNREFUSED',
    syscall: 'connect',
    address: '127.0.0.1',
    port: 9090
  }
]
[2025-07-16T07:03:44.148Z] error: <httpProxy> Error calling http://127.0.0.1:9090/api/v1/query...
[2025-07-16T07:03:44.148Z] error: <httpProxy> [
  500,
  Error: connect ECONNREFUSED 127.0.0.1:9090
      at <unknown> (Error: connect ECONNREFUSED 127.0.0.1:9090) {
    errno: -111,
    code: 'ECONNREFUSED',
    syscall: 'connect',
    address: '127.0.0.1',
    port: 9090
  }
]
[2025-07-16T07:03:44.149Z] error: <httpProxy> Error calling http://127.0.0.1:9090/api/v1/query...
[2025-07-16T07:03:44.149Z] error: <httpProxy> [
  500,
  Error: connect ECONNREFUSED 127.0.0.1:9090
      at <unknown> (Error: connect ECONNREFUSED 127.0.0.1:9090) {
    errno: -111,
    code: 'ECONNREFUSED',
    syscall: 'connect',
    address: '127.0.0.1',
    port: 9090
  }
]
[2025-07-16T07:03:44.149Z] error: <httpProxy> Error calling http://127.0.0.1:9090/api/v1/query...
[2025-07-16T07:03:44.149Z] error: <httpProxy> [
  500,
  Error: connect ECONNREFUSED 127.0.0.1:9090
      at <unknown> (Error: connect ECONNREFUSED 127.0.0.1:9090) {
    errno: -111,
    code: 'ECONNREFUSED',
    syscall: 'connect',
    address: '127.0.0.1',
    port: 9090
  }
]
[2025-07-16T07:03:44.150Z] error: <httpProxy> Error calling http://127.0.0.1:9090/api/v1/query...
[2025-07-16T07:03:44.150Z] error: <httpProxy> [
  500,
  Error: connect ECONNREFUSED 127.0.0.1:9090
      at <unknown> (Error: connect ECONNREFUSED 127.0.0.1:9090) {
    errno: -111,
    code: 'ECONNREFUSED',
    syscall: 'connect',
    address: '127.0.0.1',
    port: 9090
  }
]
[2025-07-16T07:03:44.151Z] error: <httpProxy> Error calling http://127.0.0.1:9090/api/v1/query...
[2025-07-16T07:03:44.151Z] error: <httpProxy> [
  500,
  Error: connect ECONNREFUSED 127.0.0.1:9090
      at <unknown> (Error: connect ECONNREFUSED 127.0.0.1:9090) {
    errno: -111,
    code: 'ECONNREFUSED',
    syscall: 'connect',
    address: '127.0.0.1',
    port: 9090
  }
]
[2025-07-16T07:03:44.152Z] error: <httpProxy> Error calling http://127.0.0.1:9090/api/v1/query...
[2025-07-16T07:03:44.152Z] error: <httpProxy> [
  500,
  Error: connect ECONNREFUSED 127.0.0.1:9090
      at <unknown> (Error: connect ECONNREFUSED 127.0.0.1:9090) {
    errno: -111,
    code: 'ECONNREFUSED',
    syscall: 'connect',
    address: '127.0.0.1',
    port: 9090
  }
]
[2025-07-16T07:03:44.152Z] error: <httpProxy> Error calling http://127.0.0.1:9090/api/v1/query...
[2025-07-16T07:03:44.153Z] error: <httpProxy> [
  500,
  Error: connect ECONNREFUSED 127.0.0.1:9090
      at <unknown> (Error: connect ECONNREFUSED 127.0.0.1:9090) {
    errno: -111,
    code: 'ECONNREFUSED',
    syscall: 'connect',
    address: '127.0.0.1',
    port: 9090
  }
]
[2025-07-16T07:03:59.173Z] error: <httpProxy> Error calling http://127.0.0.1:9090/api/v1/query...
[2025-07-16T07:03:59.173Z] error: <httpProxy> [
  500,
  Error: connect ECONNREFUSED 127.0.0.1:9090
      at <unknown> (Error: connect ECONNREFUSED 127.0.0.1:9090) {
    errno: -111,
    code: 'ECONNREFUSED',
    syscall: 'connect',
    address: '127.0.0.1',
    port: 9090
  }
]
[2025-07-16T07:03:59.204Z] error: <httpProxy> Error calling http://127.0.0.1:9090/api/v1/query...
[2025-07-16T07:03:59.204Z] error: <httpProxy> [
  500,
  Error: connect ECONNREFUSED 127.0.0.1:9090
      at <unknown> (Error: connect ECONNREFUSED 127.0.0.1:9090) {
    errno: -111,
    code: 'ECONNREFUSED',
    syscall: 'connect',
    address: '127.0.0.1',
    port: 9090
  }
]
[2025-07-16T07:03:59.206Z] error: <httpProxy> Error calling http://127.0.0.1:9090/api/v1/query...
[2025-07-16T07:03:59.206Z] error: <httpProxy> [
  500,
  Error: connect ECONNREFUSED 127.0.0.1:9090
      at <unknown> (Error: connect ECONNREFUSED 127.0.0.1:9090) {
    errno: -111,
    code: 'ECONNREFUSED',
    syscall: 'connect',
    address: '127.0.0.1',
    port: 9090
  }
]
[2025-07-16T07:03:59.206Z] error: <httpProxy> Error calling http://127.0.0.1:9090/api/v1/query...
[2025-07-16T07:03:59.207Z] error: <httpProxy> [
  500,
  Error: connect ECONNREFUSED 127.0.0.1:9090
      at <unknown> (Error: connect ECONNREFUSED 127.0.0.1:9090) {
    errno: -111,
    code: 'ECONNREFUSED',
    syscall: 'connect',
    address: '127.0.0.1',
    port: 9090
  }
]
[2025-07-16T07:03:59.209Z] error: <httpProxy> Error calling http://127.0.0.1:9090/api/v1/query...
[2025-07-16T07:03:59.209Z] error: <httpProxy> [
  500,
  Error: connect ECONNREFUSED 127.0.0.1:9090
      at <unknown> (Error: connect ECONNREFUSED 127.0.0.1:9090) {
    errno: -111,
    code: 'ECONNREFUSED',
    syscall: 'connect',
    address: '127.0.0.1',
    port: 9090
  }
]
[2025-07-16T07:03:59.210Z] error: <httpProxy> Error calling http://127.0.0.1:9090/api/v1/query...
[2025-07-16T07:03:59.210Z] error: <httpProxy> [
  500,
  Error: connect ECONNREFUSED 127.0.0.1:9090
      at <unknown> (Error: connect ECONNREFUSED 127.0.0.1:9090) {
    errno: -111,
    code: 'ECONNREFUSED',
    syscall: 'connect',
    address: '127.0.0.1',
    port: 9090
  }
]
[2025-07-16T07:03:59.211Z] error: <httpProxy> Error calling http://127.0.0.1:9090/api/v1/query...
[2025-07-16T07:03:59.211Z] error: <httpProxy> [
  500,
  Error: connect ECONNREFUSED 127.0.0.1:9090
      at <unknown> (Error: connect ECONNREFUSED 127.0.0.1:9090) {
    errno: -111,
    code: 'ECONNREFUSED',
    syscall: 'connect',
    address: '127.0.0.1',
    port: 9090
  }
]
[2025-07-16T07:03:59.212Z] error: <httpProxy> Error calling http://127.0.0.1:9090/api/v1/query...
[2025-07-16T07:03:59.212Z] error: <httpProxy> [
  500,
  Error: connect ECONNREFUSED 127.0.0.1:9090
      at <unknown> (Error: connect ECONNREFUSED 127.0.0.1:9090) {
    errno: -111,
    code: 'ECONNREFUSED',
    syscall: 'connect',
    address: '127.0.0.1',
    port: 9090
  }
]
[2025-07-16T07:03:59.213Z] error: <httpProxy> Error calling http://127.0.0.1:9090/api/v1/query...
[2025-07-16T07:03:59.213Z] error: <httpProxy> [
  500,
  Error: connect ECONNREFUSED 127.0.0.1:9090
      at <unknown> (Error: connect ECONNREFUSED 127.0.0.1:9090) {
    errno: -111,
    code: 'ECONNREFUSED',
    syscall: 'connect',
    address: '127.0.0.1',
    port: 9090
  }
]
[2025-07-16T07:03:59.214Z] error: <httpProxy> Error calling http://127.0.0.1:9090/api/v1/query...
[2025-07-16T07:03:59.214Z] error: <httpProxy> [
  500,
  Error: connect ECONNREFUSED 127.0.0.1:9090
      at <unknown> (Error: connect ECONNREFUSED 127.0.0.1:9090) {
    errno: -111,
    code: 'ECONNREFUSED',
    syscall: 'connect',
    address: '127.0.0.1',
    port: 9090
  }
]
[2025-07-16T07:03:59.214Z] error: <httpProxy> Error calling http://127.0.0.1:9090/api/v1/query...
[2025-07-16T07:03:59.214Z] error: <httpProxy> [
  500,
  Error: connect ECONNREFUSED 127.0.0.1:9090
      at <unknown> (Error: connect ECONNREFUSED 127.0.0.1:9090) {
    errno: -111,
    code: 'ECONNREFUSED',
    syscall: 'connect',
    address: '127.0.0.1',
    port: 9090
  }
]
[2025-07-16T07:03:59.215Z] error: <httpProxy> Error calling http://127.0.0.1:9090/api/v1/query...
[2025-07-16T07:03:59.215Z] error: <httpProxy> [
  500,
  Error: connect ECONNREFUSED 127.0.0.1:9090
      at <unknown> (Error: connect ECONNREFUSED 127.0.0.1:9090) {
    errno: -111,
    code: 'ECONNREFUSED',
    syscall: 'connect',
    address: '127.0.0.1',
    port: 9090
  }
]
[2025-07-16T07:03:59.216Z] error: <httpProxy> Error calling http://127.0.0.1:9090/api/v1/query...
[2025-07-16T07:03:59.216Z] error: <httpProxy> [
  500,
  Error: connect ECONNREFUSED 127.0.0.1:9090
      at <unknown> (Error: connect ECONNREFUSED 127.0.0.1:9090) {
    errno: -111,
    code: 'ECONNREFUSED',
    syscall: 'connect',
    address: '127.0.0.1',
    port: 9090
  }
]
[2025-07-16T07:03:59.216Z] error: <httpProxy> Error calling http://127.0.0.1:9090/api/v1/query...
[2025-07-16T07:03:59.216Z] error: <httpProxy> [
  500,
  Error: connect ECONNREFUSED 127.0.0.1:9090
      at <unknown> (Error: connect ECONNREFUSED 127.0.0.1:9090) {
    errno: -111,
    code: 'ECONNREFUSED',
    syscall: 'connect',
    address: '127.0.0.1',
    port: 9090
  }
]
[2025-07-16T07:04:14.196Z] error: <httpProxy> Error calling http://127.0.0.1:9090/api/v1/query...
[2025-07-16T07:04:14.196Z] error: <httpProxy> [
  500,
  Error: connect ECONNREFUSED 127.0.0.1:9090
      at <unknown> (Error: connect ECONNREFUSED 127.0.0.1:9090) {
    errno: -111,
    code: 'ECONNREFUSED',
    syscall: 'connect',
    address: '127.0.0.1',
    port: 9090
  }
]
[2025-07-16T07:04:14.210Z] error: <httpProxy> Error calling http://127.0.0.1:9090/api/v1/query...
[2025-07-16T07:04:14.211Z] error: <httpProxy> [
  500,
  Error: connect ECONNREFUSED 127.0.0.1:9090
      at <unknown> (Error: connect ECONNREFUSED 127.0.0.1:9090) {
    errno: -111,
    code: 'ECONNREFUSED',
    syscall: 'connect',
    address: '127.0.0.1',
    port: 9090
  }
]
[2025-07-16T07:04:14.214Z] error: <httpProxy> Error calling http://127.0.0.1:9090/api/v1/query...
[2025-07-16T07:04:14.214Z] error: <httpProxy> [
  500,
  Error: connect ECONNREFUSED 127.0.0.1:9090
      at <unknown> (Error: connect ECONNREFUSED 127.0.0.1:9090) {
    errno: -111,
    code: 'ECONNREFUSED',
    syscall: 'connect',
    address: '127.0.0.1',
    port: 9090
  }
]
[2025-07-16T07:04:14.215Z] error: <httpProxy> Error calling http://127.0.0.1:9090/api/v1/query...
[2025-07-16T07:04:14.215Z] error: <httpProxy> [
  500,
  Error: connect ECONNREFUSED 127.0.0.1:9090
      at <unknown> (Error: connect ECONNREFUSED 127.0.0.1:9090) {
    errno: -111,
    code: 'ECONNREFUSED',
    syscall: 'connect',
    address: '127.0.0.1',
    port: 9090
  }
]
[2025-07-16T07:04:14.242Z] error: <httpProxy> Error calling http://127.0.0.1:9090/api/v1/query...
[2025-07-16T07:04:14.242Z] error: <httpProxy> [
  500,
  Error: connect ECONNREFUSED 127.0.0.1:9090
      at <unknown> (Error: connect ECONNREFUSED 127.0.0.1:9090) {
    errno: -111,
    code: 'ECONNREFUSED',
    syscall: 'connect',
    address: '127.0.0.1',
    port: 9090
  }
]
[2025-07-16T07:04:14.243Z] error: <httpProxy> Error calling http://127.0.0.1:9090/api/v1/query...
[2025-07-16T07:04:14.243Z] error: <httpProxy> [
  500,
  Error: connect ECONNREFUSED 127.0.0.1:9090
      at <unknown> (Error: connect ECONNREFUSED 127.0.0.1:9090) {
    errno: -111,
    code: 'ECONNREFUSED',
    syscall: 'connect',
    address: '127.0.0.1',
    port: 9090
  }
]
[2025-07-16T07:04:14.243Z] error: <httpProxy> Error calling http://127.0.0.1:9090/api/v1/query...
[2025-07-16T07:04:14.243Z] error: <httpProxy> [
  500,
  Error: connect ECONNREFUSED 127.0.0.1:9090
      at <unknown> (Error: connect ECONNREFUSED 127.0.0.1:9090) {
    errno: -111,
    code: 'ECONNREFUSED',
    syscall: 'connect',
    address: '127.0.0.1',
    port: 9090
  }
]
[2025-07-16T07:04:14.244Z] error: <httpProxy> Error calling http://127.0.0.1:9090/api/v1/query...
[2025-07-16T07:04:14.244Z] error: <httpProxy> [
  500,
  Error: connect ECONNREFUSED 127.0.0.1:9090
      at <unknown> (Error: connect ECONNREFUSED 127.0.0.1:9090) {
    errno: -111,
    code: 'ECONNREFUSED',
    syscall: 'connect',
    address: '127.0.0.1',
    port: 9090
  }
]
[2025-07-16T07:04:14.245Z] error: <httpProxy> Error calling http://127.0.0.1:9090/api/v1/query...
[2025-07-16T07:04:14.245Z] error: <httpProxy> [
  500,
  Error: connect ECONNREFUSED 127.0.0.1:9090
      at <unknown> (Error: connect ECONNREFUSED 127.0.0.1:9090) {
    errno: -111,
    code: 'ECONNREFUSED',
    syscall: 'connect',
    address: '127.0.0.1',
    port: 9090
  }
]
[2025-07-16T07:04:14.246Z] error: <httpProxy> Error calling http://127.0.0.1:9090/api/v1/query...
[2025-07-16T07:04:14.246Z] error: <httpProxy> [
  500,
  Error: connect ECONNREFUSED 127.0.0.1:9090
      at <unknown> (Error: connect ECONNREFUSED 127.0.0.1:9090) {
    errno: -111,
    code: 'ECONNREFUSED',
    syscall: 'connect',
    address: '127.0.0.1',
    port: 9090
  }
]
[2025-07-16T07:04:14.247Z] error: <httpProxy> Error calling http://127.0.0.1:9090/api/v1/query...
[2025-07-16T07:04:14.247Z] error: <httpProxy> [
  500,
  Error: connect ECONNREFUSED 127.0.0.1:9090
      at <unknown> (Error: connect ECONNREFUSED 127.0.0.1:9090) {
    errno: -111,
    code: 'ECONNREFUSED',
    syscall: 'connect',
    address: '127.0.0.1',
    port: 9090
  }
]
[2025-07-16T07:04:14.247Z] error: <httpProxy> Error calling http://127.0.0.1:9090/api/v1/query...
[2025-07-16T07:04:14.247Z] error: <httpProxy> [
  500,
  Error: connect ECONNREFUSED 127.0.0.1:9090
      at <unknown> (Error: connect ECONNREFUSED 127.0.0.1:9090) {
    errno: -111,
    code: 'ECONNREFUSED',
    syscall: 'connect',
    address: '127.0.0.1',
    port: 9090
  }
]
[2025-07-16T07:04:14.248Z] error: <httpProxy> Error calling http://127.0.0.1:9090/api/v1/query...
[2025-07-16T07:04:14.248Z] error: <httpProxy> [
  500,
  Error: connect ECONNREFUSED 127.0.0.1:9090
      at <unknown> (Error: connect ECONNREFUSED 127.0.0.1:9090) {
    errno: -111,
    code: 'ECONNREFUSED',
    syscall: 'connect',
    address: '127.0.0.1',
    port: 9090
  }
]
[2025-07-16T07:04:14.248Z] error: <httpProxy> Error calling http://127.0.0.1:9090/api/v1/query...
[2025-07-16T07:04:14.248Z] error: <httpProxy> [
  500,
  Error: connect ECONNREFUSED 127.0.0.1:9090
      at <unknown> (Error: connect ECONNREFUSED 127.0.0.1:9090) {
    errno: -111,
    code: 'ECONNREFUSED',
    syscall: 'connect',
    address: '127.0.0.1',
    port: 9090
  }
]
[2025-07-16T07:04:29.208Z] error: <httpProxy> Error calling http://127.0.0.1:9090/api/v1/query...
[2025-07-16T07:04:29.209Z] error: <httpProxy> [
  500,
  Error: connect ECONNREFUSED 127.0.0.1:9090
      at <unknown> (Error: connect ECONNREFUSED 127.0.0.1:9090) {
    errno: -111,
    code: 'ECONNREFUSED',
    syscall: 'connect',
    address: '127.0.0.1',
    port: 9090
  }
]
[2025-07-16T07:04:29.238Z] error: <httpProxy> Error calling http://127.0.0.1:9090/api/v1/query...
[2025-07-16T07:04:29.238Z] error: <httpProxy> [
  500,
  Error: connect ECONNREFUSED 127.0.0.1:9090
      at <unknown> (Error: connect ECONNREFUSED 127.0.0.1:9090) {
    errno: -111,
    code: 'ECONNREFUSED',
    syscall: 'connect',
    address: '127.0.0.1',
    port: 9090
  }
]
[2025-07-16T07:04:29.239Z] error: <httpProxy> Error calling http://127.0.0.1:9090/api/v1/query...
[2025-07-16T07:04:29.239Z] error: <httpProxy> [
  500,
  Error: connect ECONNREFUSED 127.0.0.1:9090
      at <unknown> (Error: connect ECONNREFUSED 127.0.0.1:9090) {
    errno: -111,
    code: 'ECONNREFUSED',
    syscall: 'connect',
    address: '127.0.0.1',
    port: 9090
  }
]
[2025-07-16T07:04:29.239Z] error: <httpProxy> Error calling http://127.0.0.1:9090/api/v1/query...
[2025-07-16T07:04:29.240Z] error: <httpProxy> [
  500,
  Error: connect ECONNREFUSED 127.0.0.1:9090
      at <unknown> (Error: connect ECONNREFUSED 127.0.0.1:9090) {
    errno: -111,
    code: 'ECONNREFUSED',
    syscall: 'connect',
    address: '127.0.0.1',
    port: 9090
  }
]
[2025-07-16T07:04:29.256Z] error: <httpProxy> Error calling http://127.0.0.1:9090/api/v1/query...
[2025-07-16T07:04:29.256Z] error: <httpProxy> [
  500,
  Error: connect ECONNREFUSED 127.0.0.1:9090
      at <unknown> (Error: connect ECONNREFUSED 127.0.0.1:9090) {
    errno: -111,
    code: 'ECONNREFUSED',
    syscall: 'connect',
    address: '127.0.0.1',
    port: 9090
  }
]
[2025-07-16T07:04:29.259Z] error: <httpProxy> Error calling http://127.0.0.1:9090/api/v1/query...
[2025-07-16T07:04:29.259Z] error: <httpProxy> [
  500,
  Error: connect ECONNREFUSED 127.0.0.1:9090
      at <unknown> (Error: connect ECONNREFUSED 127.0.0.1:9090) {
    errno: -111,
    code: 'ECONNREFUSED',
    syscall: 'connect',
    address: '127.0.0.1',
    port: 9090
  }
]
[2025-07-16T07:04:29.281Z] error: <httpProxy> Error calling http://127.0.0.1:9090/api/v1/query...
[2025-07-16T07:04:29.281Z] error: <httpProxy> [
  500,
  Error: connect ECONNREFUSED 127.0.0.1:9090
      at <unknown> (Error: connect ECONNREFUSED 127.0.0.1:9090) {
    errno: -111,
    code: 'ECONNREFUSED',
    syscall: 'connect',
    address: '127.0.0.1',
    port: 9090
  }
]
[2025-07-16T07:04:29.281Z] error: <httpProxy> Error calling http://127.0.0.1:9090/api/v1/query...
[2025-07-16T07:04:29.281Z] error: <httpProxy> [
  500,
  Error: connect ECONNREFUSED 127.0.0.1:9090
      at <unknown> (Error: connect ECONNREFUSED 127.0.0.1:9090) {
    errno: -111,
    code: 'ECONNREFUSED',
    syscall: 'connect',
    address: '127.0.0.1',
    port: 9090
  }
]
[2025-07-16T07:04:29.282Z] error: <httpProxy> Error calling http://127.0.0.1:9090/api/v1/query...
[2025-07-16T07:04:29.282Z] error: <httpProxy> [
  500,
  Error: connect ECONNREFUSED 127.0.0.1:9090
      at <unknown> (Error: connect ECONNREFUSED 127.0.0.1:9090) {
    errno: -111,
    code: 'ECONNREFUSED',
    syscall: 'connect',
    address: '127.0.0.1',
    port: 9090
  }
]
[2025-07-16T07:04:29.282Z] error: <httpProxy> Error calling http://127.0.0.1:9090/api/v1/query...
[2025-07-16T07:04:29.282Z] error: <httpProxy> [
  500,
  Error: connect ECONNREFUSED 127.0.0.1:9090
      at <unknown> (Error: connect ECONNREFUSED 127.0.0.1:9090) {
    errno: -111,
    code: 'ECONNREFUSED',
    syscall: 'connect',
    address: '127.0.0.1',
    port: 9090
  }
]
[2025-07-16T07:04:29.282Z] error: <httpProxy> Error calling http://127.0.0.1:9090/api/v1/query...
[2025-07-16T07:04:29.282Z] error: <httpProxy> [
  500,
  Error: connect ECONNREFUSED 127.0.0.1:9090
      at <unknown> (Error: connect ECONNREFUSED 127.0.0.1:9090) {
    errno: -111,
    code: 'ECONNREFUSED',
    syscall: 'connect',
    address: '127.0.0.1',
    port: 9090
  }
]
[2025-07-16T07:04:29.283Z] error: <httpProxy> Error calling http://127.0.0.1:9090/api/v1/query...
[2025-07-16T07:04:29.284Z] error: <httpProxy> [
  500,
  Error: connect ECONNREFUSED 127.0.0.1:9090
      at <unknown> (Error: connect ECONNREFUSED 127.0.0.1:9090) {
    errno: -111,
    code: 'ECONNREFUSED',
    syscall: 'connect',
    address: '127.0.0.1',
    port: 9090
  }
]
[2025-07-16T07:04:29.284Z] error: <httpProxy> Error calling http://127.0.0.1:9090/api/v1/query...
[2025-07-16T07:04:29.284Z] error: <httpProxy> [
  500,
  Error: connect ECONNREFUSED 127.0.0.1:9090
      at <unknown> (Error: connect ECONNREFUSED 127.0.0.1:9090) {
    errno: -111,
    code: 'ECONNREFUSED',
    syscall: 'connect',
    address: '127.0.0.1',
    port: 9090
  }
]
[2025-07-16T07:04:29.285Z] error: <httpProxy> Error calling http://127.0.0.1:9090/api/v1/query...
[2025-07-16T07:04:29.285Z] error: <httpProxy> [
  500,
  Error: connect ECONNREFUSED 127.0.0.1:9090
      at <unknown> (Error: connect ECONNREFUSED 127.0.0.1:9090) {
    errno: -111,
    code: 'ECONNREFUSED',
    syscall: 'connect',
    address: '127.0.0.1',
    port: 9090
  }
]
[2025-07-16T07:04:44.222Z] error: <httpProxy> Error calling http://127.0.0.1:9090/api/v1/query...
[2025-07-16T07:04:44.222Z] error: <httpProxy> [
  500,
  Error: connect ECONNREFUSED 127.0.0.1:9090
      at <unknown> (Error: connect ECONNREFUSED 127.0.0.1:9090) {
    errno: -111,
    code: 'ECONNREFUSED',
    syscall: 'connect',
    address: '127.0.0.1',
    port: 9090
  }
]
[2025-07-16T07:04:44.246Z] error: <httpProxy> Error calling http://127.0.0.1:9090/api/v1/query...
[2025-07-16T07:04:44.246Z] error: <httpProxy> [
  500,
  Error: connect ECONNREFUSED 127.0.0.1:9090
      at <unknown> (Error: connect ECONNREFUSED 127.0.0.1:9090) {
    errno: -111,
    code: 'ECONNREFUSED',
    syscall: 'connect',
    address: '127.0.0.1',
    port: 9090
  }
]
[2025-07-16T07:04:44.249Z] error: <httpProxy> Error calling http://127.0.0.1:9090/api/v1/query...
[2025-07-16T07:04:44.249Z] error: <httpProxy> [
  500,
  Error: connect ECONNREFUSED 127.0.0.1:9090
      at <unknown> (Error: connect ECONNREFUSED 127.0.0.1:9090) {
    errno: -111,
    code: 'ECONNREFUSED',
    syscall: 'connect',
    address: '127.0.0.1',
    port: 9090
  }
]
[2025-07-16T07:04:44.251Z] error: <httpProxy> Error calling http://127.0.0.1:9090/api/v1/query...
[2025-07-16T07:04:44.251Z] error: <httpProxy> [
  500,
  Error: connect ECONNREFUSED 127.0.0.1:9090
      at <unknown> (Error: connect ECONNREFUSED 127.0.0.1:9090) {
    errno: -111,
    code: 'ECONNREFUSED',
    syscall: 'connect',
    address: '127.0.0.1',
    port: 9090
  }
]
[2025-07-16T07:04:44.270Z] error: <httpProxy> Error calling http://127.0.0.1:9090/api/v1/query...
[2025-07-16T07:04:44.270Z] error: <httpProxy> [
  500,
  Error: connect ECONNREFUSED 127.0.0.1:9090
      at <unknown> (Error: connect ECONNREFUSED 127.0.0.1:9090) {
    errno: -111,
    code: 'ECONNREFUSED',
    syscall: 'connect',
    address: '127.0.0.1',
    port: 9090
  }
]
[2025-07-16T07:04:44.270Z] error: <httpProxy> Error calling http://127.0.0.1:9090/api/v1/query...
[2025-07-16T07:04:44.271Z] error: <httpProxy> [
  500,
  Error: connect ECONNREFUSED 127.0.0.1:9090
      at <unknown> (Error: connect ECONNREFUSED 127.0.0.1:9090) {
    errno: -111,
    code: 'ECONNREFUSED',
    syscall: 'connect',
    address: '127.0.0.1',
    port: 9090
  }
]
[2025-07-16T07:04:44.294Z] error: <httpProxy> Error calling http://127.0.0.1:9090/api/v1/query...
[2025-07-16T07:04:44.294Z] error: <httpProxy> [
  500,
  Error: connect ECONNREFUSED 127.0.0.1:9090
      at <unknown> (Error: connect ECONNREFUSED 127.0.0.1:9090) {
    errno: -111,
    code: 'ECONNREFUSED',
    syscall: 'connect',
    address: '127.0.0.1',
    port: 9090
  }
]
[2025-07-16T07:04:44.301Z] error: <httpProxy> Error calling http://127.0.0.1:9090/api/v1/query...
[2025-07-16T07:04:44.301Z] error: <httpProxy> [
  500,
  Error: connect ECONNREFUSED 127.0.0.1:9090
      at <unknown> (Error: connect ECONNREFUSED 127.0.0.1:9090) {
    errno: -111,
    code: 'ECONNREFUSED',
    syscall: 'connect',
    address: '127.0.0.1',
    port: 9090
  }
]
[2025-07-16T07:04:44.302Z] error: <httpProxy> Error calling http://127.0.0.1:9090/api/v1/query...
[2025-07-16T07:04:44.302Z] error: <httpProxy> [
  500,
  Error: connect ECONNREFUSED 127.0.0.1:9090
      at <unknown> (Error: connect ECONNREFUSED 127.0.0.1:9090) {
    errno: -111,
    code: 'ECONNREFUSED',
    syscall: 'connect',
    address: '127.0.0.1',
    port: 9090
  }
]
[2025-07-16T07:04:44.304Z] error: <httpProxy> Error calling http://127.0.0.1:9090/api/v1/query...
[2025-07-16T07:04:44.304Z] error: <httpProxy> [
  500,
  Error: connect ECONNREFUSED 127.0.0.1:9090
      at <unknown> (Error: connect ECONNREFUSED 127.0.0.1:9090) {
    errno: -111,
    code: 'ECONNREFUSED',
    syscall: 'connect',
    address: '127.0.0.1',
    port: 9090
  }
]
[2025-07-16T07:04:44.313Z] error: <httpProxy> Error calling http://127.0.0.1:9090/api/v1/query...
[2025-07-16T07:04:44.313Z] error: <httpProxy> [
  500,
  Error: connect ECONNREFUSED 127.0.0.1:9090
      at <unknown> (Error: connect ECONNREFUSED 127.0.0.1:9090) {
    errno: -111,
    code: 'ECONNREFUSED',
    syscall: 'connect',
    address: '127.0.0.1',
    port: 9090
  }
]
[2025-07-16T07:04:44.313Z] error: <httpProxy> Error calling http://127.0.0.1:9090/api/v1/query...
[2025-07-16T07:04:44.313Z] error: <httpProxy> [
  500,
  Error: connect ECONNREFUSED 127.0.0.1:9090
      at <unknown> (Error: connect ECONNREFUSED 127.0.0.1:9090) {
    errno: -111,
    code: 'ECONNREFUSED',
    syscall: 'connect',
    address: '127.0.0.1',
    port: 9090
  }
]
[2025-07-16T07:04:44.314Z] error: <httpProxy> Error calling http://127.0.0.1:9090/api/v1/query...
[2025-07-16T07:04:44.314Z] error: <httpProxy> [
  500,
  Error: connect ECONNREFUSED 127.0.0.1:9090
      at <unknown> (Error: connect ECONNREFUSED 127.0.0.1:9090) {
    errno: -111,
    code: 'ECONNREFUSED',
    syscall: 'connect',
    address: '127.0.0.1',
    port: 9090
  }
]
[2025-07-16T07:04:44.315Z] error: <httpProxy> Error calling http://127.0.0.1:9090/api/v1/query...
[2025-07-16T07:04:44.315Z] error: <httpProxy> [
  500,
  Error: connect ECONNREFUSED 127.0.0.1:9090
      at <unknown> (Error: connect ECONNREFUSED 127.0.0.1:9090) {
    errno: -111,
    code: 'ECONNREFUSED',
    syscall: 'connect',
    address: '127.0.0.1',
    port: 9090
  }
]
[2025-07-16T07:04:59.231Z] error: <httpProxy> Error calling http://127.0.0.1:9090/api/v1/query...
[2025-07-16T07:04:59.231Z] error: <httpProxy> [
  500,
  Error: connect ECONNREFUSED 127.0.0.1:9090
      at <unknown> (Error: connect ECONNREFUSED 127.0.0.1:9090) {
    errno: -111,
    code: 'ECONNREFUSED',
    syscall: 'connect',
    address: '127.0.0.1',
    port: 9090
  }
]
[2025-07-16T07:04:59.252Z] error: <httpProxy> Error calling http://127.0.0.1:9090/api/v1/query...
[2025-07-16T07:04:59.253Z] error: <httpProxy> [
  500,
  Error: connect ECONNREFUSED 127.0.0.1:9090
      at <unknown> (Error: connect ECONNREFUSED 127.0.0.1:9090) {
    errno: -111,
    code: 'ECONNREFUSED',
    syscall: 'connect',
    address: '127.0.0.1',
    port: 9090
  }
]
[2025-07-16T07:04:59.256Z] error: <httpProxy> Error calling http://127.0.0.1:9090/api/v1/query...
[2025-07-16T07:04:59.256Z] error: <httpProxy> [
  500,
  Error: connect ECONNREFUSED 127.0.0.1:9090
      at <unknown> (Error: connect ECONNREFUSED 127.0.0.1:9090) {
    errno: -111,
    code: 'ECONNREFUSED',
    syscall: 'connect',
    address: '127.0.0.1',
    port: 9090
  }
]
[2025-07-16T07:04:59.258Z] error: <httpProxy> Error calling http://127.0.0.1:9090/api/v1/query...
[2025-07-16T07:04:59.259Z] error: <httpProxy> [
  500,
  Error: connect ECONNREFUSED 127.0.0.1:9090
      at <unknown> (Error: connect ECONNREFUSED 127.0.0.1:9090) {
    errno: -111,
    code: 'ECONNREFUSED',
    syscall: 'connect',
    address: '127.0.0.1',
    port: 9090
  }
]
[2025-07-16T07:04:59.279Z] error: <httpProxy> Error calling http://127.0.0.1:9090/api/v1/query...
[2025-07-16T07:04:59.279Z] error: <httpProxy> [
  500,
  Error: connect ECONNREFUSED 127.0.0.1:9090
      at <unknown> (Error: connect ECONNREFUSED 127.0.0.1:9090) {
    errno: -111,
    code: 'ECONNREFUSED',
    syscall: 'connect',
    address: '127.0.0.1',
    port: 9090
  }
]
[2025-07-16T07:04:59.279Z] error: <httpProxy> Error calling http://127.0.0.1:9090/api/v1/query...
[2025-07-16T07:04:59.279Z] error: <httpProxy> [
  500,
  Error: connect ECONNREFUSED 127.0.0.1:9090
      at <unknown> (Error: connect ECONNREFUSED 127.0.0.1:9090) {
    errno: -111,
    code: 'ECONNREFUSED',
    syscall: 'connect',
    address: '127.0.0.1',
    port: 9090
  }
]
[2025-07-16T07:04:59.301Z] error: <httpProxy> Error calling http://127.0.0.1:9090/api/v1/query...
[2025-07-16T07:04:59.301Z] error: <httpProxy> [
  500,
  Error: connect ECONNREFUSED 127.0.0.1:9090
      at <unknown> (Error: connect ECONNREFUSED 127.0.0.1:9090) {
    errno: -111,
    code: 'ECONNREFUSED',
    syscall: 'connect',
    address: '127.0.0.1',
    port: 9090
  }
]
[2025-07-16T07:04:59.311Z] error: <httpProxy> Error calling http://127.0.0.1:9090/api/v1/query...
[2025-07-16T07:04:59.311Z] error: <httpProxy> [
  500,
  Error: connect ECONNREFUSED 127.0.0.1:9090
      at <unknown> (Error: connect ECONNREFUSED 127.0.0.1:9090) {
    errno: -111,
    code: 'ECONNREFUSED',
    syscall: 'connect',
    address: '127.0.0.1',
    port: 9090
  }
]
[2025-07-16T07:04:59.319Z] error: <httpProxy> Error calling http://127.0.0.1:9090/api/v1/query...
[2025-07-16T07:04:59.319Z] error: <httpProxy> [
  500,
  Error: connect ECONNREFUSED 127.0.0.1:9090
      at <unknown> (Error: connect ECONNREFUSED 127.0.0.1:9090) {
    errno: -111,
    code: 'ECONNREFUSED',
    syscall: 'connect',
    address: '127.0.0.1',
    port: 9090
  }
]
[2025-07-16T07:04:59.319Z] error: <httpProxy> Error calling http://127.0.0.1:9090/api/v1/query...
[2025-07-16T07:04:59.320Z] error: <httpProxy> [
  500,
  Error: connect ECONNREFUSED 127.0.0.1:9090
      at <unknown> (Error: connect ECONNREFUSED 127.0.0.1:9090) {
    errno: -111,
    code: 'ECONNREFUSED',
    syscall: 'connect',
    address: '127.0.0.1',
    port: 9090
  }
]
[2025-07-16T07:04:59.331Z] error: <httpProxy> Error calling http://127.0.0.1:9090/api/v1/query...
[2025-07-16T07:04:59.332Z] error: <httpProxy> [
  500,
  Error: connect ECONNREFUSED 127.0.0.1:9090
      at <unknown> (Error: connect ECONNREFUSED 127.0.0.1:9090) {
    errno: -111,
    code: 'ECONNREFUSED',
    syscall: 'connect',
    address: '127.0.0.1',
    port: 9090
  }
]
[2025-07-16T07:04:59.332Z] error: <httpProxy> Error calling http://127.0.0.1:9090/api/v1/query...
[2025-07-16T07:04:59.332Z] error: <httpProxy> [
  500,
  Error: connect ECONNREFUSED 127.0.0.1:9090
      at <unknown> (Error: connect ECONNREFUSED 127.0.0.1:9090) {
    errno: -111,
    code: 'ECONNREFUSED',
    syscall: 'connect',
    address: '127.0.0.1',
    port: 9090
  }
]
[2025-07-16T07:04:59.333Z] error: <httpProxy> Error calling http://127.0.0.1:9090/api/v1/query...
[2025-07-16T07:04:59.333Z] error: <httpProxy> [
  500,
  Error: connect ECONNREFUSED 127.0.0.1:9090
      at <unknown> (Error: connect ECONNREFUSED 127.0.0.1:9090) {
    errno: -111,
    code: 'ECONNREFUSED',
    syscall: 'connect',
    address: '127.0.0.1',
    port: 9090
  }
]
[2025-07-16T07:04:59.333Z] error: <httpProxy> Error calling http://127.0.0.1:9090/api/v1/query...
[2025-07-16T07:04:59.333Z] error: <httpProxy> [
  500,
  Error: connect ECONNREFUSED 127.0.0.1:9090
      at <unknown> (Error: connect ECONNREFUSED 127.0.0.1:9090) {
    errno: -111,
    code: 'ECONNREFUSED',
    syscall: 'connect',
    address: '127.0.0.1',
    port: 9090
  }
]
[2025-07-16T07:05:14.241Z] error: <httpProxy> Error calling http://127.0.0.1:9090/api/v1/query...
[2025-07-16T07:05:14.241Z] error: <httpProxy> [
  500,
  Error: connect ECONNREFUSED 127.0.0.1:9090
      at <unknown> (Error: connect ECONNREFUSED 127.0.0.1:9090) {
    errno: -111,
    code: 'ECONNREFUSED',
    syscall: 'connect',
    address: '127.0.0.1',
    port: 9090
  }
]
[2025-07-16T07:05:14.262Z] error: <httpProxy> Error calling http://127.0.0.1:9090/api/v1/query...
[2025-07-16T07:05:14.262Z] error: <httpProxy> [
  500,
  Error: connect ECONNREFUSED 127.0.0.1:9090
      at <unknown> (Error: connect ECONNREFUSED 127.0.0.1:9090) {
    errno: -111,
    code: 'ECONNREFUSED',
    syscall: 'connect',
    address: '127.0.0.1',
    port: 9090
  }
]
[2025-07-16T07:05:14.270Z] error: <httpProxy> Error calling http://127.0.0.1:9090/api/v1/query...
[2025-07-16T07:05:14.270Z] error: <httpProxy> [
  500,
  Error: connect ECONNREFUSED 127.0.0.1:9090
      at <unknown> (Error: connect ECONNREFUSED 127.0.0.1:9090) {
    errno: -111,
    code: 'ECONNREFUSED',
    syscall: 'connect',
    address: '127.0.0.1',
    port: 9090
  }
]
[2025-07-16T07:05:14.271Z] error: <httpProxy> Error calling http://127.0.0.1:9090/api/v1/query...
[2025-07-16T07:05:14.271Z] error: <httpProxy> [
  500,
  Error: connect ECONNREFUSED 127.0.0.1:9090
      at <unknown> (Error: connect ECONNREFUSED 127.0.0.1:9090) {
    errno: -111,
    code: 'ECONNREFUSED',
    syscall: 'connect',
    address: '127.0.0.1',
    port: 9090
  }
]
[2025-07-16T07:05:14.291Z] error: <httpProxy> Error calling http://127.0.0.1:9090/api/v1/query...
[2025-07-16T07:05:14.292Z] error: <httpProxy> [
  500,
  Error: connect ECONNREFUSED 127.0.0.1:9090
      at <unknown> (Error: connect ECONNREFUSED 127.0.0.1:9090) {
    errno: -111,
    code: 'ECONNREFUSED',
    syscall: 'connect',
    address: '127.0.0.1',
    port: 9090
  }
]
[2025-07-16T07:05:14.292Z] error: <httpProxy> Error calling http://127.0.0.1:9090/api/v1/query...
[2025-07-16T07:05:14.292Z] error: <httpProxy> [
  500,
  Error: connect ECONNREFUSED 127.0.0.1:9090
      at <unknown> (Error: connect ECONNREFUSED 127.0.0.1:9090) {
    errno: -111,
    code: 'ECONNREFUSED',
    syscall: 'connect',
    address: '127.0.0.1',
    port: 9090
  }
]
[2025-07-16T07:05:14.309Z] error: <httpProxy> Error calling http://127.0.0.1:9090/api/v1/query...
[2025-07-16T07:05:14.309Z] error: <httpProxy> [
  500,
  Error: connect ECONNREFUSED 127.0.0.1:9090
      at <unknown> (Error: connect ECONNREFUSED 127.0.0.1:9090) {
    errno: -111,
    code: 'ECONNREFUSED',
    syscall: 'connect',
    address: '127.0.0.1',
    port: 9090
  }
]
[2025-07-16T07:05:14.321Z] error: <httpProxy> Error calling http://127.0.0.1:9090/api/v1/query...
[2025-07-16T07:05:14.321Z] error: <httpProxy> [
  500,
  Error: connect ECONNREFUSED 127.0.0.1:9090
      at <unknown> (Error: connect ECONNREFUSED 127.0.0.1:9090) {
    errno: -111,
    code: 'ECONNREFUSED',
    syscall: 'connect',
    address: '127.0.0.1',
    port: 9090
  }
]
[2025-07-16T07:05:14.332Z] error: <httpProxy> Error calling http://127.0.0.1:9090/api/v1/query...
[2025-07-16T07:05:14.332Z] error: <httpProxy> [
  500,
  Error: connect ECONNREFUSED 127.0.0.1:9090
      at <unknown> (Error: connect ECONNREFUSED 127.0.0.1:9090) {
    errno: -111,
    code: 'ECONNREFUSED',
    syscall: 'connect',
    address: '127.0.0.1',
    port: 9090
  }
]
[2025-07-16T07:05:14.332Z] error: <httpProxy> Error calling http://127.0.0.1:9090/api/v1/query...
[2025-07-16T07:05:14.332Z] error: <httpProxy> [
  500,
  Error: connect ECONNREFUSED 127.0.0.1:9090
      at <unknown> (Error: connect ECONNREFUSED 127.0.0.1:9090) {
    errno: -111,
    code: 'ECONNREFUSED',
    syscall: 'connect',
    address: '127.0.0.1',
    port: 9090
  }
]
[2025-07-16T07:05:14.349Z] error: <httpProxy> Error calling http://127.0.0.1:9090/api/v1/query...
[2025-07-16T07:05:14.350Z] error: <httpProxy> [
  500,
  Error: connect ECONNREFUSED 127.0.0.1:9090
      at <unknown> (Error: connect ECONNREFUSED 127.0.0.1:9090) {
    errno: -111,
    code: 'ECONNREFUSED',
    syscall: 'connect',
    address: '127.0.0.1',
    port: 9090
  }
]
[2025-07-16T07:05:14.350Z] error: <httpProxy> Error calling http://127.0.0.1:9090/api/v1/query...
[2025-07-16T07:05:14.350Z] error: <httpProxy> [
  500,
  Error: connect ECONNREFUSED 127.0.0.1:9090
      at <unknown> (Error: connect ECONNREFUSED 127.0.0.1:9090) {
    errno: -111,
    code: 'ECONNREFUSED',
    syscall: 'connect',
    address: '127.0.0.1',
    port: 9090
  }
]
[2025-07-16T07:05:14.350Z] error: <httpProxy> Error calling http://127.0.0.1:9090/api/v1/query...
[2025-07-16T07:05:14.350Z] error: <httpProxy> [
  500,
  Error: connect ECONNREFUSED 127.0.0.1:9090
      at <unknown> (Error: connect ECONNREFUSED 127.0.0.1:9090) {
    errno: -111,
    code: 'ECONNREFUSED',
    syscall: 'connect',
    address: '127.0.0.1',
    port: 9090
  }
]
[2025-07-16T07:05:14.351Z] error: <httpProxy> Error calling http://127.0.0.1:9090/api/v1/query...
[2025-07-16T07:05:14.351Z] error: <httpProxy> [
  500,
  Error: connect ECONNREFUSED 127.0.0.1:9090
      at <unknown> (Error: connect ECONNREFUSED 127.0.0.1:9090) {
    errno: -111,
    code: 'ECONNREFUSED',
    syscall: 'connect',
    address: '127.0.0.1',
    port: 9090
  }
]
[2025-07-16T07:05:29.284Z] error: <httpProxy> Error calling http://127.0.0.1:9090/api/v1/query...
[2025-07-16T07:05:29.284Z] error: <httpProxy> [
  500,
  Error: connect ECONNREFUSED 127.0.0.1:9090
      at <unknown> (Error: connect ECONNREFUSED 127.0.0.1:9090) {
    errno: -111,
    code: 'ECONNREFUSED',
    syscall: 'connect',
    address: '127.0.0.1',
    port: 9090
  }
]
[2025-07-16T07:05:29.303Z] error: <httpProxy> Error calling http://127.0.0.1:9090/api/v1/query...
[2025-07-16T07:05:29.303Z] error: <httpProxy> [
  500,
  Error: connect ECONNREFUSED 127.0.0.1:9090
      at <unknown> (Error: connect ECONNREFUSED 127.0.0.1:9090) {
    errno: -111,
    code: 'ECONNREFUSED',
    syscall: 'connect',
    address: '127.0.0.1',
    port: 9090
  }
]
[2025-07-16T07:05:29.304Z] error: <httpProxy> Error calling http://127.0.0.1:9090/api/v1/query...
[2025-07-16T07:05:29.304Z] error: <httpProxy> [
  500,
  Error: connect ECONNREFUSED 127.0.0.1:9090
      at <unknown> (Error: connect ECONNREFUSED 127.0.0.1:9090) {
    errno: -111,
    code: 'ECONNREFUSED',
    syscall: 'connect',
    address: '127.0.0.1',
    port: 9090
  }
]
[2025-07-16T07:05:29.318Z] error: <httpProxy> Error calling http://127.0.0.1:9090/api/v1/query...
[2025-07-16T07:05:29.318Z] error: <httpProxy> [
  500,
  Error: connect ECONNREFUSED 127.0.0.1:9090
      at <unknown> (Error: connect ECONNREFUSED 127.0.0.1:9090) {
    errno: -111,
    code: 'ECONNREFUSED',
    syscall: 'connect',
    address: '127.0.0.1',
    port: 9090
  }
]
[2025-07-16T07:05:29.330Z] error: <httpProxy> Error calling http://127.0.0.1:9090/api/v1/query...
[2025-07-16T07:05:29.330Z] error: <httpProxy> [
  500,
  Error: connect ECONNREFUSED 127.0.0.1:9090
      at <unknown> (Error: connect ECONNREFUSED 127.0.0.1:9090) {
    errno: -111,
    code: 'ECONNREFUSED',
    syscall: 'connect',
    address: '127.0.0.1',
    port: 9090
  }
]
[2025-07-16T07:05:29.341Z] error: <httpProxy> Error calling http://127.0.0.1:9090/api/v1/query...
[2025-07-16T07:05:29.341Z] error: <httpProxy> [
  500,
  Error: connect ECONNREFUSED 127.0.0.1:9090
      at <unknown> (Error: connect ECONNREFUSED 127.0.0.1:9090) {
    errno: -111,
    code: 'ECONNREFUSED',
    syscall: 'connect',
    address: '127.0.0.1',
    port: 9090
  }
]
[2025-07-16T07:05:29.342Z] error: <httpProxy> Error calling http://127.0.0.1:9090/api/v1/query...
[2025-07-16T07:05:29.342Z] error: <httpProxy> [
  500,
  Error: connect ECONNREFUSED 127.0.0.1:9090
      at <unknown> (Error: connect ECONNREFUSED 127.0.0.1:9090) {
    errno: -111,
    code: 'ECONNREFUSED',
    syscall: 'connect',
    address: '127.0.0.1',
    port: 9090
  }
]
[2025-07-16T07:05:29.365Z] error: <httpProxy> Error calling http://127.0.0.1:9090/api/v1/query...
[2025-07-16T07:05:29.365Z] error: <httpProxy> [
  500,
  Error: connect ECONNREFUSED 127.0.0.1:9090
      at <unknown> (Error: connect ECONNREFUSED 127.0.0.1:9090) {
    errno: -111,
    code: 'ECONNREFUSED',
    syscall: 'connect',
    address: '127.0.0.1',
    port: 9090
  }
]
[2025-07-16T07:05:29.366Z] error: <httpProxy> Error calling http://127.0.0.1:9090/api/v1/query...
[2025-07-16T07:05:29.366Z] error: <httpProxy> [
  500,
  Error: connect ECONNREFUSED 127.0.0.1:9090
      at <unknown> (Error: connect ECONNREFUSED 127.0.0.1:9090) {
    errno: -111,
    code: 'ECONNREFUSED',
    syscall: 'connect',
    address: '127.0.0.1',
    port: 9090
  }
]
[2025-07-16T07:05:29.367Z] error: <httpProxy> Error calling http://127.0.0.1:9090/api/v1/query...
[2025-07-16T07:05:29.368Z] error: <httpProxy> [
  500,
  Error: connect ECONNREFUSED 127.0.0.1:9090
      at <unknown> (Error: connect ECONNREFUSED 127.0.0.1:9090) {
    errno: -111,
    code: 'ECONNREFUSED',
    syscall: 'connect',
    address: '127.0.0.1',
    port: 9090
  }
]
[2025-07-16T07:05:29.368Z] error: <httpProxy> Error calling http://127.0.0.1:9090/api/v1/query...
[2025-07-16T07:05:29.368Z] error: <httpProxy> [
  500,
  Error: connect ECONNREFUSED 127.0.0.1:9090
      at <unknown> (Error: connect ECONNREFUSED 127.0.0.1:9090) {
    errno: -111,
    code: 'ECONNREFUSED',
    syscall: 'connect',
    address: '127.0.0.1',
    port: 9090
  }
]
[2025-07-16T07:05:44.302Z] error: <httpProxy> Error calling http://127.0.0.1:9090/api/v1/query...
[2025-07-16T07:05:44.302Z] error: <httpProxy> [
  500,
  Error: connect ECONNREFUSED 127.0.0.1:9090
      at <unknown> (Error: connect ECONNREFUSED 127.0.0.1:9090) {
    errno: -111,
    code: 'ECONNREFUSED',
    syscall: 'connect',
    address: '127.0.0.1',
    port: 9090
  }
]
[2025-07-16T07:05:44.319Z] error: <httpProxy> Error calling http://127.0.0.1:9090/api/v1/query...
[2025-07-16T07:05:44.319Z] error: <httpProxy> [
  500,
  Error: connect ECONNREFUSED 127.0.0.1:9090
      at <unknown> (Error: connect ECONNREFUSED 127.0.0.1:9090) {
    errno: -111,
    code: 'ECONNREFUSED',
    syscall: 'connect',
    address: '127.0.0.1',
    port: 9090
  }
]
[2025-07-16T07:05:44.320Z] error: <httpProxy> Error calling http://127.0.0.1:9090/api/v1/query...
[2025-07-16T07:05:44.320Z] error: <httpProxy> [
  500,
  Error: connect ECONNREFUSED 127.0.0.1:9090
      at <unknown> (Error: connect ECONNREFUSED 127.0.0.1:9090) {
    errno: -111,
    code: 'ECONNREFUSED',
    syscall: 'connect',
    address: '127.0.0.1',
    port: 9090
  }
]
[2025-07-16T07:05:44.330Z] error: <httpProxy> Error calling http://127.0.0.1:9090/api/v1/query...
[2025-07-16T07:05:44.330Z] error: <httpProxy> [
  500,
  Error: connect ECONNREFUSED 127.0.0.1:9090
      at <unknown> (Error: connect ECONNREFUSED 127.0.0.1:9090) {
    errno: -111,
    code: 'ECONNREFUSED',
    syscall: 'connect',
    address: '127.0.0.1',
    port: 9090
  }
]
[2025-07-16T07:05:44.342Z] error: <httpProxy> Error calling http://127.0.0.1:9090/api/v1/query...
[2025-07-16T07:05:44.342Z] error: <httpProxy> [
  500,
  Error: connect ECONNREFUSED 127.0.0.1:9090
      at <unknown> (Error: connect ECONNREFUSED 127.0.0.1:9090) {
    errno: -111,
    code: 'ECONNREFUSED',
    syscall: 'connect',
    address: '127.0.0.1',
    port: 9090
  }
]
[2025-07-16T07:05:44.352Z] error: <httpProxy> Error calling http://127.0.0.1:9090/api/v1/query...
[2025-07-16T07:05:44.352Z] error: <httpProxy> [
  500,
  Error: connect ECONNREFUSED 127.0.0.1:9090
      at <unknown> (Error: connect ECONNREFUSED 127.0.0.1:9090) {
    errno: -111,
    code: 'ECONNREFUSED',
    syscall: 'connect',
    address: '127.0.0.1',
    port: 9090
  }
]
[2025-07-16T07:05:44.352Z] error: <httpProxy> Error calling http://127.0.0.1:9090/api/v1/query...
[2025-07-16T07:05:44.352Z] error: <httpProxy> [
  500,
  Error: connect ECONNREFUSED 127.0.0.1:9090
      at <unknown> (Error: connect ECONNREFUSED 127.0.0.1:9090) {
    errno: -111,
    code: 'ECONNREFUSED',
    syscall: 'connect',
    address: '127.0.0.1',
    port: 9090
  }
]
[2025-07-16T07:05:44.379Z] error: <httpProxy> Error calling http://127.0.0.1:9090/api/v1/query...
[2025-07-16T07:05:44.379Z] error: <httpProxy> [
  500,
  Error: connect ECONNREFUSED 127.0.0.1:9090
      at <unknown> (Error: connect ECONNREFUSED 127.0.0.1:9090) {
    errno: -111,
    code: 'ECONNREFUSED',
    syscall: 'connect',
    address: '127.0.0.1',
    port: 9090
  }
]
[2025-07-16T07:05:44.380Z] error: <httpProxy> Error calling http://127.0.0.1:9090/api/v1/query...
[2025-07-16T07:05:44.380Z] error: <httpProxy> [
  500,
  Error: connect ECONNREFUSED 127.0.0.1:9090
      at <unknown> (Error: connect ECONNREFUSED 127.0.0.1:9090) {
    errno: -111,
    code: 'ECONNREFUSED',
    syscall: 'connect',
    address: '127.0.0.1',
    port: 9090
  }
]
[2025-07-16T07:05:44.381Z] error: <httpProxy> Error calling http://127.0.0.1:9090/api/v1/query...
[2025-07-16T07:05:44.381Z] error: <httpProxy> [
  500,
  Error: connect ECONNREFUSED 127.0.0.1:9090
      at <unknown> (Error: connect ECONNREFUSED 127.0.0.1:9090) {
    errno: -111,
    code: 'ECONNREFUSED',
    syscall: 'connect',
    address: '127.0.0.1',
    port: 9090
  }
]
[2025-07-16T07:05:44.381Z] error: <httpProxy> Error calling http://127.0.0.1:9090/api/v1/query...
[2025-07-16T07:05:44.381Z] error: <httpProxy> [
  500,
  Error: connect ECONNREFUSED 127.0.0.1:9090
      at <unknown> (Error: connect ECONNREFUSED 127.0.0.1:9090) {
    errno: -111,
    code: 'ECONNREFUSED',
    syscall: 'connect',
    address: '127.0.0.1',
    port: 9090
  }
]
[2025-07-16T07:05:59.315Z] error: <httpProxy> Error calling http://127.0.0.1:9090/api/v1/query...
[2025-07-16T07:05:59.315Z] error: <httpProxy> [
  500,
  Error: connect ECONNREFUSED 127.0.0.1:9090
      at <unknown> (Error: connect ECONNREFUSED 127.0.0.1:9090) {
    errno: -111,
    code: 'ECONNREFUSED',
    syscall: 'connect',
    address: '127.0.0.1',
    port: 9090
  }
]
[2025-07-16T07:05:59.334Z] error: <httpProxy> Error calling http://127.0.0.1:9090/api/v1/query...
[2025-07-16T07:05:59.334Z] error: <httpProxy> [
  500,
  Error: connect ECONNREFUSED 127.0.0.1:9090
      at <unknown> (Error: connect ECONNREFUSED 127.0.0.1:9090) {
    errno: -111,
    code: 'ECONNREFUSED',
    syscall: 'connect',
    address: '127.0.0.1',
    port: 9090
  }
]
[2025-07-16T07:05:59.335Z] error: <httpProxy> Error calling http://127.0.0.1:9090/api/v1/query...
[2025-07-16T07:05:59.335Z] error: <httpProxy> [
  500,
  Error: connect ECONNREFUSED 127.0.0.1:9090
      at <unknown> (Error: connect ECONNREFUSED 127.0.0.1:9090) {
    errno: -111,
    code: 'ECONNREFUSED',
    syscall: 'connect',
    address: '127.0.0.1',
    port: 9090
  }
]
[2025-07-16T07:05:59.341Z] error: <httpProxy> Error calling http://127.0.0.1:9090/api/v1/query...
[2025-07-16T07:05:59.341Z] error: <httpProxy> [
  500,
  Error: connect ECONNREFUSED 127.0.0.1:9090
      at <unknown> (Error: connect ECONNREFUSED 127.0.0.1:9090) {
    errno: -111,
    code: 'ECONNREFUSED',
    syscall: 'connect',
    address: '127.0.0.1',
    port: 9090
  }
]
[2025-07-16T07:05:59.352Z] error: <httpProxy> Error calling http://127.0.0.1:9090/api/v1/query...
[2025-07-16T07:05:59.352Z] error: <httpProxy> [
  500,
  Error: connect ECONNREFUSED 127.0.0.1:9090
      at <unknown> (Error: connect ECONNREFUSED 127.0.0.1:9090) {
    errno: -111,
    code: 'ECONNREFUSED',
    syscall: 'connect',
    address: '127.0.0.1',
    port: 9090
  }
]
[2025-07-16T07:05:59.367Z] error: <httpProxy> Error calling http://127.0.0.1:9090/api/v1/query...
[2025-07-16T07:05:59.367Z] error: <httpProxy> [
  500,
  Error: connect ECONNREFUSED 127.0.0.1:9090
      at <unknown> (Error: connect ECONNREFUSED 127.0.0.1:9090) {
    errno: -111,
    code: 'ECONNREFUSED',
    syscall: 'connect',
    address: '127.0.0.1',
    port: 9090
  }
]
[2025-07-16T07:05:59.368Z] error: <httpProxy> Error calling http://127.0.0.1:9090/api/v1/query...
[2025-07-16T07:05:59.368Z] error: <httpProxy> [
  500,
  Error: connect ECONNREFUSED 127.0.0.1:9090
      at <unknown> (Error: connect ECONNREFUSED 127.0.0.1:9090) {
    errno: -111,
    code: 'ECONNREFUSED',
    syscall: 'connect',
    address: '127.0.0.1',
    port: 9090
  }
]
[2025-07-16T07:05:59.389Z] error: <httpProxy> Error calling http://127.0.0.1:9090/api/v1/query...
[2025-07-16T07:05:59.389Z] error: <httpProxy> [
  500,
  Error: connect ECONNREFUSED 127.0.0.1:9090
      at <unknown> (Error: connect ECONNREFUSED 127.0.0.1:9090) {
    errno: -111,
    code: 'ECONNREFUSED',
    syscall: 'connect',
    address: '127.0.0.1',
    port: 9090
  }
]
[2025-07-16T07:05:59.399Z] error: <httpProxy> Error calling http://127.0.0.1:9090/api/v1/query...
[2025-07-16T07:05:59.399Z] error: <httpProxy> [
  500,
  Error: connect ECONNREFUSED 127.0.0.1:9090
      at <unknown> (Error: connect ECONNREFUSED 127.0.0.1:9090) {
    errno: -111,
    code: 'ECONNREFUSED',
    syscall: 'connect',
    address: '127.0.0.1',
    port: 9090
  }
]
[2025-07-16T07:05:59.400Z] error: <httpProxy> Error calling http://127.0.0.1:9090/api/v1/query...
[2025-07-16T07:05:59.400Z] error: <httpProxy> [
  500,
  Error: connect ECONNREFUSED 127.0.0.1:9090
      at <unknown> (Error: connect ECONNREFUSED 127.0.0.1:9090) {
    errno: -111,
    code: 'ECONNREFUSED',
    syscall: 'connect',
    address: '127.0.0.1',
    port: 9090
  }
]
[2025-07-16T07:05:59.400Z] error: <httpProxy> Error calling http://127.0.0.1:9090/api/v1/query...
[2025-07-16T07:05:59.401Z] error: <httpProxy> [
  500,
  Error: connect ECONNREFUSED 127.0.0.1:9090
      at <unknown> (Error: connect ECONNREFUSED 127.0.0.1:9090) {
    errno: -111,
    code: 'ECONNREFUSED',
    syscall: 'connect',
    address: '127.0.0.1',
    port: 9090
  }
]
[2025-07-16T07:06:14.908Z] error: <httpProxy> Error calling http://127.0.0.1:9090/api/v1/query...
[2025-07-16T07:06:14.910Z] error: <httpProxy> [
  500,
  Error: connect ECONNREFUSED 127.0.0.1:9090
      at <unknown> (Error: connect ECONNREFUSED 127.0.0.1:9090) {
    errno: -111,
    code: 'ECONNREFUSED',
    syscall: 'connect',
    address: '127.0.0.1',
    port: 9090
  }
]
[2025-07-16T07:06:14.911Z] error: <httpProxy> Error calling http://127.0.0.1:9090/api/v1/query...
[2025-07-16T07:06:14.912Z] error: <httpProxy> [
  500,
  Error: connect ECONNREFUSED 127.0.0.1:9090
      at <unknown> (Error: connect ECONNREFUSED 127.0.0.1:9090) {
    errno: -111,
    code: 'ECONNREFUSED',
    syscall: 'connect',
    address: '127.0.0.1',
    port: 9090
  }
]
[2025-07-16T07:06:14.912Z] error: <httpProxy> Error calling http://127.0.0.1:9090/api/v1/query...
[2025-07-16T07:06:14.913Z] error: <httpProxy> [
  500,
  Error: connect ECONNREFUSED 127.0.0.1:9090
      at <unknown> (Error: connect ECONNREFUSED 127.0.0.1:9090) {
    errno: -111,
    code: 'ECONNREFUSED',
    syscall: 'connect',
    address: '127.0.0.1',
    port: 9090
  }
]
[2025-07-16T07:06:14.913Z] error: <httpProxy> Error calling http://127.0.0.1:9090/api/v1/query...
[2025-07-16T07:06:14.913Z] error: <httpProxy> [
  500,
  Error: connect ECONNREFUSED 127.0.0.1:9090
      at <unknown> (Error: connect ECONNREFUSED 127.0.0.1:9090) {
    errno: -111,
    code: 'ECONNREFUSED',
    syscall: 'connect',
    address: '127.0.0.1',
    port: 9090
  }
]
[2025-07-16T07:06:14.914Z] error: <httpProxy> Error calling http://127.0.0.1:9090/api/v1/query...
[2025-07-16T07:06:14.914Z] error: <httpProxy> [
  500,
  Error: connect ECONNREFUSED 127.0.0.1:9090
      at <unknown> (Error: connect ECONNREFUSED 127.0.0.1:9090) {
    errno: -111,
    code: 'ECONNREFUSED',
    syscall: 'connect',
    address: '127.0.0.1',
    port: 9090
  }
]
[2025-07-16T07:06:14.914Z] error: <httpProxy> Error calling http://127.0.0.1:9090/api/v1/query...
[2025-07-16T07:06:14.914Z] error: <httpProxy> [
  500,
  Error: connect ECONNREFUSED 127.0.0.1:9090
      at <unknown> (Error: connect ECONNREFUSED 127.0.0.1:9090) {
    errno: -111,
    code: 'ECONNREFUSED',
    syscall: 'connect',
    address: '127.0.0.1',
    port: 9090
  }
]
[2025-07-16T07:06:14.915Z] error: <httpProxy> Error calling http://127.0.0.1:9090/api/v1/query...
[2025-07-16T07:06:14.915Z] error: <httpProxy> [
  500,
  Error: connect ECONNREFUSED 127.0.0.1:9090
      at <unknown> (Error: connect ECONNREFUSED 127.0.0.1:9090) {
    errno: -111,
    code: 'ECONNREFUSED',
    syscall: 'connect',
    address: '127.0.0.1',
    port: 9090
  }
]
[2025-07-16T07:06:14.915Z] error: <httpProxy> Error calling http://127.0.0.1:9090/api/v1/query...
[2025-07-16T07:06:14.915Z] error: <httpProxy> [
  500,
  Error: connect ECONNREFUSED 127.0.0.1:9090
      at <unknown> (Error: connect ECONNREFUSED 127.0.0.1:9090) {
    errno: -111,
    code: 'ECONNREFUSED',
    syscall: 'connect',
    address: '127.0.0.1',
    port: 9090
  }
]
[2025-07-16T07:06:14.918Z] error: <httpProxy> Error calling http://127.0.0.1:9090/api/v1/query...
[2025-07-16T07:06:14.919Z] error: <httpProxy> [
  500,
  Error: connect ECONNREFUSED 127.0.0.1:9090
      at <unknown> (Error: connect ECONNREFUSED 127.0.0.1:9090) {
    errno: -111,
    code: 'ECONNREFUSED',
    syscall: 'connect',
    address: '127.0.0.1',
    port: 9090
  }
]
[2025-07-16T07:06:14.919Z] error: <httpProxy> Error calling http://127.0.0.1:9090/api/v1/query...
[2025-07-16T07:06:14.919Z] error: <httpProxy> [
  500,
  Error: connect ECONNREFUSED 127.0.0.1:9090
      at <unknown> (Error: connect ECONNREFUSED 127.0.0.1:9090) {
    errno: -111,
    code: 'ECONNREFUSED',
    syscall: 'connect',
    address: '127.0.0.1',
    port: 9090
  }
]
[2025-07-16T07:06:14.919Z] error: <httpProxy> Error calling http://127.0.0.1:9090/api/v1/query...
[2025-07-16T07:06:14.920Z] error: <httpProxy> [
  500,
  Error: connect ECONNREFUSED 127.0.0.1:9090
      at <unknown> (Error: connect ECONNREFUSED 127.0.0.1:9090) {
    errno: -111,
    code: 'ECONNREFUSED',
    syscall: 'connect',
    address: '127.0.0.1',
    port: 9090
  }
]
[2025-07-16T07:06:19.751Z] error: <httpProxy> Error calling http://127.0.0.1:9090/api/v1/query...
[2025-07-16T07:06:19.751Z] error: <httpProxy> [
  500,
  Error: connect ECONNREFUSED 127.0.0.1:9090
      at <unknown> (Error: connect ECONNREFUSED 127.0.0.1:9090) {
    errno: -111,
    code: 'ECONNREFUSED',
    syscall: 'connect',
    address: '127.0.0.1',
    port: 9090
  }
]
[2025-07-16T07:06:19.753Z] error: <httpProxy> Error calling http://127.0.0.1:9090/api/v1/query...
[2025-07-16T07:06:19.753Z] error: <httpProxy> [
  500,
  Error: connect ECONNREFUSED 127.0.0.1:9090
      at <unknown> (Error: connect ECONNREFUSED 127.0.0.1:9090) {
    errno: -111,
    code: 'ECONNREFUSED',
    syscall: 'connect',
    address: '127.0.0.1',
    port: 9090
  }
]
[2025-07-16T07:06:19.755Z] error: <httpProxy> Error calling http://127.0.0.1:9090/api/v1/query...
[2025-07-16T07:06:19.755Z] error: <httpProxy> [
  500,
  Error: connect ECONNREFUSED 127.0.0.1:9090
      at <unknown> (Error: connect ECONNREFUSED 127.0.0.1:9090) {
    errno: -111,
    code: 'ECONNREFUSED',
    syscall: 'connect',
    address: '127.0.0.1',
    port: 9090
  }
]
[2025-07-16T07:06:19.757Z] error: <httpProxy> Error calling http://127.0.0.1:9090/api/v1/query...
[2025-07-16T07:06:19.757Z] error: <httpProxy> [
  500,
  Error: connect ECONNREFUSED 127.0.0.1:9090
      at <unknown> (Error: connect ECONNREFUSED 127.0.0.1:9090) {
    errno: -111,
    code: 'ECONNREFUSED',
    syscall: 'connect',
    address: '127.0.0.1',
    port: 9090
  }
]
[2025-07-16T07:06:19.759Z] error: <httpProxy> Error calling http://127.0.0.1:9090/api/v1/query...
[2025-07-16T07:06:19.760Z] error: <httpProxy> [
  500,
  Error: connect ECONNREFUSED 127.0.0.1:9090
      at <unknown> (Error: connect ECONNREFUSED 127.0.0.1:9090) {
    errno: -111,
    code: 'ECONNREFUSED',
    syscall: 'connect',
    address: '127.0.0.1',
    port: 9090
  }
]
[2025-07-16T07:06:19.761Z] error: <httpProxy> Error calling http://127.0.0.1:9090/api/v1/query...
[2025-07-16T07:06:19.762Z] error: <httpProxy> [
  500,
  Error: connect ECONNREFUSED 127.0.0.1:9090
      at <unknown> (Error: connect ECONNREFUSED 127.0.0.1:9090) {
    errno: -111,
    code: 'ECONNREFUSED',
    syscall: 'connect',
    address: '127.0.0.1',
    port: 9090
  }
]
[2025-07-16T07:06:19.764Z] error: <httpProxy> Error calling http://127.0.0.1:9090/api/v1/query...
[2025-07-16T07:06:19.764Z] error: <httpProxy> [
  500,
  Error: connect ECONNREFUSED 127.0.0.1:9090
      at <unknown> (Error: connect ECONNREFUSED 127.0.0.1:9090) {
    errno: -111,
    code: 'ECONNREFUSED',
    syscall: 'connect',
    address: '127.0.0.1',
    port: 9090
  }
]
[2025-07-16T07:06:19.767Z] error: <httpProxy> Error calling http://127.0.0.1:9090/api/v1/query...
[2025-07-16T07:06:19.767Z] error: <httpProxy> [
  500,
  Error: connect ECONNREFUSED 127.0.0.1:9090
      at <unknown> (Error: connect ECONNREFUSED 127.0.0.1:9090) {
    errno: -111,
    code: 'ECONNREFUSED',
    syscall: 'connect',
    address: '127.0.0.1',
    port: 9090
  }
]
[2025-07-16T07:06:19.769Z] error: <httpProxy> Error calling http://127.0.0.1:9090/api/v1/query...
[2025-07-16T07:06:19.769Z] error: <httpProxy> [
  500,
  Error: connect ECONNREFUSED 127.0.0.1:9090
      at <unknown> (Error: connect ECONNREFUSED 127.0.0.1:9090) {
    errno: -111,
    code: 'ECONNREFUSED',
    syscall: 'connect',
    address: '127.0.0.1',
    port: 9090
  }
]
[2025-07-16T07:06:19.774Z] error: <httpProxy> Error calling http://127.0.0.1:9090/api/v1/query...
[2025-07-16T07:06:19.774Z] error: <httpProxy> [
  500,
  Error: connect ECONNREFUSED 127.0.0.1:9090
      at <unknown> (Error: connect ECONNREFUSED 127.0.0.1:9090) {
    errno: -111,
    code: 'ECONNREFUSED',
    syscall: 'connect',
    address: '127.0.0.1',
    port: 9090
  }
]
[2025-07-16T07:06:19.776Z] error: <httpProxy> Error calling http://127.0.0.1:9090/api/v1/query...
[2025-07-16T07:06:19.777Z] error: <httpProxy> [
  500,
  Error: connect ECONNREFUSED 127.0.0.1:9090
      at <unknown> (Error: connect ECONNREFUSED 127.0.0.1:9090) {
    errno: -111,
    code: 'ECONNREFUSED',
    syscall: 'connect',
    address: '127.0.0.1',
    port: 9090
  }
]
[2025-07-16T07:06:20.071Z] error: <httpProxy> Error calling http://127.0.0.1:9090/api/v1/query...
[2025-07-16T07:06:20.072Z] error: <httpProxy> [
  500,
  Error: connect ECONNREFUSED 127.0.0.1:9090
      at <unknown> (Error: connect ECONNREFUSED 127.0.0.1:9090) {
    errno: -111,
    code: 'ECONNREFUSED',
    syscall: 'connect',
    address: '127.0.0.1',
    port: 9090
  }
]
[2025-07-16T07:06:20.072Z] error: <httpProxy> Error calling http://127.0.0.1:9090/api/v1/query...
[2025-07-16T07:06:20.072Z] error: <httpProxy> [
  500,
  Error: connect ECONNREFUSED 127.0.0.1:9090
      at <unknown> (Error: connect ECONNREFUSED 127.0.0.1:9090) {
    errno: -111,
    code: 'ECONNREFUSED',
    syscall: 'connect',
    address: '127.0.0.1',
    port: 9090
  }
]
[2025-07-16T07:06:20.079Z] error: <httpProxy> Error calling http://127.0.0.1:9090/api/v1/query...
[2025-07-16T07:06:20.079Z] error: <httpProxy> [
  500,
  Error: connect ECONNREFUSED 127.0.0.1:9090
      at <unknown> (Error: connect ECONNREFUSED 127.0.0.1:9090) {
    errno: -111,
    code: 'ECONNREFUSED',
    syscall: 'connect',
    address: '127.0.0.1',
    port: 9090
  }
]
[2025-07-16T07:06:20.082Z] error: <httpProxy> Error calling http://127.0.0.1:9090/api/v1/query...
[2025-07-16T07:06:20.082Z] error: <httpProxy> [
  500,
  Error: connect ECONNREFUSED 127.0.0.1:9090
      at <unknown> (Error: connect ECONNREFUSED 127.0.0.1:9090) {
    errno: -111,
    code: 'ECONNREFUSED',
    syscall: 'connect',
    address: '127.0.0.1',
    port: 9090
  }
]
[2025-07-16T07:06:20.085Z] error: <httpProxy> Error calling http://127.0.0.1:9090/api/v1/query...
[2025-07-16T07:06:20.085Z] error: <httpProxy> [
  500,
  Error: connect ECONNREFUSED 127.0.0.1:9090
      at <unknown> (Error: connect ECONNREFUSED 127.0.0.1:9090) {
    errno: -111,
    code: 'ECONNREFUSED',
    syscall: 'connect',
    address: '127.0.0.1',
    port: 9090
  }
]
[2025-07-16T07:06:20.086Z] error: <httpProxy> Error calling http://127.0.0.1:9090/api/v1/query...
[2025-07-16T07:06:20.086Z] error: <httpProxy> [
  500,
  Error: connect ECONNREFUSED 127.0.0.1:9090
      at <unknown> (Error: connect ECONNREFUSED 127.0.0.1:9090) {
    errno: -111,
    code: 'ECONNREFUSED',
    syscall: 'connect',
    address: '127.0.0.1',
    port: 9090
  }
]
[2025-07-16T07:06:20.087Z] error: <httpProxy> Error calling http://127.0.0.1:9090/api/v1/query...
[2025-07-16T07:06:20.087Z] error: <httpProxy> [
  500,
  Error: connect ECONNREFUSED 127.0.0.1:9090
      at <unknown> (Error: connect ECONNREFUSED 127.0.0.1:9090) {
    errno: -111,
    code: 'ECONNREFUSED',
    syscall: 'connect',
    address: '127.0.0.1',
    port: 9090
  }
]
[2025-07-16T07:06:20.088Z] error: <httpProxy> Error calling http://127.0.0.1:9090/api/v1/query...
[2025-07-16T07:06:20.088Z] error: <httpProxy> [
  500,
  Error: connect ECONNREFUSED 127.0.0.1:9090
      at <unknown> (Error: connect ECONNREFUSED 127.0.0.1:9090) {
    errno: -111,
    code: 'ECONNREFUSED',
    syscall: 'connect',
    address: '127.0.0.1',
    port: 9090
  }
]
[2025-07-16T07:06:20.089Z] error: <httpProxy> Error calling http://127.0.0.1:9090/api/v1/query...
[2025-07-16T07:06:20.089Z] error: <httpProxy> [
  500,
  Error: connect ECONNREFUSED 127.0.0.1:9090
      at <unknown> (Error: connect ECONNREFUSED 127.0.0.1:9090) {
    errno: -111,
    code: 'ECONNREFUSED',
    syscall: 'connect',
    address: '127.0.0.1',
    port: 9090
  }
]
[2025-07-16T07:06:20.090Z] error: <httpProxy> Error calling http://127.0.0.1:9090/api/v1/query...
[2025-07-16T07:06:20.090Z] error: <httpProxy> [
  500,
  Error: connect ECONNREFUSED 127.0.0.1:9090
      at <unknown> (Error: connect ECONNREFUSED 127.0.0.1:9090) {
    errno: -111,
    code: 'ECONNREFUSED',
    syscall: 'connect',
    address: '127.0.0.1',
    port: 9090
  }
]
[2025-07-16T07:06:20.091Z] error: <httpProxy> Error calling http://127.0.0.1:9090/api/v1/query...
[2025-07-16T07:06:20.091Z] error: <httpProxy> [
  500,
  Error: connect ECONNREFUSED 127.0.0.1:9090
      at <unknown> (Error: connect ECONNREFUSED 127.0.0.1:9090) {
    errno: -111,
    code: 'ECONNREFUSED',
    syscall: 'connect',
    address: '127.0.0.1',
    port: 9090
  }
]
[2025-07-16T07:06:35.086Z] error: <httpProxy> Error calling http://127.0.0.1:9090/api/v1/query...
[2025-07-16T07:06:35.086Z] error: <httpProxy> [
  500,
  Error: connect ECONNREFUSED 127.0.0.1:9090
      at <unknown> (Error: connect ECONNREFUSED 127.0.0.1:9090) {
    errno: -111,
    code: 'ECONNREFUSED',
    syscall: 'connect',
    address: '127.0.0.1',
    port: 9090
  }
]
[2025-07-16T07:06:35.087Z] error: <httpProxy> Error calling http://127.0.0.1:9090/api/v1/query...
[2025-07-16T07:06:35.087Z] error: <httpProxy> [
  500,
  Error: connect ECONNREFUSED 127.0.0.1:9090
      at <unknown> (Error: connect ECONNREFUSED 127.0.0.1:9090) {
    errno: -111,
    code: 'ECONNREFUSED',
    syscall: 'connect',
    address: '127.0.0.1',
    port: 9090
  }
]
[2025-07-16T07:06:35.087Z] error: <httpProxy> Error calling http://127.0.0.1:9090/api/v1/query...
[2025-07-16T07:06:35.087Z] error: <httpProxy> [
  500,
  Error: connect ECONNREFUSED 127.0.0.1:9090
      at <unknown> (Error: connect ECONNREFUSED 127.0.0.1:9090) {
    errno: -111,
    code: 'ECONNREFUSED',
    syscall: 'connect',
    address: '127.0.0.1',
    port: 9090
  }
]
[2025-07-16T07:06:35.087Z] error: <httpProxy> Error calling http://127.0.0.1:9090/api/v1/query...
[2025-07-16T07:06:35.088Z] error: <httpProxy> [
  500,
  Error: connect ECONNREFUSED 127.0.0.1:9090
      at <unknown> (Error: connect ECONNREFUSED 127.0.0.1:9090) {
    errno: -111,
    code: 'ECONNREFUSED',
    syscall: 'connect',
    address: '127.0.0.1',
    port: 9090
  }
]
[2025-07-16T07:06:35.088Z] error: <httpProxy> Error calling http://127.0.0.1:9090/api/v1/query...
[2025-07-16T07:06:35.088Z] error: <httpProxy> [
  500,
  Error: connect ECONNREFUSED 127.0.0.1:9090
      at <unknown> (Error: connect ECONNREFUSED 127.0.0.1:9090) {
    errno: -111,
    code: 'ECONNREFUSED',
    syscall: 'connect',
    address: '127.0.0.1',
    port: 9090
  }
]
[2025-07-16T07:06:35.088Z] error: <httpProxy> Error calling http://127.0.0.1:9090/api/v1/query...
[2025-07-16T07:06:35.088Z] error: <httpProxy> [
  500,
  Error: connect ECONNREFUSED 127.0.0.1:9090
      at <unknown> (Error: connect ECONNREFUSED 127.0.0.1:9090) {
    errno: -111,
    code: 'ECONNREFUSED',
    syscall: 'connect',
    address: '127.0.0.1',
    port: 9090
  }
]
[2025-07-16T07:06:35.088Z] error: <httpProxy> Error calling http://127.0.0.1:9090/api/v1/query...
[2025-07-16T07:06:35.089Z] error: <httpProxy> [
  500,
  Error: connect ECONNREFUSED 127.0.0.1:9090
      at <unknown> (Error: connect ECONNREFUSED 127.0.0.1:9090) {
    errno: -111,
    code: 'ECONNREFUSED',
    syscall: 'connect',
    address: '127.0.0.1',
    port: 9090
  }
]
[2025-07-16T07:06:35.089Z] error: <httpProxy> Error calling http://127.0.0.1:9090/api/v1/query...
[2025-07-16T07:06:35.089Z] error: <httpProxy> [
  500,
  Error: connect ECONNREFUSED 127.0.0.1:9090
      at <unknown> (Error: connect ECONNREFUSED 127.0.0.1:9090) {
    errno: -111,
    code: 'ECONNREFUSED',
    syscall: 'connect',
    address: '127.0.0.1',
    port: 9090
  }
]
[2025-07-16T07:06:35.091Z] error: <httpProxy> Error calling http://127.0.0.1:9090/api/v1/query...
[2025-07-16T07:06:35.092Z] error: <httpProxy> [
  500,
  Error: connect ECONNREFUSED 127.0.0.1:9090
      at <unknown> (Error: connect ECONNREFUSED 127.0.0.1:9090) {
    errno: -111,
    code: 'ECONNREFUSED',
    syscall: 'connect',
    address: '127.0.0.1',
    port: 9090
  }
]
[2025-07-16T07:06:35.092Z] error: <httpProxy> Error calling http://127.0.0.1:9090/api/v1/query...
[2025-07-16T07:06:35.092Z] error: <httpProxy> [
  500,
  Error: connect ECONNREFUSED 127.0.0.1:9090
      at <unknown> (Error: connect ECONNREFUSED 127.0.0.1:9090) {
    errno: -111,
    code: 'ECONNREFUSED',
    syscall: 'connect',
    address: '127.0.0.1',
    port: 9090
  }
]
[2025-07-16T07:06:35.093Z] error: <httpProxy> Error calling http://127.0.0.1:9090/api/v1/query...
[2025-07-16T07:06:35.093Z] error: <httpProxy> [
  500,
  Error: connect ECONNREFUSED 127.0.0.1:9090
      at <unknown> (Error: connect ECONNREFUSED 127.0.0.1:9090) {
    errno: -111,
    code: 'ECONNREFUSED',
    syscall: 'connect',
    address: '127.0.0.1',
    port: 9090
  }
]
[2025-07-16T07:06:50.102Z] error: <httpProxy> Error calling http://127.0.0.1:9090/api/v1/query...
[2025-07-16T07:06:50.102Z] error: <httpProxy> [
  500,
  Error: connect ECONNREFUSED 127.0.0.1:9090
      at <unknown> (Error: connect ECONNREFUSED 127.0.0.1:9090) {
    errno: -111,
    code: 'ECONNREFUSED',
    syscall: 'connect',
    address: '127.0.0.1',
    port: 9090
  }
]
[2025-07-16T07:06:50.111Z] error: <httpProxy> Error calling http://127.0.0.1:9090/api/v1/query...
[2025-07-16T07:06:50.111Z] error: <httpProxy> [
  500,
  Error: connect ECONNREFUSED 127.0.0.1:9090
      at <unknown> (Error: connect ECONNREFUSED 127.0.0.1:9090) {
    errno: -111,
    code: 'ECONNREFUSED',
    syscall: 'connect',
    address: '127.0.0.1',
    port: 9090
  }
]
[2025-07-16T07:06:50.114Z] error: <httpProxy> Error calling http://127.0.0.1:9090/api/v1/query...
[2025-07-16T07:06:50.114Z] error: <httpProxy> [
  500,
  Error: connect ECONNREFUSED 127.0.0.1:9090
      at <unknown> (Error: connect ECONNREFUSED 127.0.0.1:9090) {
    errno: -111,
    code: 'ECONNREFUSED',
    syscall: 'connect',
    address: '127.0.0.1',
    port: 9090
  }
]
[2025-07-16T07:06:50.131Z] error: <httpProxy> Error calling http://127.0.0.1:9090/api/v1/query...
[2025-07-16T07:06:50.131Z] error: <httpProxy> [
  500,
  Error: connect ECONNREFUSED 127.0.0.1:9090
      at <unknown> (Error: connect ECONNREFUSED 127.0.0.1:9090) {
    errno: -111,
    code: 'ECONNREFUSED',
    syscall: 'connect',
    address: '127.0.0.1',
    port: 9090
  }
]
[2025-07-16T07:06:50.131Z] error: <httpProxy> Error calling http://127.0.0.1:9090/api/v1/query...
[2025-07-16T07:06:50.132Z] error: <httpProxy> [
  500,
  Error: connect ECONNREFUSED 127.0.0.1:9090
      at <unknown> (Error: connect ECONNREFUSED 127.0.0.1:9090) {
    errno: -111,
    code: 'ECONNREFUSED',
    syscall: 'connect',
    address: '127.0.0.1',
    port: 9090
  }
]
[2025-07-16T07:06:50.134Z] error: <httpProxy> Error calling http://127.0.0.1:9090/api/v1/query...
[2025-07-16T07:06:50.134Z] error: <httpProxy> [
  500,
  Error: connect ECONNREFUSED 127.0.0.1:9090
      at <unknown> (Error: connect ECONNREFUSED 127.0.0.1:9090) {
    errno: -111,
    code: 'ECONNREFUSED',
    syscall: 'connect',
    address: '127.0.0.1',
    port: 9090
  }
]
[2025-07-16T07:06:50.135Z] error: <httpProxy> Error calling http://127.0.0.1:9090/api/v1/query...
[2025-07-16T07:06:50.135Z] error: <httpProxy> [
  500,
  Error: connect ECONNREFUSED 127.0.0.1:9090
      at <unknown> (Error: connect ECONNREFUSED 127.0.0.1:9090) {
    errno: -111,
    code: 'ECONNREFUSED',
    syscall: 'connect',
    address: '127.0.0.1',
    port: 9090
  }
]
[2025-07-16T07:06:50.136Z] error: <httpProxy> Error calling http://127.0.0.1:9090/api/v1/query...
[2025-07-16T07:06:50.136Z] error: <httpProxy> [
  500,
  Error: connect ECONNREFUSED 127.0.0.1:9090
      at <unknown> (Error: connect ECONNREFUSED 127.0.0.1:9090) {
    errno: -111,
    code: 'ECONNREFUSED',
    syscall: 'connect',
    address: '127.0.0.1',
    port: 9090
  }
]
[2025-07-16T07:06:50.137Z] error: <httpProxy> Error calling http://127.0.0.1:9090/api/v1/query...
[2025-07-16T07:06:50.137Z] error: <httpProxy> [
  500,
  Error: connect ECONNREFUSED 127.0.0.1:9090
      at <unknown> (Error: connect ECONNREFUSED 127.0.0.1:9090) {
    errno: -111,
    code: 'ECONNREFUSED',
    syscall: 'connect',
    address: '127.0.0.1',
    port: 9090
  }
]
[2025-07-16T07:06:50.138Z] error: <httpProxy> Error calling http://127.0.0.1:9090/api/v1/query...
[2025-07-16T07:06:50.138Z] error: <httpProxy> [
  500,
  Error: connect ECONNREFUSED 127.0.0.1:9090
      at <unknown> (Error: connect ECONNREFUSED 127.0.0.1:9090) {
    errno: -111,
    code: 'ECONNREFUSED',
    syscall: 'connect',
    address: '127.0.0.1',
    port: 9090
  }
]
[2025-07-16T07:06:50.139Z] error: <httpProxy> Error calling http://127.0.0.1:9090/api/v1/query...
[2025-07-16T07:06:50.139Z] error: <httpProxy> [
  500,
  Error: connect ECONNREFUSED 127.0.0.1:9090
      at <unknown> (Error: connect ECONNREFUSED 127.0.0.1:9090) {
    errno: -111,
    code: 'ECONNREFUSED',
    syscall: 'connect',
    address: '127.0.0.1',
    port: 9090
  }
]
[2025-07-16T07:07:05.113Z] error: <httpProxy> Error calling http://127.0.0.1:9090/api/v1/query...
[2025-07-16T07:07:05.114Z] error: <httpProxy> [
  500,
  Error: connect ECONNREFUSED 127.0.0.1:9090
      at <unknown> (Error: connect ECONNREFUSED 127.0.0.1:9090) {
    errno: -111,
    code: 'ECONNREFUSED',
    syscall: 'connect',
    address: '127.0.0.1',
    port: 9090
  }
]
[2025-07-16T07:07:05.124Z] error: <httpProxy> Error calling http://127.0.0.1:9090/api/v1/query...
[2025-07-16T07:07:05.124Z] error: <httpProxy> [
  500,
  Error: connect ECONNREFUSED 127.0.0.1:9090
      at <unknown> (Error: connect ECONNREFUSED 127.0.0.1:9090) {
    errno: -111,
    code: 'ECONNREFUSED',
    syscall: 'connect',
    address: '127.0.0.1',
    port: 9090
  }
]
[2025-07-16T07:07:05.126Z] error: <httpProxy> Error calling http://127.0.0.1:9090/api/v1/query...
[2025-07-16T07:07:05.126Z] error: <httpProxy> [
  500,
  Error: connect ECONNREFUSED 127.0.0.1:9090
      at <unknown> (Error: connect ECONNREFUSED 127.0.0.1:9090) {
    errno: -111,
    code: 'ECONNREFUSED',
    syscall: 'connect',
    address: '127.0.0.1',
    port: 9090
  }
]
[2025-07-16T07:07:05.151Z] error: <httpProxy> Error calling http://127.0.0.1:9090/api/v1/query...
[2025-07-16T07:07:05.151Z] error: <httpProxy> [
  500,
  Error: connect ECONNREFUSED 127.0.0.1:9090
      at <unknown> (Error: connect ECONNREFUSED 127.0.0.1:9090) {
    errno: -111,
    code: 'ECONNREFUSED',
    syscall: 'connect',
    address: '127.0.0.1',
    port: 9090
  }
]
[2025-07-16T07:07:05.151Z] error: <httpProxy> Error calling http://127.0.0.1:9090/api/v1/query...
[2025-07-16T07:07:05.152Z] error: <httpProxy> [
  500,
  Error: connect ECONNREFUSED 127.0.0.1:9090
      at <unknown> (Error: connect ECONNREFUSED 127.0.0.1:9090) {
    errno: -111,
    code: 'ECONNREFUSED',
    syscall: 'connect',
    address: '127.0.0.1',
    port: 9090
  }
]
[2025-07-16T07:07:05.152Z] error: <httpProxy> Error calling http://127.0.0.1:9090/api/v1/query...
[2025-07-16T07:07:05.152Z] error: <httpProxy> [
  500,
  Error: connect ECONNREFUSED 127.0.0.1:9090
      at <unknown> (Error: connect ECONNREFUSED 127.0.0.1:9090) {
    errno: -111,
    code: 'ECONNREFUSED',
    syscall: 'connect',
    address: '127.0.0.1',
    port: 9090
  }
]
[2025-07-16T07:07:05.153Z] error: <httpProxy> Error calling http://127.0.0.1:9090/api/v1/query...
[2025-07-16T07:07:05.154Z] error: <httpProxy> [
  500,
  Error: connect ECONNREFUSED 127.0.0.1:9090
      at <unknown> (Error: connect ECONNREFUSED 127.0.0.1:9090) {
    errno: -111,
    code: 'ECONNREFUSED',
    syscall: 'connect',
    address: '127.0.0.1',
    port: 9090
  }
]
[2025-07-16T07:07:05.156Z] error: <httpProxy> Error calling http://127.0.0.1:9090/api/v1/query...
[2025-07-16T07:07:05.156Z] error: <httpProxy> [
  500,
  Error: connect ECONNREFUSED 127.0.0.1:9090
      at <unknown> (Error: connect ECONNREFUSED 127.0.0.1:9090) {
    errno: -111,
    code: 'ECONNREFUSED',
    syscall: 'connect',
    address: '127.0.0.1',
    port: 9090
  }
]
[2025-07-16T07:07:05.161Z] error: <httpProxy> Error calling http://127.0.0.1:9090/api/v1/query...
[2025-07-16T07:07:05.161Z] error: <httpProxy> [
  500,
  Error: connect ECONNREFUSED 127.0.0.1:9090
      at <unknown> (Error: connect ECONNREFUSED 127.0.0.1:9090) {
    errno: -111,
    code: 'ECONNREFUSED',
    syscall: 'connect',
    address: '127.0.0.1',
    port: 9090
  }
]
[2025-07-16T07:07:05.162Z] error: <httpProxy> Error calling http://127.0.0.1:9090/api/v1/query...
[2025-07-16T07:07:05.162Z] error: <httpProxy> [
  500,
  Error: connect ECONNREFUSED 127.0.0.1:9090
      at <unknown> (Error: connect ECONNREFUSED 127.0.0.1:9090) {
    errno: -111,
    code: 'ECONNREFUSED',
    syscall: 'connect',
    address: '127.0.0.1',
    port: 9090
  }
]
[2025-07-16T07:07:05.163Z] error: <httpProxy> Error calling http://127.0.0.1:9090/api/v1/query...
[2025-07-16T07:07:05.163Z] error: <httpProxy> [
  500,
  Error: connect ECONNREFUSED 127.0.0.1:9090
      at <unknown> (Error: connect ECONNREFUSED 127.0.0.1:9090) {
    errno: -111,
    code: 'ECONNREFUSED',
    syscall: 'connect',
    address: '127.0.0.1',
    port: 9090
  }
]
[2025-07-16T07:07:20.125Z] error: <httpProxy> Error calling http://127.0.0.1:9090/api/v1/query...
[2025-07-16T07:07:20.125Z] error: <httpProxy> [
  500,
  Error: connect ECONNREFUSED 127.0.0.1:9090
      at <unknown> (Error: connect ECONNREFUSED 127.0.0.1:9090) {
    errno: -111,
    code: 'ECONNREFUSED',
    syscall: 'connect',
    address: '127.0.0.1',
    port: 9090
  }
]
[2025-07-16T07:07:20.136Z] error: <httpProxy> Error calling http://127.0.0.1:9090/api/v1/query...
[2025-07-16T07:07:20.136Z] error: <httpProxy> [
  500,
  Error: connect ECONNREFUSED 127.0.0.1:9090
      at <unknown> (Error: connect ECONNREFUSED 127.0.0.1:9090) {
    errno: -111,
    code: 'ECONNREFUSED',
    syscall: 'connect',
    address: '127.0.0.1',
    port: 9090
  }
]
[2025-07-16T07:07:20.137Z] error: <httpProxy> Error calling http://127.0.0.1:9090/api/v1/query...
[2025-07-16T07:07:20.137Z] error: <httpProxy> [
  500,
  Error: connect ECONNREFUSED 127.0.0.1:9090
      at <unknown> (Error: connect ECONNREFUSED 127.0.0.1:9090) {
    errno: -111,
    code: 'ECONNREFUSED',
    syscall: 'connect',
    address: '127.0.0.1',
    port: 9090
  }
]
[2025-07-16T07:07:20.166Z] error: <httpProxy> Error calling http://127.0.0.1:9090/api/v1/query...
[2025-07-16T07:07:20.166Z] error: <httpProxy> [
  500,
  Error: connect ECONNREFUSED 127.0.0.1:9090
      at <unknown> (Error: connect ECONNREFUSED 127.0.0.1:9090) {
    errno: -111,
    code: 'ECONNREFUSED',
    syscall: 'connect',
    address: '127.0.0.1',
    port: 9090
  }
]
[2025-07-16T07:07:20.167Z] error: <httpProxy> Error calling http://127.0.0.1:9090/api/v1/query...
[2025-07-16T07:07:20.167Z] error: <httpProxy> [
  500,
  Error: connect ECONNREFUSED 127.0.0.1:9090
      at <unknown> (Error: connect ECONNREFUSED 127.0.0.1:9090) {
    errno: -111,
    code: 'ECONNREFUSED',
    syscall: 'connect',
    address: '127.0.0.1',
    port: 9090
  }
]
[2025-07-16T07:07:20.168Z] error: <httpProxy> Error calling http://127.0.0.1:9090/api/v1/query...
[2025-07-16T07:07:20.168Z] error: <httpProxy> [
  500,
  Error: connect ECONNREFUSED 127.0.0.1:9090
      at <unknown> (Error: connect ECONNREFUSED 127.0.0.1:9090) {
    errno: -111,
    code: 'ECONNREFUSED',
    syscall: 'connect',
    address: '127.0.0.1',
    port: 9090
  }
]
[2025-07-16T07:07:20.169Z] error: <httpProxy> Error calling http://127.0.0.1:9090/api/v1/query...
[2025-07-16T07:07:20.169Z] error: <httpProxy> [
  500,
  Error: connect ECONNREFUSED 127.0.0.1:9090
      at <unknown> (Error: connect ECONNREFUSED 127.0.0.1:9090) {
    errno: -111,
    code: 'ECONNREFUSED',
    syscall: 'connect',
    address: '127.0.0.1',
    port: 9090
  }
]
[2025-07-16T07:07:20.169Z] error: <httpProxy> Error calling http://127.0.0.1:9090/api/v1/query...
[2025-07-16T07:07:20.170Z] error: <httpProxy> [
  500,
  Error: connect ECONNREFUSED 127.0.0.1:9090
      at <unknown> (Error: connect ECONNREFUSED 127.0.0.1:9090) {
    errno: -111,
    code: 'ECONNREFUSED',
    syscall: 'connect',
    address: '127.0.0.1',
    port: 9090
  }
]
[2025-07-16T07:07:20.175Z] error: <httpProxy> Error calling http://127.0.0.1:9090/api/v1/query...
[2025-07-16T07:07:20.175Z] error: <httpProxy> [
  500,
  Error: connect ECONNREFUSED 127.0.0.1:9090
      at <unknown> (Error: connect ECONNREFUSED 127.0.0.1:9090) {
    errno: -111,
    code: 'ECONNREFUSED',
    syscall: 'connect',
    address: '127.0.0.1',
    port: 9090
  }
]
[2025-07-16T07:07:20.183Z] error: <httpProxy> Error calling http://127.0.0.1:9090/api/v1/query...
[2025-07-16T07:07:20.183Z] error: <httpProxy> [
  500,
  Error: connect ECONNREFUSED 127.0.0.1:9090
      at <unknown> (Error: connect ECONNREFUSED 127.0.0.1:9090) {
    errno: -111,
    code: 'ECONNREFUSED',
    syscall: 'connect',
    address: '127.0.0.1',
    port: 9090
  }
]
[2025-07-16T07:07:20.184Z] error: <httpProxy> Error calling http://127.0.0.1:9090/api/v1/query...
[2025-07-16T07:07:20.185Z] error: <httpProxy> [
  500,
  Error: connect ECONNREFUSED 127.0.0.1:9090
      at <unknown> (Error: connect ECONNREFUSED 127.0.0.1:9090) {
    errno: -111,
    code: 'ECONNREFUSED',
    syscall: 'connect',
    address: '127.0.0.1',
    port: 9090
  }
]
[2025-07-16T07:07:35.138Z] error: <httpProxy> Error calling http://127.0.0.1:9090/api/v1/query...
[2025-07-16T07:07:35.138Z] error: <httpProxy> [
  500,
  Error: connect ECONNREFUSED 127.0.0.1:9090
      at <unknown> (Error: connect ECONNREFUSED 127.0.0.1:9090) {
    errno: -111,
    code: 'ECONNREFUSED',
    syscall: 'connect',
    address: '127.0.0.1',
    port: 9090
  }
]
[2025-07-16T07:07:35.147Z] error: <httpProxy> Error calling http://127.0.0.1:9090/api/v1/query...
[2025-07-16T07:07:35.147Z] error: <httpProxy> [
  500,
  Error: connect ECONNREFUSED 127.0.0.1:9090
      at <unknown> (Error: connect ECONNREFUSED 127.0.0.1:9090) {
    errno: -111,
    code: 'ECONNREFUSED',
    syscall: 'connect',
    address: '127.0.0.1',
    port: 9090
  }
]
[2025-07-16T07:07:35.148Z] error: <httpProxy> Error calling http://127.0.0.1:9090/api/v1/query...
[2025-07-16T07:07:35.148Z] error: <httpProxy> [
  500,
  Error: connect ECONNREFUSED 127.0.0.1:9090
      at <unknown> (Error: connect ECONNREFUSED 127.0.0.1:9090) {
    errno: -111,
    code: 'ECONNREFUSED',
    syscall: 'connect',
    address: '127.0.0.1',
    port: 9090
  }
]
[2025-07-16T07:07:35.176Z] error: <httpProxy> Error calling http://127.0.0.1:9090/api/v1/query...
[2025-07-16T07:07:35.176Z] error: <httpProxy> [
  500,
  Error: connect ECONNREFUSED 127.0.0.1:9090
      at <unknown> (Error: connect ECONNREFUSED 127.0.0.1:9090) {
    errno: -111,
    code: 'ECONNREFUSED',
    syscall: 'connect',
    address: '127.0.0.1',
    port: 9090
  }
]
[2025-07-16T07:07:35.188Z] error: <httpProxy> Error calling http://127.0.0.1:9090/api/v1/query...
[2025-07-16T07:07:35.188Z] error: <httpProxy> [
  500,
  Error: connect ECONNREFUSED 127.0.0.1:9090
      at <unknown> (Error: connect ECONNREFUSED 127.0.0.1:9090) {
    errno: -111,
    code: 'ECONNREFUSED',
    syscall: 'connect',
    address: '127.0.0.1',
    port: 9090
  }
]
[2025-07-16T07:07:35.188Z] error: <httpProxy> Error calling http://127.0.0.1:9090/api/v1/query...
[2025-07-16T07:07:35.188Z] error: <httpProxy> [
  500,
  Error: connect ECONNREFUSED 127.0.0.1:9090
      at <unknown> (Error: connect ECONNREFUSED 127.0.0.1:9090) {
    errno: -111,
    code: 'ECONNREFUSED',
    syscall: 'connect',
    address: '127.0.0.1',
    port: 9090
  }
]
[2025-07-16T07:07:35.189Z] error: <httpProxy> Error calling http://127.0.0.1:9090/api/v1/query...
[2025-07-16T07:07:35.189Z] error: <httpProxy> [
  500,
  Error: connect ECONNREFUSED 127.0.0.1:9090
      at <unknown> (Error: connect ECONNREFUSED 127.0.0.1:9090) {
    errno: -111,
    code: 'ECONNREFUSED',
    syscall: 'connect',
    address: '127.0.0.1',
    port: 9090
  }
]
[2025-07-16T07:07:35.189Z] error: <httpProxy> Error calling http://127.0.0.1:9090/api/v1/query...
[2025-07-16T07:07:35.190Z] error: <httpProxy> [
  500,
  Error: connect ECONNREFUSED 127.0.0.1:9090
      at <unknown> (Error: connect ECONNREFUSED 127.0.0.1:9090) {
    errno: -111,
    code: 'ECONNREFUSED',
    syscall: 'connect',
    address: '127.0.0.1',
    port: 9090
  }
]
[2025-07-16T07:07:35.190Z] error: <httpProxy> Error calling http://127.0.0.1:9090/api/v1/query...
[2025-07-16T07:07:35.190Z] error: <httpProxy> [
  500,
  Error: connect ECONNREFUSED 127.0.0.1:9090
      at <unknown> (Error: connect ECONNREFUSED 127.0.0.1:9090) {
    errno: -111,
    code: 'ECONNREFUSED',
    syscall: 'connect',
    address: '127.0.0.1',
    port: 9090
  }
]
[2025-07-16T07:07:35.193Z] error: <httpProxy> Error calling http://127.0.0.1:9090/api/v1/query...
[2025-07-16T07:07:35.193Z] error: <httpProxy> [
  500,
  Error: connect ECONNREFUSED 127.0.0.1:9090
      at <unknown> (Error: connect ECONNREFUSED 127.0.0.1:9090) {
    errno: -111,
    code: 'ECONNREFUSED',
    syscall: 'connect',
    address: '127.0.0.1',
    port: 9090
  }
]
[2025-07-16T07:07:35.194Z] error: <httpProxy> Error calling http://127.0.0.1:9090/api/v1/query...
[2025-07-16T07:07:35.194Z] error: <httpProxy> [
  500,
  Error: connect ECONNREFUSED 127.0.0.1:9090
      at <unknown> (Error: connect ECONNREFUSED 127.0.0.1:9090) {
    errno: -111,
    code: 'ECONNREFUSED',
    syscall: 'connect',
    address: '127.0.0.1',
    port: 9090
  }
]
[2025-07-16T07:07:50.150Z] error: <httpProxy> Error calling http://127.0.0.1:9090/api/v1/query...
[2025-07-16T07:07:50.150Z] error: <httpProxy> [
  500,
  Error: connect ECONNREFUSED 127.0.0.1:9090
      at <unknown> (Error: connect ECONNREFUSED 127.0.0.1:9090) {
    errno: -111,
    code: 'ECONNREFUSED',
    syscall: 'connect',
    address: '127.0.0.1',
    port: 9090
  }
]
[2025-07-16T07:07:50.160Z] error: <httpProxy> Error calling http://127.0.0.1:9090/api/v1/query...
[2025-07-16T07:07:50.160Z] error: <httpProxy> [
  500,
  Error: connect ECONNREFUSED 127.0.0.1:9090
      at <unknown> (Error: connect ECONNREFUSED 127.0.0.1:9090) {
    errno: -111,
    code: 'ECONNREFUSED',
    syscall: 'connect',
    address: '127.0.0.1',
    port: 9090
  }
]
[2025-07-16T07:07:50.160Z] error: <httpProxy> Error calling http://127.0.0.1:9090/api/v1/query...
[2025-07-16T07:07:50.161Z] error: <httpProxy> [
  500,
  Error: connect ECONNREFUSED 127.0.0.1:9090
      at <unknown> (Error: connect ECONNREFUSED 127.0.0.1:9090) {
    errno: -111,
    code: 'ECONNREFUSED',
    syscall: 'connect',
    address: '127.0.0.1',
    port: 9090
  }
]
[2025-07-16T07:07:50.187Z] error: <httpProxy> Error calling http://127.0.0.1:9090/api/v1/query...
[2025-07-16T07:07:50.187Z] error: <httpProxy> [
  500,
  Error: connect ECONNREFUSED 127.0.0.1:9090
      at <unknown> (Error: connect ECONNREFUSED 127.0.0.1:9090) {
    errno: -111,
    code: 'ECONNREFUSED',
    syscall: 'connect',
    address: '127.0.0.1',
    port: 9090
  }
]
[2025-07-16T07:07:50.201Z] error: <httpProxy> Error calling http://127.0.0.1:9090/api/v1/query...
[2025-07-16T07:07:50.201Z] error: <httpProxy> [
  500,
  Error: connect ECONNREFUSED 127.0.0.1:9090
      at <unknown> (Error: connect ECONNREFUSED 127.0.0.1:9090) {
    errno: -111,
    code: 'ECONNREFUSED',
    syscall: 'connect',
    address: '127.0.0.1',
    port: 9090
  }
]
[2025-07-16T07:07:50.211Z] error: <httpProxy> Error calling http://127.0.0.1:9090/api/v1/query...
[2025-07-16T07:07:50.211Z] error: <httpProxy> [
  500,
  Error: connect ECONNREFUSED 127.0.0.1:9090
      at <unknown> (Error: connect ECONNREFUSED 127.0.0.1:9090) {
    errno: -111,
    code: 'ECONNREFUSED',
    syscall: 'connect',
    address: '127.0.0.1',
    port: 9090
  }
]
[2025-07-16T07:07:50.212Z] error: <httpProxy> Error calling http://127.0.0.1:9090/api/v1/query...
[2025-07-16T07:07:50.212Z] error: <httpProxy> [
  500,
  Error: connect ECONNREFUSED 127.0.0.1:9090
      at <unknown> (Error: connect ECONNREFUSED 127.0.0.1:9090) {
    errno: -111,
    code: 'ECONNREFUSED',
    syscall: 'connect',
    address: '127.0.0.1',
    port: 9090
  }
]
[2025-07-16T07:07:50.213Z] error: <httpProxy> Error calling http://127.0.0.1:9090/api/v1/query...
[2025-07-16T07:07:50.213Z] error: <httpProxy> [
  500,
  Error: connect ECONNREFUSED 127.0.0.1:9090
      at <unknown> (Error: connect ECONNREFUSED 127.0.0.1:9090) {
    errno: -111,
    code: 'ECONNREFUSED',
    syscall: 'connect',
    address: '127.0.0.1',
    port: 9090
  }
]
[2025-07-16T07:07:50.214Z] error: <httpProxy> Error calling http://127.0.0.1:9090/api/v1/query...
[2025-07-16T07:07:50.214Z] error: <httpProxy> [
  500,
  Error: connect ECONNREFUSED 127.0.0.1:9090
      at <unknown> (Error: connect ECONNREFUSED 127.0.0.1:9090) {
    errno: -111,
    code: 'ECONNREFUSED',
    syscall: 'connect',
    address: '127.0.0.1',
    port: 9090
  }
]
[2025-07-16T07:07:50.215Z] error: <httpProxy> Error calling http://127.0.0.1:9090/api/v1/query...
[2025-07-16T07:07:50.215Z] error: <httpProxy> [
  500,
  Error: connect ECONNREFUSED 127.0.0.1:9090
      at <unknown> (Error: connect ECONNREFUSED 127.0.0.1:9090) {
    errno: -111,
    code: 'ECONNREFUSED',
    syscall: 'connect',
    address: '127.0.0.1',
    port: 9090
  }
]
[2025-07-16T07:07:50.216Z] error: <httpProxy> Error calling http://127.0.0.1:9090/api/v1/query...
[2025-07-16T07:07:50.216Z] error: <httpProxy> [
  500,
  Error: connect ECONNREFUSED 127.0.0.1:9090
      at <unknown> (Error: connect ECONNREFUSED 127.0.0.1:9090) {
    errno: -111,
    code: 'ECONNREFUSED',
    syscall: 'connect',
    address: '127.0.0.1',
    port: 9090
  }
]
[2025-07-16T07:08:05.162Z] error: <httpProxy> Error calling http://127.0.0.1:9090/api/v1/query...
[2025-07-16T07:08:05.162Z] error: <httpProxy> [
  500,
  Error: connect ECONNREFUSED 127.0.0.1:9090
      at <unknown> (Error: connect ECONNREFUSED 127.0.0.1:9090) {
    errno: -111,
    code: 'ECONNREFUSED',
    syscall: 'connect',
    address: '127.0.0.1',
    port: 9090
  }
]
[2025-07-16T07:08:05.175Z] error: <httpProxy> Error calling http://127.0.0.1:9090/api/v1/query...
[2025-07-16T07:08:05.175Z] error: <httpProxy> [
  500,
  Error: connect ECONNREFUSED 127.0.0.1:9090
      at <unknown> (Error: connect ECONNREFUSED 127.0.0.1:9090) {
    errno: -111,
    code: 'ECONNREFUSED',
    syscall: 'connect',
    address: '127.0.0.1',
    port: 9090
  }
]
[2025-07-16T07:08:05.176Z] error: <httpProxy> Error calling http://127.0.0.1:9090/api/v1/query...
[2025-07-16T07:08:05.176Z] error: <httpProxy> [
  500,
  Error: connect ECONNREFUSED 127.0.0.1:9090
      at <unknown> (Error: connect ECONNREFUSED 127.0.0.1:9090) {
    errno: -111,
    code: 'ECONNREFUSED',
    syscall: 'connect',
    address: '127.0.0.1',
    port: 9090
  }
]
[2025-07-16T07:08:05.194Z] error: <httpProxy> Error calling http://127.0.0.1:9090/api/v1/query...
[2025-07-16T07:08:05.195Z] error: <httpProxy> [
  500,
  Error: connect ECONNREFUSED 127.0.0.1:9090
      at <unknown> (Error: connect ECONNREFUSED 127.0.0.1:9090) {
    errno: -111,
    code: 'ECONNREFUSED',
    syscall: 'connect',
    address: '127.0.0.1',
    port: 9090
  }
]
[2025-07-16T07:08:05.208Z] error: <httpProxy> Error calling http://127.0.0.1:9090/api/v1/query...
[2025-07-16T07:08:05.209Z] error: <httpProxy> [
  500,
  Error: connect ECONNREFUSED 127.0.0.1:9090
      at <unknown> (Error: connect ECONNREFUSED 127.0.0.1:9090) {
    errno: -111,
    code: 'ECONNREFUSED',
    syscall: 'connect',
    address: '127.0.0.1',
    port: 9090
  }
]
[2025-07-16T07:08:05.217Z] error: <httpProxy> Error calling http://127.0.0.1:9090/api/v1/query...
[2025-07-16T07:08:05.217Z] error: <httpProxy> [
  500,
  Error: connect ECONNREFUSED 127.0.0.1:9090
      at <unknown> (Error: connect ECONNREFUSED 127.0.0.1:9090) {
    errno: -111,
    code: 'ECONNREFUSED',
    syscall: 'connect',
    address: '127.0.0.1',
    port: 9090
  }
]
[2025-07-16T07:08:05.234Z] error: <httpProxy> Error calling http://127.0.0.1:9090/api/v1/query...
[2025-07-16T07:08:05.234Z] error: <httpProxy> [
  500,
  Error: connect ECONNREFUSED 127.0.0.1:9090
      at <unknown> (Error: connect ECONNREFUSED 127.0.0.1:9090) {
    errno: -111,
    code: 'ECONNREFUSED',
    syscall: 'connect',
    address: '127.0.0.1',
    port: 9090
  }
]
[2025-07-16T07:08:05.236Z] error: <httpProxy> Error calling http://127.0.0.1:9090/api/v1/query...
[2025-07-16T07:08:05.236Z] error: <httpProxy> [
  500,
  Error: connect ECONNREFUSED 127.0.0.1:9090
      at <unknown> (Error: connect ECONNREFUSED 127.0.0.1:9090) {
    errno: -111,
    code: 'ECONNREFUSED',
    syscall: 'connect',
    address: '127.0.0.1',
    port: 9090
  }
]
[2025-07-16T07:08:05.237Z] error: <httpProxy> Error calling http://127.0.0.1:9090/api/v1/query...
[2025-07-16T07:08:05.237Z] error: <httpProxy> [
  500,
  Error: connect ECONNREFUSED 127.0.0.1:9090
      at <unknown> (Error: connect ECONNREFUSED 127.0.0.1:9090) {
    errno: -111,
    code: 'ECONNREFUSED',
    syscall: 'connect',
    address: '127.0.0.1',
    port: 9090
  }
]
[2025-07-16T07:08:05.238Z] error: <httpProxy> Error calling http://127.0.0.1:9090/api/v1/query...
[2025-07-16T07:08:05.238Z] error: <httpProxy> [
  500,
  Error: connect ECONNREFUSED 127.0.0.1:9090
      at <unknown> (Error: connect ECONNREFUSED 127.0.0.1:9090) {
    errno: -111,
    code: 'ECONNREFUSED',
    syscall: 'connect',
    address: '127.0.0.1',
    port: 9090
  }
]
[2025-07-16T07:08:05.238Z] error: <httpProxy> Error calling http://127.0.0.1:9090/api/v1/query...
[2025-07-16T07:08:05.239Z] error: <httpProxy> [
  500,
  Error: connect ECONNREFUSED 127.0.0.1:9090
      at <unknown> (Error: connect ECONNREFUSED 127.0.0.1:9090) {
    errno: -111,
    code: 'ECONNREFUSED',
    syscall: 'connect',
    address: '127.0.0.1',
    port: 9090
  }
]
[2025-07-16T07:08:43.850Z] error: <httpProxy> Error calling http://tinynas:9090/api/v1/query...
[2025-07-16T07:08:43.852Z] error: <httpProxy> [
  500,
  [Error: getaddrinfo ENOTFOUND tinynas] {
    errno: -3008,
    code: 'ENOTFOUND',
    syscall: 'getaddrinfo',
    hostname: 'tinynas'
  }
]
[2025-07-16T07:08:47.421Z] error: <httpProxy> Error calling http://tinynas:9090/api/v1/query...
[2025-07-16T07:08:47.422Z] error: <httpProxy> [
  500,
  [Error: getaddrinfo ENOTFOUND tinynas] {
    errno: -3008,
    code: 'ENOTFOUND',
    syscall: 'getaddrinfo',
    hostname: 'tinynas'
  }
]
[2025-07-16T07:08:47.883Z] error: <httpProxy> Error calling http://tinynas:9090/api/v1/query...
[2025-07-16T07:08:47.883Z] error: <httpProxy> [
  500,
  [Error: getaddrinfo ENOTFOUND tinynas] {
    errno: -3008,
    code: 'ENOTFOUND',
    syscall: 'getaddrinfo',
    hostname: 'tinynas'
  }
]
[2025-07-16T07:08:51.454Z] error: <httpProxy> Error calling http://tinynas:9090/api/v1/query...
[2025-07-16T07:08:51.454Z] error: <httpProxy> [
  500,
  [Error: getaddrinfo ENOTFOUND tinynas] {
    errno: -3008,
    code: 'ENOTFOUND',
    syscall: 'getaddrinfo',
    hostname: 'tinynas'
  }
]
[2025-07-16T07:08:51.925Z] error: <httpProxy> Error calling http://tinynas:9090/api/v1/query...
[2025-07-16T07:08:51.926Z] error: <httpProxy> [
  500,
  [Error: getaddrinfo ENOTFOUND tinynas] {
    errno: -3008,
    code: 'ENOTFOUND',
    syscall: 'getaddrinfo',
    hostname: 'tinynas'
  }
]
[2025-07-16T07:08:55.491Z] error: <httpProxy> Error calling http://tinynas:9090/api/v1/query...
[2025-07-16T07:08:55.491Z] error: <httpProxy> [
  500,
  [Error: getaddrinfo ENOTFOUND tinynas] {
    errno: -3008,
    code: 'ENOTFOUND',
    syscall: 'getaddrinfo',
    hostname: 'tinynas'
  }
]
[2025-07-16T07:08:55.964Z] error: <httpProxy> Error calling http://tinynas:9090/api/v1/query...
[2025-07-16T07:08:55.964Z] error: <httpProxy> [
  500,
  [Error: getaddrinfo ENOTFOUND tinynas] {
    errno: -3008,
    code: 'ENOTFOUND',
    syscall: 'getaddrinfo',
    hostname: 'tinynas'
  }
]
[2025-07-16T07:08:59.527Z] error: <httpProxy> Error calling http://tinynas:9090/api/v1/query...
[2025-07-16T07:08:59.527Z] error: <httpProxy> [
  500,
  [Error: getaddrinfo ENOTFOUND tinynas] {
    errno: -3008,
    code: 'ENOTFOUND',
    syscall: 'getaddrinfo',
    hostname: 'tinynas'
  }
]
[2025-07-16T07:09:00.000Z] error: <httpProxy> Error calling http://tinynas:9090/api/v1/query...
[2025-07-16T07:09:00.000Z] error: <httpProxy> [
  500,
  [Error: getaddrinfo ENOTFOUND tinynas] {
    errno: -3008,
    code: 'ENOTFOUND',
    syscall: 'getaddrinfo',
    hostname: 'tinynas'
  }
]
[2025-07-16T07:09:03.562Z] error: <httpProxy> Error calling http://tinynas:9090/api/v1/query...
[2025-07-16T07:09:03.563Z] error: <httpProxy> [
  500,
  [Error: getaddrinfo ENOTFOUND tinynas] {
    errno: -3008,
    code: 'ENOTFOUND',
    syscall: 'getaddrinfo',
    hostname: 'tinynas'
  }
]
[2025-07-16T07:09:04.036Z] error: <httpProxy> Error calling http://tinynas:9090/api/v1/query...
[2025-07-16T07:09:04.036Z] error: <httpProxy> [
  500,
  [Error: getaddrinfo ENOTFOUND tinynas] {
    errno: -3008,
    code: 'ENOTFOUND',
    syscall: 'getaddrinfo',
    hostname: 'tinynas'
  }
]
[2025-07-16T07:09:07.597Z] error: <httpProxy> Error calling http://tinynas:9090/api/v1/query...
[2025-07-16T07:09:07.597Z] error: <httpProxy> [
  500,
  [Error: getaddrinfo ENOTFOUND tinynas] {
    errno: -3008,
    code: 'ENOTFOUND',
    syscall: 'getaddrinfo',
    hostname: 'tinynas'
  }
]
[2025-07-16T07:09:08.078Z] error: <httpProxy> Error calling http://tinynas:9090/api/v1/query...
[2025-07-16T07:09:08.078Z] error: <httpProxy> [
  500,
  [Error: getaddrinfo ENOTFOUND tinynas] {
    errno: -3008,
    code: 'ENOTFOUND',
    syscall: 'getaddrinfo',
    hostname: 'tinynas'
  }
]
[2025-07-16T07:09:11.632Z] error: <httpProxy> Error calling http://tinynas:9090/api/v1/query...
[2025-07-16T07:09:11.632Z] error: <httpProxy> [
  500,
  [Error: getaddrinfo ENOTFOUND tinynas] {
    errno: -3008,
    code: 'ENOTFOUND',
    syscall: 'getaddrinfo',
    hostname: 'tinynas'
  }
]
[2025-07-16T07:09:15.668Z] error: <httpProxy> Error calling http://tinynas:9090/api/v1/query...
[2025-07-16T07:09:15.668Z] error: <httpProxy> [
  500,
  [Error: getaddrinfo ENOTFOUND tinynas] {
    errno: -3008,
    code: 'ENOTFOUND',
    syscall: 'getaddrinfo',
    hostname: 'tinynas'
  }
]
[2025-07-16T07:09:16.164Z] error: <httpProxy> Error calling http://tinynas:9090/api/v1/query...
[2025-07-16T07:09:16.164Z] error: <httpProxy> [
  500,
  [Error: getaddrinfo ENOTFOUND tinynas] {
    errno: -3008,
    code: 'ENOTFOUND',
    syscall: 'getaddrinfo',
    hostname: 'tinynas'
  }
]
[2025-07-16T07:09:19.704Z] error: <httpProxy> Error calling http://tinynas:9090/api/v1/query...
[2025-07-16T07:09:19.704Z] error: <httpProxy> [
  500,
  [Error: getaddrinfo ENOTFOUND tinynas] {
    errno: -3008,
    code: 'ENOTFOUND',
    syscall: 'getaddrinfo',
    hostname: 'tinynas'
  }
]
[2025-07-16T07:09:20.204Z] error: <httpProxy> Error calling http://tinynas:9090/api/v1/query...
[2025-07-16T07:09:20.204Z] error: <httpProxy> [
  500,
  [Error: getaddrinfo ENOTFOUND tinynas] {
    errno: -3008,
    code: 'ENOTFOUND',
    syscall: 'getaddrinfo',
    hostname: 'tinynas'
  }
]
[2025-07-16T07:09:23.738Z] error: <httpProxy> Error calling http://tinynas:9090/api/v1/query...
[2025-07-16T07:09:23.739Z] error: <httpProxy> [
  500,
  [Error: getaddrinfo ENOTFOUND tinynas] {
    errno: -3008,
    code: 'ENOTFOUND',
    syscall: 'getaddrinfo',
    hostname: 'tinynas'
  }
]
[2025-07-16T07:09:24.239Z] error: <httpProxy> Error calling http://tinynas:9090/api/v1/query...
[2025-07-16T07:09:24.239Z] error: <httpProxy> [
  500,
  [Error: getaddrinfo ENOTFOUND tinynas] {
    errno: -3008,
    code: 'ENOTFOUND',
    syscall: 'getaddrinfo',
    hostname: 'tinynas'
  }
]
[2025-07-16T07:09:27.773Z] error: <httpProxy> Error calling http://tinynas:9090/api/v1/query...
[2025-07-16T07:09:27.773Z] error: <httpProxy> [
  500,
  [Error: getaddrinfo ENOTFOUND tinynas] {
    errno: -3008,
    code: 'ENOTFOUND',
    syscall: 'getaddrinfo',
    hostname: 'tinynas'
  }
]
[2025-07-16T07:09:28.273Z] error: <httpProxy> Error calling http://tinynas:9090/api/v1/query...
[2025-07-16T07:09:28.273Z] error: <httpProxy> [
  500,
  [Error: getaddrinfo ENOTFOUND tinynas] {
    errno: -3008,
    code: 'ENOTFOUND',
    syscall: 'getaddrinfo',
    hostname: 'tinynas'
  }
]
[2025-07-16T07:09:31.812Z] error: <httpProxy> Error calling http://tinynas:9090/api/v1/query...
[2025-07-16T07:09:31.812Z] error: <httpProxy> [
  500,
  [Error: getaddrinfo ENOTFOUND tinynas] {
    errno: -3008,
    code: 'ENOTFOUND',
    syscall: 'getaddrinfo',
    hostname: 'tinynas'
  }
]
[2025-07-16T07:09:32.311Z] error: <httpProxy> Error calling http://tinynas:9090/api/v1/query...
[2025-07-16T07:09:32.311Z] error: <httpProxy> [
  500,
  [Error: getaddrinfo ENOTFOUND tinynas] {
    errno: -3008,
    code: 'ENOTFOUND',
    syscall: 'getaddrinfo',
    hostname: 'tinynas'
  }
]
[2025-07-16T07:09:35.852Z] error: <httpProxy> Error calling http://tinynas:9090/api/v1/query...
[2025-07-16T07:09:35.852Z] error: <httpProxy> [
  500,
  [Error: getaddrinfo ENOTFOUND tinynas] {
    errno: -3008,
    code: 'ENOTFOUND',
    syscall: 'getaddrinfo',
    hostname: 'tinynas'
  }
]
[2025-07-16T07:09:36.349Z] error: <httpProxy> Error calling http://tinynas:9090/api/v1/query...
[2025-07-16T07:09:36.350Z] error: <httpProxy> [
  500,
  [Error: getaddrinfo ENOTFOUND tinynas] {
    errno: -3008,
    code: 'ENOTFOUND',
    syscall: 'getaddrinfo',
    hostname: 'tinynas'
  }
]
[2025-07-16T07:09:39.887Z] error: <httpProxy> Error calling http://tinynas:9090/api/v1/query...
[2025-07-16T07:09:39.888Z] error: <httpProxy> [
  500,
  [Error: getaddrinfo ENOTFOUND tinynas] {
    errno: -3008,
    code: 'ENOTFOUND',
    syscall: 'getaddrinfo',
    hostname: 'tinynas'
  }
]
[2025-07-16T07:09:40.386Z] error: <httpProxy> Error calling http://tinynas:9090/api/v1/query...
[2025-07-16T07:09:40.386Z] error: <httpProxy> [
  500,
  [Error: getaddrinfo ENOTFOUND tinynas] {
    errno: -3008,
    code: 'ENOTFOUND',
    syscall: 'getaddrinfo',
    hostname: 'tinynas'
  }
]
[2025-07-16T07:09:43.922Z] error: <httpProxy> Error calling http://tinynas:9090/api/v1/query...
[2025-07-16T07:09:43.922Z] error: <httpProxy> [
  500,
  [Error: getaddrinfo ENOTFOUND tinynas] {
    errno: -3008,
    code: 'ENOTFOUND',
    syscall: 'getaddrinfo',
    hostname: 'tinynas'
  }
]
[2025-07-16T07:09:44.422Z] error: <httpProxy> Error calling http://tinynas:9090/api/v1/query...
[2025-07-16T07:09:44.422Z] error: <httpProxy> [
  500,
  [Error: getaddrinfo ENOTFOUND tinynas] {
    errno: -3008,
    code: 'ENOTFOUND',
    syscall: 'getaddrinfo',
    hostname: 'tinynas'
  }
]
[2025-07-16T07:09:47.960Z] error: <httpProxy> Error calling http://tinynas:9090/api/v1/query...
[2025-07-16T07:09:47.961Z] error: <httpProxy> [
  500,
  [Error: getaddrinfo ENOTFOUND tinynas] {
    errno: -3008,
    code: 'ENOTFOUND',
    syscall: 'getaddrinfo',
    hostname: 'tinynas'
  }
]
[2025-07-16T07:09:48.457Z] error: <httpProxy> Error calling http://tinynas:9090/api/v1/query...
[2025-07-16T07:09:48.458Z] error: <httpProxy> [
  500,
  [Error: getaddrinfo ENOTFOUND tinynas] {
    errno: -3008,
    code: 'ENOTFOUND',
    syscall: 'getaddrinfo',
    hostname: 'tinynas'
  }
]
[2025-07-16T07:09:52.003Z] error: <httpProxy> Error calling http://tinynas:9090/api/v1/query...
[2025-07-16T07:09:52.003Z] error: <httpProxy> [
  500,
  [Error: getaddrinfo ENOTFOUND tinynas] {
    errno: -3008,
    code: 'ENOTFOUND',
    syscall: 'getaddrinfo',
    hostname: 'tinynas'
  }
]
[2025-07-16T07:09:52.493Z] error: <httpProxy> Error calling http://tinynas:9090/api/v1/query...
[2025-07-16T07:09:52.494Z] error: <httpProxy> [
  500,
  [Error: getaddrinfo ENOTFOUND tinynas] {
    errno: -3008,
    code: 'ENOTFOUND',
    syscall: 'getaddrinfo',
    hostname: 'tinynas'
  }
]
[2025-07-16T07:09:56.042Z] error: <httpProxy> Error calling http://tinynas:9090/api/v1/query...
[2025-07-16T07:09:56.042Z] error: <httpProxy> [
  500,
  [Error: getaddrinfo ENOTFOUND tinynas] {
    errno: -3008,
    code: 'ENOTFOUND',
    syscall: 'getaddrinfo',
    hostname: 'tinynas'
  }
]
[2025-07-16T07:09:56.528Z] error: <httpProxy> Error calling http://tinynas:9090/api/v1/query...
[2025-07-16T07:09:56.528Z] error: <httpProxy> [
  500,
  [Error: getaddrinfo ENOTFOUND tinynas] {
    errno: -3008,
    code: 'ENOTFOUND',
    syscall: 'getaddrinfo',
    hostname: 'tinynas'
  }
]
[2025-07-16T07:10:00.076Z] error: <httpProxy> Error calling http://tinynas:9090/api/v1/query...
[2025-07-16T07:10:00.076Z] error: <httpProxy> [
  500,
  [Error: getaddrinfo ENOTFOUND tinynas] {
    errno: -3008,
    code: 'ENOTFOUND',
    syscall: 'getaddrinfo',
    hostname: 'tinynas'
  }
]
[2025-07-16T07:10:00.563Z] error: <httpProxy> Error calling http://tinynas:9090/api/v1/query...
[2025-07-16T07:10:00.563Z] error: <httpProxy> [
  500,
  [Error: getaddrinfo ENOTFOUND tinynas] {
    errno: -3008,
    code: 'ENOTFOUND',
    syscall: 'getaddrinfo',
    hostname: 'tinynas'
  }
]
[2025-07-16T07:10:04.111Z] error: <httpProxy> Error calling http://tinynas:9090/api/v1/query...
[2025-07-16T07:10:04.112Z] error: <httpProxy> [
  500,
  [Error: getaddrinfo ENOTFOUND tinynas] {
    errno: -3008,
    code: 'ENOTFOUND',
    syscall: 'getaddrinfo',
    hostname: 'tinynas'
  }
]
[2025-07-16T07:10:04.595Z] error: <httpProxy> Error calling http://tinynas:9090/api/v1/query...
[2025-07-16T07:10:04.595Z] error: <httpProxy> [
  500,
  [Error: getaddrinfo ENOTFOUND tinynas] {
    errno: -3008,
    code: 'ENOTFOUND',
    syscall: 'getaddrinfo',
    hostname: 'tinynas'
  }
]
[2025-07-16T07:10:08.147Z] error: <httpProxy> Error calling http://tinynas:9090/api/v1/query...
[2025-07-16T07:10:08.147Z] error: <httpProxy> [
  500,
  [Error: getaddrinfo ENOTFOUND tinynas] {
    errno: -3008,
    code: 'ENOTFOUND',
    syscall: 'getaddrinfo',
    hostname: 'tinynas'
  }
]
[2025-07-16T07:10:08.634Z] error: <httpProxy> Error calling http://tinynas:9090/api/v1/query...
[2025-07-16T07:10:08.634Z] error: <httpProxy> [
  500,
  [Error: getaddrinfo ENOTFOUND tinynas] {
    errno: -3008,
    code: 'ENOTFOUND',
    syscall: 'getaddrinfo',
    hostname: 'tinynas'
  }
]
[2025-07-16T07:10:12.186Z] error: <httpProxy> Error calling http://tinynas:9090/api/v1/query...
[2025-07-16T07:10:12.186Z] error: <httpProxy> [
  500,
  [Error: getaddrinfo ENOTFOUND tinynas] {
    errno: -3008,
    code: 'ENOTFOUND',
    syscall: 'getaddrinfo',
    hostname: 'tinynas'
  }
]
[2025-07-16T07:10:12.670Z] error: <httpProxy> Error calling http://tinynas:9090/api/v1/query...
[2025-07-16T07:10:12.670Z] error: <httpProxy> [
  500,
  [Error: getaddrinfo ENOTFOUND tinynas] {
    errno: -3008,
    code: 'ENOTFOUND',
    syscall: 'getaddrinfo',
    hostname: 'tinynas'
  }
]
[2025-07-16T07:10:16.221Z] error: <httpProxy> Error calling http://tinynas:9090/api/v1/query...
[2025-07-16T07:10:16.221Z] error: <httpProxy> [
  500,
  [Error: getaddrinfo ENOTFOUND tinynas] {
    errno: -3008,
    code: 'ENOTFOUND',
    syscall: 'getaddrinfo',
    hostname: 'tinynas'
  }
]
[2025-07-16T07:10:16.703Z] error: <httpProxy> Error calling http://tinynas:9090/api/v1/query...
[2025-07-16T07:10:16.703Z] error: <httpProxy> [
  500,
  [Error: getaddrinfo ENOTFOUND tinynas] {
    errno: -3008,
    code: 'ENOTFOUND',
    syscall: 'getaddrinfo',
    hostname: 'tinynas'
  }
]
[2025-07-16T07:10:20.257Z] error: <httpProxy> Error calling http://tinynas:9090/api/v1/query...
[2025-07-16T07:10:20.257Z] error: <httpProxy> [
  500,
  [Error: getaddrinfo ENOTFOUND tinynas] {
    errno: -3008,
    code: 'ENOTFOUND',
    syscall: 'getaddrinfo',
    hostname: 'tinynas'
  }
]
[2025-07-16T07:10:20.737Z] error: <httpProxy> Error calling http://tinynas:9090/api/v1/query...
[2025-07-16T07:10:20.737Z] error: <httpProxy> [
  500,
  [Error: getaddrinfo ENOTFOUND tinynas] {
    errno: -3008,
    code: 'ENOTFOUND',
    syscall: 'getaddrinfo',
    hostname: 'tinynas'
  }
]
[2025-07-16T07:10:24.290Z] error: <httpProxy> Error calling http://tinynas:9090/api/v1/query...
[2025-07-16T07:10:24.290Z] error: <httpProxy> [
  500,
  [Error: getaddrinfo ENOTFOUND tinynas] {
    errno: -3008,
    code: 'ENOTFOUND',
    syscall: 'getaddrinfo',
    hostname: 'tinynas'
  }
]
[2025-07-16T07:10:24.773Z] error: <httpProxy> Error calling http://tinynas:9090/api/v1/query...
[2025-07-16T07:10:24.773Z] error: <httpProxy> [
  500,
  [Error: getaddrinfo ENOTFOUND tinynas] {
    errno: -3008,
    code: 'ENOTFOUND',
    syscall: 'getaddrinfo',
    hostname: 'tinynas'
  }
]
[2025-07-16T07:10:28.325Z] error: <httpProxy> Error calling http://tinynas:9090/api/v1/query...
[2025-07-16T07:10:28.326Z] error: <httpProxy> [
  500,
  [Error: getaddrinfo ENOTFOUND tinynas] {
    errno: -3008,
    code: 'ENOTFOUND',
    syscall: 'getaddrinfo',
    hostname: 'tinynas'
  }
]
[2025-07-16T07:10:28.808Z] error: <httpProxy> Error calling http://tinynas:9090/api/v1/query...
[2025-07-16T07:10:28.809Z] error: <httpProxy> [
  500,
  [Error: getaddrinfo ENOTFOUND tinynas] {
    errno: -3008,
    code: 'ENOTFOUND',
    syscall: 'getaddrinfo',
    hostname: 'tinynas'
  }
]
[2025-07-16T07:10:32.362Z] error: <httpProxy> Error calling http://tinynas:9090/api/v1/query...
[2025-07-16T07:10:32.363Z] error: <httpProxy> [
  500,
  [Error: getaddrinfo ENOTFOUND tinynas] {
    errno: -3008,
    code: 'ENOTFOUND',
    syscall: 'getaddrinfo',
    hostname: 'tinynas'
  }
]
[2025-07-16T07:10:32.845Z] error: <httpProxy> Error calling http://tinynas:9090/api/v1/query...
[2025-07-16T07:10:32.845Z] error: <httpProxy> [
  500,
  [Error: getaddrinfo ENOTFOUND tinynas] {
    errno: -3008,
    code: 'ENOTFOUND',
    syscall: 'getaddrinfo',
    hostname: 'tinynas'
  }
]
[2025-07-16T07:10:36.397Z] error: <httpProxy> Error calling http://tinynas:9090/api/v1/query...
[2025-07-16T07:10:36.398Z] error: <httpProxy> [
  500,
  [Error: getaddrinfo ENOTFOUND tinynas] {
    errno: -3008,
    code: 'ENOTFOUND',
    syscall: 'getaddrinfo',
    hostname: 'tinynas'
  }
]
[2025-07-16T07:10:36.882Z] error: <httpProxy> Error calling http://tinynas:9090/api/v1/query...
[2025-07-16T07:10:36.882Z] error: <httpProxy> [
  500,
  [Error: getaddrinfo ENOTFOUND tinynas] {
    errno: -3008,
    code: 'ENOTFOUND',
    syscall: 'getaddrinfo',
    hostname: 'tinynas'
  }
]
[2025-07-16T07:10:40.438Z] error: <httpProxy> Error calling http://tinynas:9090/api/v1/query...
[2025-07-16T07:10:40.438Z] error: <httpProxy> [
  500,
  [Error: getaddrinfo ENOTFOUND tinynas] {
    errno: -3008,
    code: 'ENOTFOUND',
    syscall: 'getaddrinfo',
    hostname: 'tinynas'
  }
]
[2025-07-16T07:10:40.918Z] error: <httpProxy> Error calling http://tinynas:9090/api/v1/query...
[2025-07-16T07:10:40.918Z] error: <httpProxy> [
  500,
  [Error: getaddrinfo ENOTFOUND tinynas] {
    errno: -3008,
    code: 'ENOTFOUND',
    syscall: 'getaddrinfo',
    hostname: 'tinynas'
  }
]
[2025-07-16T07:10:44.473Z] error: <httpProxy> Error calling http://tinynas:9090/api/v1/query...
[2025-07-16T07:10:44.473Z] error: <httpProxy> [
  500,
  [Error: getaddrinfo ENOTFOUND tinynas] {
    errno: -3008,
    code: 'ENOTFOUND',
    syscall: 'getaddrinfo',
    hostname: 'tinynas'
  }
]
[2025-07-16T07:10:44.953Z] error: <httpProxy> Error calling http://tinynas:9090/api/v1/query...
[2025-07-16T07:10:44.953Z] error: <httpProxy> [
  500,
  [Error: getaddrinfo ENOTFOUND tinynas] {
    errno: -3008,
    code: 'ENOTFOUND',
    syscall: 'getaddrinfo',
    hostname: 'tinynas'
  }
]
[2025-07-16T07:10:48.507Z] error: <httpProxy> Error calling http://tinynas:9090/api/v1/query...
[2025-07-16T07:10:48.508Z] error: <httpProxy> [
  500,
  [Error: getaddrinfo ENOTFOUND tinynas] {
    errno: -3008,
    code: 'ENOTFOUND',
    syscall: 'getaddrinfo',
    hostname: 'tinynas'
  }
]
[2025-07-16T07:10:48.986Z] error: <httpProxy> Error calling http://tinynas:9090/api/v1/query...
[2025-07-16T07:10:48.986Z] error: <httpProxy> [
  500,
  [Error: getaddrinfo ENOTFOUND tinynas] {
    errno: -3008,
    code: 'ENOTFOUND',
    syscall: 'getaddrinfo',
    hostname: 'tinynas'
  }
]
[2025-07-16T07:10:52.544Z] error: <httpProxy> Error calling http://tinynas:9090/api/v1/query...
[2025-07-16T07:10:52.544Z] error: <httpProxy> [
  500,
  [Error: getaddrinfo ENOTFOUND tinynas] {
    errno: -3008,
    code: 'ENOTFOUND',
    syscall: 'getaddrinfo',
    hostname: 'tinynas'
  }
]
[2025-07-16T07:10:53.021Z] error: <httpProxy> Error calling http://tinynas:9090/api/v1/query...
[2025-07-16T07:10:53.021Z] error: <httpProxy> [
  500,
  [Error: getaddrinfo ENOTFOUND tinynas] {
    errno: -3008,
    code: 'ENOTFOUND',
    syscall: 'getaddrinfo',
    hostname: 'tinynas'
  }
]
[2025-07-16T07:10:56.580Z] error: <httpProxy> Error calling http://tinynas:9090/api/v1/query...
[2025-07-16T07:10:56.580Z] error: <httpProxy> [
  500,
  [Error: getaddrinfo ENOTFOUND tinynas] {
    errno: -3008,
    code: 'ENOTFOUND',
    syscall: 'getaddrinfo',
    hostname: 'tinynas'
  }
]
[2025-07-16T07:10:57.058Z] error: <httpProxy> Error calling http://tinynas:9090/api/v1/query...
[2025-07-16T07:10:57.059Z] error: <httpProxy> [
  500,
  [Error: getaddrinfo ENOTFOUND tinynas] {
    errno: -3008,
    code: 'ENOTFOUND',
    syscall: 'getaddrinfo',
    hostname: 'tinynas'
  }
]
[2025-07-16T07:11:00.612Z] error: <httpProxy> Error calling http://tinynas:9090/api/v1/query...
[2025-07-16T07:11:00.613Z] error: <httpProxy> [
  500,
  [Error: getaddrinfo ENOTFOUND tinynas] {
    errno: -3008,
    code: 'ENOTFOUND',
    syscall: 'getaddrinfo',
    hostname: 'tinynas'
  }
]
[2025-07-16T07:11:01.095Z] error: <httpProxy> Error calling http://tinynas:9090/api/v1/query...
[2025-07-16T07:11:01.095Z] error: <httpProxy> [
  500,
  [Error: getaddrinfo ENOTFOUND tinynas] {
    errno: -3008,
    code: 'ENOTFOUND',
    syscall: 'getaddrinfo',
    hostname: 'tinynas'
  }
]
[2025-07-16T07:11:04.646Z] error: <httpProxy> Error calling http://tinynas:9090/api/v1/query...
[2025-07-16T07:11:04.646Z] error: <httpProxy> [
  500,
  [Error: getaddrinfo ENOTFOUND tinynas] {
    errno: -3008,
    code: 'ENOTFOUND',
    syscall: 'getaddrinfo',
    hostname: 'tinynas'
  }
]
[2025-07-16T07:11:05.130Z] error: <httpProxy> Error calling http://tinynas:9090/api/v1/query...
[2025-07-16T07:11:05.130Z] error: <httpProxy> [
  500,
  [Error: getaddrinfo ENOTFOUND tinynas] {
    errno: -3008,
    code: 'ENOTFOUND',
    syscall: 'getaddrinfo',
    hostname: 'tinynas'
  }
]
[2025-07-16T07:11:08.681Z] error: <httpProxy> Error calling http://tinynas:9090/api/v1/query...
[2025-07-16T07:11:08.682Z] error: <httpProxy> [
  500,
  [Error: getaddrinfo ENOTFOUND tinynas] {
    errno: -3008,
    code: 'ENOTFOUND',
    syscall: 'getaddrinfo',
    hostname: 'tinynas'
  }
]
[2025-07-16T07:11:09.166Z] error: <httpProxy> Error calling http://tinynas:9090/api/v1/query...
[2025-07-16T07:11:09.166Z] error: <httpProxy> [
  500,
  [Error: getaddrinfo ENOTFOUND tinynas] {
    errno: -3008,
    code: 'ENOTFOUND',
    syscall: 'getaddrinfo',
    hostname: 'tinynas'
  }
]
[2025-07-16T07:11:12.717Z] error: <httpProxy> Error calling http://tinynas:9090/api/v1/query...
[2025-07-16T07:11:12.717Z] error: <httpProxy> [
  500,
  [Error: getaddrinfo ENOTFOUND tinynas] {
    errno: -3008,
    code: 'ENOTFOUND',
    syscall: 'getaddrinfo',
    hostname: 'tinynas'
  }
]
[2025-07-16T07:11:13.201Z] error: <httpProxy> Error calling http://tinynas:9090/api/v1/query...
[2025-07-16T07:11:13.202Z] error: <httpProxy> [
  500,
  [Error: getaddrinfo ENOTFOUND tinynas] {
    errno: -3008,
    code: 'ENOTFOUND',
    syscall: 'getaddrinfo',
    hostname: 'tinynas'
  }
]
[2025-07-16T07:11:16.752Z] error: <httpProxy> Error calling http://tinynas:9090/api/v1/query...
[2025-07-16T07:11:16.752Z] error: <httpProxy> [
  500,
  [Error: getaddrinfo ENOTFOUND tinynas] {
    errno: -3008,
    code: 'ENOTFOUND',
    syscall: 'getaddrinfo',
    hostname: 'tinynas'
  }
]
[2025-07-16T07:11:17.238Z] error: <httpProxy> Error calling http://tinynas:9090/api/v1/query...
[2025-07-16T07:11:17.239Z] error: <httpProxy> [
  500,
  [Error: getaddrinfo ENOTFOUND tinynas] {
    errno: -3008,
    code: 'ENOTFOUND',
    syscall: 'getaddrinfo',
    hostname: 'tinynas'
  }
]
[2025-07-16T07:11:20.786Z] error: <httpProxy> Error calling http://tinynas:9090/api/v1/query...
[2025-07-16T07:11:20.786Z] error: <httpProxy> [
  500,
  [Error: getaddrinfo ENOTFOUND tinynas] {
    errno: -3008,
    code: 'ENOTFOUND',
    syscall: 'getaddrinfo',
    hostname: 'tinynas'
  }
]
[2025-07-16T07:11:21.276Z] error: <httpProxy> Error calling http://tinynas:9090/api/v1/query...
[2025-07-16T07:11:21.276Z] error: <httpProxy> [
  500,
  [Error: getaddrinfo ENOTFOUND tinynas] {
    errno: -3008,
    code: 'ENOTFOUND',
    syscall: 'getaddrinfo',
    hostname: 'tinynas'
  }
]
[2025-07-16T07:11:24.823Z] error: <httpProxy> Error calling http://tinynas:9090/api/v1/query...
[2025-07-16T07:11:24.823Z] error: <httpProxy> [
  500,
  [Error: getaddrinfo ENOTFOUND tinynas] {
    errno: -3008,
    code: 'ENOTFOUND',
    syscall: 'getaddrinfo',
    hostname: 'tinynas'
  }
]
[2025-07-16T07:11:25.311Z] error: <httpProxy> Error calling http://tinynas:9090/api/v1/query...
[2025-07-16T07:11:25.311Z] error: <httpProxy> [
  500,
  [Error: getaddrinfo ENOTFOUND tinynas] {
    errno: -3008,
    code: 'ENOTFOUND',
    syscall: 'getaddrinfo',
    hostname: 'tinynas'
  }
]
[2025-07-16T07:11:28.860Z] error: <httpProxy> Error calling http://tinynas:9090/api/v1/query...
[2025-07-16T07:11:28.860Z] error: <httpProxy> [
  500,
  [Error: getaddrinfo ENOTFOUND tinynas] {
    errno: -3008,
    code: 'ENOTFOUND',
    syscall: 'getaddrinfo',
    hostname: 'tinynas'
  }
]
[2025-07-16T07:11:29.345Z] error: <httpProxy> Error calling http://tinynas:9090/api/v1/query...
[2025-07-16T07:11:29.345Z] error: <httpProxy> [
  500,
  [Error: getaddrinfo ENOTFOUND tinynas] {
    errno: -3008,
    code: 'ENOTFOUND',
    syscall: 'getaddrinfo',
    hostname: 'tinynas'
  }
]
[2025-07-16T07:11:32.894Z] error: <httpProxy> Error calling http://tinynas:9090/api/v1/query...
[2025-07-16T07:11:32.895Z] error: <httpProxy> [
  500,
  [Error: getaddrinfo ENOTFOUND tinynas] {
    errno: -3008,
    code: 'ENOTFOUND',
    syscall: 'getaddrinfo',
    hostname: 'tinynas'
  }
]
[2025-07-16T07:11:33.382Z] error: <httpProxy> Error calling http://tinynas:9090/api/v1/query...
[2025-07-16T07:11:33.382Z] error: <httpProxy> [
  500,
  [Error: getaddrinfo ENOTFOUND tinynas] {
    errno: -3008,
    code: 'ENOTFOUND',
    syscall: 'getaddrinfo',
    hostname: 'tinynas'
  }
]
[2025-07-16T07:11:36.930Z] error: <httpProxy> Error calling http://tinynas:9090/api/v1/query...
[2025-07-16T07:11:36.930Z] error: <httpProxy> [
  500,
  [Error: getaddrinfo ENOTFOUND tinynas] {
    errno: -3008,
    code: 'ENOTFOUND',
    syscall: 'getaddrinfo',
    hostname: 'tinynas'
  }
]
[2025-07-16T07:11:37.418Z] error: <httpProxy> Error calling http://tinynas:9090/api/v1/query...
[2025-07-16T07:11:37.418Z] error: <httpProxy> [
  500,
  [Error: getaddrinfo ENOTFOUND tinynas] {
    errno: -3008,
    code: 'ENOTFOUND',
    syscall: 'getaddrinfo',
    hostname: 'tinynas'
  }
]
[2025-07-16T07:11:40.971Z] error: <httpProxy> Error calling http://tinynas:9090/api/v1/query...
[2025-07-16T07:11:40.972Z] error: <httpProxy> [
  500,
  [Error: getaddrinfo ENOTFOUND tinynas] {
    errno: -3008,
    code: 'ENOTFOUND',
    syscall: 'getaddrinfo',
    hostname: 'tinynas'
  }
]
[2025-07-16T07:11:41.454Z] error: <httpProxy> Error calling http://tinynas:9090/api/v1/query...
[2025-07-16T07:11:41.454Z] error: <httpProxy> [
  500,
  [Error: getaddrinfo ENOTFOUND tinynas] {
    errno: -3008,
    code: 'ENOTFOUND',
    syscall: 'getaddrinfo',
    hostname: 'tinynas'
  }
]
[2025-07-16T07:12:39.103Z] error: <httpProxy> Error calling http://tinynas:9090/api/v1/query...
[2025-07-16T07:12:39.105Z] error: <httpProxy> [
  500,
  [Error: getaddrinfo ENOTFOUND tinynas] {
    errno: -3008,
    code: 'ENOTFOUND',
    syscall: 'getaddrinfo',
    hostname: 'tinynas'
  }
]
[2025-07-16T07:12:39.113Z] error: <httpProxy> Error calling http://tinynas:9090/api/v1/query...
[2025-07-16T07:12:39.113Z] error: <httpProxy> [
  500,
  [Error: getaddrinfo ENOTFOUND tinynas] {
    errno: -3008,
    code: 'ENOTFOUND',
    syscall: 'getaddrinfo',
    hostname: 'tinynas'
  }
]
[2025-07-16T07:12:43.137Z] error: <httpProxy> Error calling http://tinynas:9090/api/v1/query...
[2025-07-16T07:12:43.137Z] error: <httpProxy> [
  500,
  [Error: getaddrinfo ENOTFOUND tinynas] {
    errno: -3008,
    code: 'ENOTFOUND',
    syscall: 'getaddrinfo',
    hostname: 'tinynas'
  }
]
[2025-07-16T07:12:43.151Z] error: <httpProxy> Error calling http://tinynas:9090/api/v1/query...
[2025-07-16T07:12:43.152Z] error: <httpProxy> [
  500,
  [Error: getaddrinfo ENOTFOUND tinynas] {
    errno: -3008,
    code: 'ENOTFOUND',
    syscall: 'getaddrinfo',
    hostname: 'tinynas'
  }
]
[2025-07-16T07:12:47.169Z] error: <httpProxy> Error calling http://tinynas:9090/api/v1/query...
[2025-07-16T07:12:47.170Z] error: <httpProxy> [
  500,
  [Error: getaddrinfo ENOTFOUND tinynas] {
    errno: -3008,
    code: 'ENOTFOUND',
    syscall: 'getaddrinfo',
    hostname: 'tinynas'
  }
]
[2025-07-16T07:12:47.186Z] error: <httpProxy> Error calling http://tinynas:9090/api/v1/query...
[2025-07-16T07:12:47.186Z] error: <httpProxy> [
  500,
  [Error: getaddrinfo ENOTFOUND tinynas] {
    errno: -3008,
    code: 'ENOTFOUND',
    syscall: 'getaddrinfo',
    hostname: 'tinynas'
  }
]
[2025-07-16T07:12:51.206Z] error: <httpProxy> Error calling http://tinynas:9090/api/v1/query...
[2025-07-16T07:12:51.206Z] error: <httpProxy> [
  500,
  [Error: getaddrinfo ENOTFOUND tinynas] {
    errno: -3008,
    code: 'ENOTFOUND',
    syscall: 'getaddrinfo',
    hostname: 'tinynas'
  }
]
[2025-07-16T07:12:51.222Z] error: <httpProxy> Error calling http://tinynas:9090/api/v1/query...
[2025-07-16T07:12:51.222Z] error: <httpProxy> [
  500,
  [Error: getaddrinfo ENOTFOUND tinynas] {
    errno: -3008,
    code: 'ENOTFOUND',
    syscall: 'getaddrinfo',
    hostname: 'tinynas'
  }
]
[2025-07-16T07:12:55.242Z] error: <httpProxy> Error calling http://tinynas:9090/api/v1/query...
[2025-07-16T07:12:55.242Z] error: <httpProxy> [
  500,
  [Error: getaddrinfo ENOTFOUND tinynas] {
    errno: -3008,
    code: 'ENOTFOUND',
    syscall: 'getaddrinfo',
    hostname: 'tinynas'
  }
]
[2025-07-16T07:12:55.257Z] error: <httpProxy> Error calling http://tinynas:9090/api/v1/query...
[2025-07-16T07:12:55.258Z] error: <httpProxy> [
  500,
  [Error: getaddrinfo ENOTFOUND tinynas] {
    errno: -3008,
    code: 'ENOTFOUND',
    syscall: 'getaddrinfo',
    hostname: 'tinynas'
  }
]
[2025-07-16T07:12:59.295Z] error: <httpProxy> Error calling http://tinynas:9090/api/v1/query...
[2025-07-16T07:12:59.296Z] error: <httpProxy> [
  500,
  [Error: getaddrinfo ENOTFOUND tinynas] {
    errno: -3008,
    code: 'ENOTFOUND',
    syscall: 'getaddrinfo',
    hostname: 'tinynas'
  }
]
[2025-07-16T07:12:59.297Z] error: <httpProxy> Error calling http://tinynas:9090/api/v1/query...
[2025-07-16T07:12:59.297Z] error: <httpProxy> [
  500,
  [Error: getaddrinfo ENOTFOUND tinynas] {
    errno: -3008,
    code: 'ENOTFOUND',
    syscall: 'getaddrinfo',
    hostname: 'tinynas'
  }
]
[2025-07-16T07:13:03.329Z] error: <httpProxy> Error calling http://tinynas:9090/api/v1/query...
[2025-07-16T07:13:03.329Z] error: <httpProxy> [
  500,
  [Error: getaddrinfo ENOTFOUND tinynas] {
    errno: -3008,
    code: 'ENOTFOUND',
    syscall: 'getaddrinfo',
    hostname: 'tinynas'
  }
]
[2025-07-16T07:13:07.364Z] error: <httpProxy> Error calling http://tinynas:9090/api/v1/query...
[2025-07-16T07:13:07.364Z] error: <httpProxy> [
  500,
  [Error: getaddrinfo ENOTFOUND tinynas] {
    errno: -3008,
    code: 'ENOTFOUND',
    syscall: 'getaddrinfo',
    hostname: 'tinynas'
  }
]
[2025-07-16T07:13:07.397Z] error: <httpProxy> Error calling http://tinynas:9090/api/v1/query...
[2025-07-16T07:13:07.397Z] error: <httpProxy> [
  500,
  [Error: getaddrinfo ENOTFOUND tinynas] {
    errno: -3008,
    code: 'ENOTFOUND',
    syscall: 'getaddrinfo',
    hostname: 'tinynas'
  }
]
[2025-07-16T07:13:11.399Z] error: <httpProxy> Error calling http://tinynas:9090/api/v1/query...
[2025-07-16T07:13:11.399Z] error: <httpProxy> [
  500,
  [Error: getaddrinfo ENOTFOUND tinynas] {
    errno: -3008,
    code: 'ENOTFOUND',
    syscall: 'getaddrinfo',
    hostname: 'tinynas'
  }
]
[2025-07-16T07:13:11.431Z] error: <httpProxy> Error calling http://tinynas:9090/api/v1/query...
[2025-07-16T07:13:11.431Z] error: <httpProxy> [
  500,
  [Error: getaddrinfo ENOTFOUND tinynas] {
    errno: -3008,
    code: 'ENOTFOUND',
    syscall: 'getaddrinfo',
    hostname: 'tinynas'
  }
]
[2025-07-16T07:13:15.436Z] error: <httpProxy> Error calling http://tinynas:9090/api/v1/query...
[2025-07-16T07:13:15.436Z] error: <httpProxy> [
  500,
  [Error: getaddrinfo ENOTFOUND tinynas] {
    errno: -3008,
    code: 'ENOTFOUND',
    syscall: 'getaddrinfo',
    hostname: 'tinynas'
  }
]
[2025-07-16T07:13:15.467Z] error: <httpProxy> Error calling http://tinynas:9090/api/v1/query...
[2025-07-16T07:13:15.467Z] error: <httpProxy> [
  500,
  [Error: getaddrinfo ENOTFOUND tinynas] {
    errno: -3008,
    code: 'ENOTFOUND',
    syscall: 'getaddrinfo',
    hostname: 'tinynas'
  }
]
[2025-07-16T07:13:19.472Z] error: <httpProxy> Error calling http://tinynas:9090/api/v1/query...
[2025-07-16T07:13:19.473Z] error: <httpProxy> [
  500,
  [Error: getaddrinfo ENOTFOUND tinynas] {
    errno: -3008,
    code: 'ENOTFOUND',
    syscall: 'getaddrinfo',
    hostname: 'tinynas'
  }
]
[2025-07-16T07:13:19.503Z] error: <httpProxy> Error calling http://tinynas:9090/api/v1/query...
[2025-07-16T07:13:19.504Z] error: <httpProxy> [
  500,
  [Error: getaddrinfo ENOTFOUND tinynas] {
    errno: -3008,
    code: 'ENOTFOUND',
    syscall: 'getaddrinfo',
    hostname: 'tinynas'
  }
]
[2025-07-16T07:13:23.508Z] error: <httpProxy> Error calling http://tinynas:9090/api/v1/query...
[2025-07-16T07:13:23.509Z] error: <httpProxy> [
  500,
  [Error: getaddrinfo ENOTFOUND tinynas] {
    errno: -3008,
    code: 'ENOTFOUND',
    syscall: 'getaddrinfo',
    hostname: 'tinynas'
  }
]
[2025-07-16T07:13:23.542Z] error: <httpProxy> Error calling http://tinynas:9090/api/v1/query...
[2025-07-16T07:13:23.542Z] error: <httpProxy> [
  500,
  [Error: getaddrinfo ENOTFOUND tinynas] {
    errno: -3008,
    code: 'ENOTFOUND',
    syscall: 'getaddrinfo',
    hostname: 'tinynas'
  }
]
[2025-07-16T07:13:27.544Z] error: <httpProxy> Error calling http://tinynas:9090/api/v1/query...
[2025-07-16T07:13:27.544Z] error: <httpProxy> [
  500,
  [Error: getaddrinfo ENOTFOUND tinynas] {
    errno: -3008,
    code: 'ENOTFOUND',
    syscall: 'getaddrinfo',
    hostname: 'tinynas'
  }
]
[2025-07-16T07:13:27.578Z] error: <httpProxy> Error calling http://tinynas:9090/api/v1/query...
[2025-07-16T07:13:27.579Z] error: <httpProxy> [
  500,
  [Error: getaddrinfo ENOTFOUND tinynas] {
    errno: -3008,
    code: 'ENOTFOUND',
    syscall: 'getaddrinfo',
    hostname: 'tinynas'
  }
]
[2025-07-16T07:13:31.579Z] error: <httpProxy> Error calling http://tinynas:9090/api/v1/query...
[2025-07-16T07:13:31.579Z] error: <httpProxy> [
  500,
  [Error: getaddrinfo ENOTFOUND tinynas] {
    errno: -3008,
    code: 'ENOTFOUND',
    syscall: 'getaddrinfo',
    hostname: 'tinynas'
  }
]
[2025-07-16T07:13:31.621Z] error: <httpProxy> Error calling http://tinynas:9090/api/v1/query...
[2025-07-16T07:13:31.621Z] error: <httpProxy> [
  500,
  [Error: getaddrinfo ENOTFOUND tinynas] {
    errno: -3008,
    code: 'ENOTFOUND',
    syscall: 'getaddrinfo',
    hostname: 'tinynas'
  }
]
[2025-07-16T07:13:35.655Z] error: <httpProxy> Error calling http://tinynas:9090/api/v1/query...
[2025-07-16T07:13:35.656Z] error: <httpProxy> [
  500,
  [Error: getaddrinfo ENOTFOUND tinynas] {
    errno: -3008,
    code: 'ENOTFOUND',
    syscall: 'getaddrinfo',
    hostname: 'tinynas'
  }
]
[2025-07-16T07:13:39.666Z] error: <httpProxy> Error calling http://tinynas:9090/api/v1/query...
[2025-07-16T07:13:39.666Z] error: <httpProxy> [
  500,
  [Error: getaddrinfo ENOTFOUND tinynas] {
    errno: -3008,
    code: 'ENOTFOUND',
    syscall: 'getaddrinfo',
    hostname: 'tinynas'
  }
]
[2025-07-16T07:13:39.688Z] error: <httpProxy> Error calling http://tinynas:9090/api/v1/query...
[2025-07-16T07:13:39.688Z] error: <httpProxy> [
  500,
  [Error: getaddrinfo ENOTFOUND tinynas] {
    errno: -3008,
    code: 'ENOTFOUND',
    syscall: 'getaddrinfo',
    hostname: 'tinynas'
  }
]
[2025-07-16T07:13:43.702Z] error: <httpProxy> Error calling http://tinynas:9090/api/v1/query...
[2025-07-16T07:13:43.702Z] error: <httpProxy> [
  500,
  [Error: getaddrinfo ENOTFOUND tinynas] {
    errno: -3008,
    code: 'ENOTFOUND',
    syscall: 'getaddrinfo',
    hostname: 'tinynas'
  }
]
[2025-07-16T07:13:43.721Z] error: <httpProxy> Error calling http://tinynas:9090/api/v1/query...
[2025-07-16T07:13:43.722Z] error: <httpProxy> [
  500,
  [Error: getaddrinfo ENOTFOUND tinynas] {
    errno: -3008,
    code: 'ENOTFOUND',
    syscall: 'getaddrinfo',
    hostname: 'tinynas'
  }
]
[2025-07-16T07:13:47.744Z] error: <httpProxy> Error calling http://tinynas:9090/api/v1/query...
[2025-07-16T07:13:47.745Z] error: <httpProxy> [
  500,
  [Error: getaddrinfo ENOTFOUND tinynas] {
    errno: -3008,
    code: 'ENOTFOUND',
    syscall: 'getaddrinfo',
    hostname: 'tinynas'
  }
]
[2025-07-16T07:13:47.755Z] error: <httpProxy> Error calling http://tinynas:9090/api/v1/query...
[2025-07-16T07:13:47.756Z] error: <httpProxy> [
  500,
  [Error: getaddrinfo ENOTFOUND tinynas] {
    errno: -3008,
    code: 'ENOTFOUND',
    syscall: 'getaddrinfo',
    hostname: 'tinynas'
  }
]
[2025-07-16T07:13:51.780Z] error: <httpProxy> Error calling http://tinynas:9090/api/v1/query...
[2025-07-16T07:13:51.781Z] error: <httpProxy> [
  500,
  [Error: getaddrinfo ENOTFOUND tinynas] {
    errno: -3008,
    code: 'ENOTFOUND',
    syscall: 'getaddrinfo',
    hostname: 'tinynas'
  }
]
[2025-07-16T07:13:51.789Z] error: <httpProxy> Error calling http://tinynas:9090/api/v1/query...
[2025-07-16T07:13:51.789Z] error: <httpProxy> [
  500,
  [Error: getaddrinfo ENOTFOUND tinynas] {
    errno: -3008,
    code: 'ENOTFOUND',
    syscall: 'getaddrinfo',
    hostname: 'tinynas'
  }
]
[2025-07-16T07:13:55.814Z] error: <httpProxy> Error calling http://tinynas:9090/api/v1/query...
[2025-07-16T07:13:55.814Z] error: <httpProxy> [
  500,
  [Error: getaddrinfo ENOTFOUND tinynas] {
    errno: -3008,
    code: 'ENOTFOUND',
    syscall: 'getaddrinfo',
    hostname: 'tinynas'
  }
]
[2025-07-16T07:13:55.826Z] error: <httpProxy> Error calling http://tinynas:9090/api/v1/query...
[2025-07-16T07:13:55.826Z] error: <httpProxy> [
  500,
  [Error: getaddrinfo ENOTFOUND tinynas] {
    errno: -3008,
    code: 'ENOTFOUND',
    syscall: 'getaddrinfo',
    hostname: 'tinynas'
  }
]
[2025-07-16T07:13:59.848Z] error: <httpProxy> Error calling http://tinynas:9090/api/v1/query...
[2025-07-16T07:13:59.849Z] error: <httpProxy> [
  500,
  [Error: getaddrinfo ENOTFOUND tinynas] {
    errno: -3008,
    code: 'ENOTFOUND',
    syscall: 'getaddrinfo',
    hostname: 'tinynas'
  }
]
[2025-07-16T07:13:59.859Z] error: <httpProxy> Error calling http://tinynas:9090/api/v1/query...
[2025-07-16T07:13:59.859Z] error: <httpProxy> [
  500,
  [Error: getaddrinfo ENOTFOUND tinynas] {
    errno: -3008,
    code: 'ENOTFOUND',
    syscall: 'getaddrinfo',
    hostname: 'tinynas'
  }
]
[2025-07-16T07:14:03.882Z] error: <httpProxy> Error calling http://tinynas:9090/api/v1/query...
[2025-07-16T07:14:03.882Z] error: <httpProxy> [
  500,
  [Error: getaddrinfo ENOTFOUND tinynas] {
    errno: -3008,
    code: 'ENOTFOUND',
    syscall: 'getaddrinfo',
    hostname: 'tinynas'
  }
]
[2025-07-16T07:14:03.893Z] error: <httpProxy> Error calling http://tinynas:9090/api/v1/query...
[2025-07-16T07:14:03.893Z] error: <httpProxy> [
  500,
  [Error: getaddrinfo ENOTFOUND tinynas] {
    errno: -3008,
    code: 'ENOTFOUND',
    syscall: 'getaddrinfo',
    hostname: 'tinynas'
  }
]
[2025-07-16T07:14:07.927Z] error: <httpProxy> Error calling http://tinynas:9090/api/v1/query...
[2025-07-16T07:14:07.928Z] error: <httpProxy> [
  500,
  [Error: getaddrinfo ENOTFOUND tinynas] {
    errno: -3008,
    code: 'ENOTFOUND',
    syscall: 'getaddrinfo',
    hostname: 'tinynas'
  }
]
[2025-07-16T07:14:11.964Z] error: <httpProxy> Error calling http://tinynas:9090/api/v1/query...
[2025-07-16T07:14:11.965Z] error: <httpProxy> [
  500,
  [Error: getaddrinfo ENOTFOUND tinynas] {
    errno: -3008,
    code: 'ENOTFOUND',
    syscall: 'getaddrinfo',
    hostname: 'tinynas'
  }
]
[2025-07-16T07:14:11.975Z] error: <httpProxy> Error calling http://tinynas:9090/api/v1/query...
[2025-07-16T07:14:11.975Z] error: <httpProxy> [
  500,
  [Error: getaddrinfo ENOTFOUND tinynas] {
    errno: -3008,
    code: 'ENOTFOUND',
    syscall: 'getaddrinfo',
    hostname: 'tinynas'
  }
]
[2025-07-16T07:14:15.998Z] error: <httpProxy> Error calling http://tinynas:9090/api/v1/query...
[2025-07-16T07:14:15.998Z] error: <httpProxy> [
  500,
  [Error: getaddrinfo ENOTFOUND tinynas] {
    errno: -3008,
    code: 'ENOTFOUND',
    syscall: 'getaddrinfo',
    hostname: 'tinynas'
  }
]
[2025-07-16T07:14:16.010Z] error: <httpProxy> Error calling http://tinynas:9090/api/v1/query...
[2025-07-16T07:14:16.010Z] error: <httpProxy> [
  500,
  [Error: getaddrinfo ENOTFOUND tinynas] {
    errno: -3008,
    code: 'ENOTFOUND',
    syscall: 'getaddrinfo',
    hostname: 'tinynas'
  }
]
[2025-07-16T07:14:20.032Z] error: <httpProxy> Error calling http://tinynas:9090/api/v1/query...
[2025-07-16T07:14:20.032Z] error: <httpProxy> [
  500,
  [Error: getaddrinfo ENOTFOUND tinynas] {
    errno: -3008,
    code: 'ENOTFOUND',
    syscall: 'getaddrinfo',
    hostname: 'tinynas'
  }
]
[2025-07-16T07:14:20.047Z] error: <httpProxy> Error calling http://tinynas:9090/api/v1/query...
[2025-07-16T07:14:20.047Z] error: <httpProxy> [
  500,
  [Error: getaddrinfo ENOTFOUND tinynas] {
    errno: -3008,
    code: 'ENOTFOUND',
    syscall: 'getaddrinfo',
    hostname: 'tinynas'
  }
]
[2025-07-16T07:14:24.068Z] error: <httpProxy> Error calling http://tinynas:9090/api/v1/query...
[2025-07-16T07:14:24.068Z] error: <httpProxy> [
  500,
  [Error: getaddrinfo ENOTFOUND tinynas] {
    errno: -3008,
    code: 'ENOTFOUND',
    syscall: 'getaddrinfo',
    hostname: 'tinynas'
  }
]
[2025-07-16T07:14:24.080Z] error: <httpProxy> Error calling http://tinynas:9090/api/v1/query...
[2025-07-16T07:14:24.080Z] error: <httpProxy> [
  500,
  [Error: getaddrinfo ENOTFOUND tinynas] {
    errno: -3008,
    code: 'ENOTFOUND',
    syscall: 'getaddrinfo',
    hostname: 'tinynas'
  }
]
[2025-07-16T07:14:28.103Z] error: <httpProxy> Error calling http://tinynas:9090/api/v1/query...
[2025-07-16T07:14:28.104Z] error: <httpProxy> [
  500,
  [Error: getaddrinfo ENOTFOUND tinynas] {
    errno: -3008,
    code: 'ENOTFOUND',
    syscall: 'getaddrinfo',
    hostname: 'tinynas'
  }
]
[2025-07-16T07:14:28.114Z] error: <httpProxy> Error calling http://tinynas:9090/api/v1/query...
[2025-07-16T07:14:28.114Z] error: <httpProxy> [
  500,
  [Error: getaddrinfo ENOTFOUND tinynas] {
    errno: -3008,
    code: 'ENOTFOUND',
    syscall: 'getaddrinfo',
    hostname: 'tinynas'
  }
]
[2025-07-16T07:14:32.138Z] error: <httpProxy> Error calling http://tinynas:9090/api/v1/query...
[2025-07-16T07:14:32.138Z] error: <httpProxy> [
  500,
  [Error: getaddrinfo ENOTFOUND tinynas] {
    errno: -3008,
    code: 'ENOTFOUND',
    syscall: 'getaddrinfo',
    hostname: 'tinynas'
  }
]
[2025-07-16T07:14:32.148Z] error: <httpProxy> Error calling http://tinynas:9090/api/v1/query...
[2025-07-16T07:14:32.148Z] error: <httpProxy> [
  500,
  [Error: getaddrinfo ENOTFOUND tinynas] {
    errno: -3008,
    code: 'ENOTFOUND',
    syscall: 'getaddrinfo',
    hostname: 'tinynas'
  }
]
[2025-07-16T07:14:36.173Z] error: <httpProxy> Error calling http://tinynas:9090/api/v1/query...
[2025-07-16T07:14:36.173Z] error: <httpProxy> [
  500,
  [Error: getaddrinfo ENOTFOUND tinynas] {
    errno: -3008,
    code: 'ENOTFOUND',
    syscall: 'getaddrinfo',
    hostname: 'tinynas'
  }
]
[2025-07-16T07:14:36.186Z] error: <httpProxy> Error calling http://tinynas:9090/api/v1/query...
[2025-07-16T07:14:36.186Z] error: <httpProxy> [
  500,
  [Error: getaddrinfo ENOTFOUND tinynas] {
    errno: -3008,
    code: 'ENOTFOUND',
    syscall: 'getaddrinfo',
    hostname: 'tinynas'
  }
]
[2025-07-16T07:14:40.212Z] error: <httpProxy> Error calling http://tinynas:9090/api/v1/query...
[2025-07-16T07:14:40.213Z] error: <httpProxy> [
  500,
  [Error: getaddrinfo ENOTFOUND tinynas] {
    errno: -3008,
    code: 'ENOTFOUND',
    syscall: 'getaddrinfo',
    hostname: 'tinynas'
  }
]
[2025-07-16T07:14:40.221Z] error: <httpProxy> Error calling http://tinynas:9090/api/v1/query...
[2025-07-16T07:14:40.221Z] error: <httpProxy> [
  500,
  [Error: getaddrinfo ENOTFOUND tinynas] {
    errno: -3008,
    code: 'ENOTFOUND',
    syscall: 'getaddrinfo',
    hostname: 'tinynas'
  }
]
[2025-07-16T07:14:44.247Z] error: <httpProxy> Error calling http://tinynas:9090/api/v1/query...
[2025-07-16T07:14:44.247Z] error: <httpProxy> [
  500,
  [Error: getaddrinfo ENOTFOUND tinynas] {
    errno: -3008,
    code: 'ENOTFOUND',
    syscall: 'getaddrinfo',
    hostname: 'tinynas'
  }
]
[2025-07-16T07:14:44.255Z] error: <httpProxy> Error calling http://tinynas:9090/api/v1/query...
[2025-07-16T07:14:44.255Z] error: <httpProxy> [
  500,
  [Error: getaddrinfo ENOTFOUND tinynas] {
    errno: -3008,
    code: 'ENOTFOUND',
    syscall: 'getaddrinfo',
    hostname: 'tinynas'
  }
]
[2025-07-16T07:14:48.281Z] error: <httpProxy> Error calling http://tinynas:9090/api/v1/query...
[2025-07-16T07:14:48.282Z] error: <httpProxy> [
  500,
  [Error: getaddrinfo ENOTFOUND tinynas] {
    errno: -3008,
    code: 'ENOTFOUND',
    syscall: 'getaddrinfo',
    hostname: 'tinynas'
  }
]
[2025-07-16T07:14:48.288Z] error: <httpProxy> Error calling http://tinynas:9090/api/v1/query...
[2025-07-16T07:14:48.288Z] error: <httpProxy> [
  500,
  [Error: getaddrinfo ENOTFOUND tinynas] {
    errno: -3008,
    code: 'ENOTFOUND',
    syscall: 'getaddrinfo',
    hostname: 'tinynas'
  }
]
[2025-07-16T07:14:52.324Z] error: <httpProxy> Error calling http://tinynas:9090/api/v1/query...
[2025-07-16T07:14:52.324Z] error: <httpProxy> [
  500,
  [Error: getaddrinfo ENOTFOUND tinynas] {
    errno: -3008,
    code: 'ENOTFOUND',
    syscall: 'getaddrinfo',
    hostname: 'tinynas'
  }
]
[2025-07-16T07:14:52.325Z] error: <httpProxy> Error calling http://tinynas:9090/api/v1/query...
[2025-07-16T07:14:52.325Z] error: <httpProxy> [
  500,
  [Error: getaddrinfo ENOTFOUND tinynas] {
    errno: -3008,
    code: 'ENOTFOUND',
    syscall: 'getaddrinfo',
    hostname: 'tinynas'
  }
]
[2025-07-16T07:14:56.359Z] error: <httpProxy> Error calling http://tinynas:9090/api/v1/query...
[2025-07-16T07:14:56.360Z] error: <httpProxy> [
  500,
  [Error: getaddrinfo ENOTFOUND tinynas] {
    errno: -3008,
    code: 'ENOTFOUND',
    syscall: 'getaddrinfo',
    hostname: 'tinynas'
  }
]
[2025-07-16T07:14:56.363Z] error: <httpProxy> Error calling http://tinynas:9090/api/v1/query...
[2025-07-16T07:14:56.363Z] error: <httpProxy> [
  500,
  [Error: getaddrinfo ENOTFOUND tinynas] {
    errno: -3008,
    code: 'ENOTFOUND',
    syscall: 'getaddrinfo',
    hostname: 'tinynas'
  }
]
[2025-07-16T07:15:00.395Z] error: <httpProxy> Error calling http://tinynas:9090/api/v1/query...
[2025-07-16T07:15:00.395Z] error: <httpProxy> [
  500,
  [Error: getaddrinfo ENOTFOUND tinynas] {
    errno: -3008,
    code: 'ENOTFOUND',
    syscall: 'getaddrinfo',
    hostname: 'tinynas'
  }
]
[2025-07-16T07:15:00.400Z] error: <httpProxy> Error calling http://tinynas:9090/api/v1/query...
[2025-07-16T07:15:00.400Z] error: <httpProxy> [
  500,
  [Error: getaddrinfo ENOTFOUND tinynas] {
    errno: -3008,
    code: 'ENOTFOUND',
    syscall: 'getaddrinfo',
    hostname: 'tinynas'
  }
]
[2025-07-16T07:15:04.431Z] error: <httpProxy> Error calling http://tinynas:9090/api/v1/query...
[2025-07-16T07:15:04.432Z] error: <httpProxy> [
  500,
  [Error: getaddrinfo ENOTFOUND tinynas] {
    errno: -3008,
    code: 'ENOTFOUND',
    syscall: 'getaddrinfo',
    hostname: 'tinynas'
  }
]
[2025-07-16T07:15:04.436Z] error: <httpProxy> Error calling http://tinynas:9090/api/v1/query...
[2025-07-16T07:15:04.436Z] error: <httpProxy> [
  500,
  [Error: getaddrinfo ENOTFOUND tinynas] {
    errno: -3008,
    code: 'ENOTFOUND',
    syscall: 'getaddrinfo',
    hostname: 'tinynas'
  }
]
[2025-07-16T07:15:08.465Z] error: <httpProxy> Error calling http://tinynas:9090/api/v1/query...
[2025-07-16T07:15:08.465Z] error: <httpProxy> [
  500,
  [Error: getaddrinfo ENOTFOUND tinynas] {
    errno: -3008,
    code: 'ENOTFOUND',
    syscall: 'getaddrinfo',
    hostname: 'tinynas'
  }
]
[2025-07-16T07:15:08.471Z] error: <httpProxy> Error calling http://tinynas:9090/api/v1/query...
[2025-07-16T07:15:08.471Z] error: <httpProxy> [
  500,
  [Error: getaddrinfo ENOTFOUND tinynas] {
    errno: -3008,
    code: 'ENOTFOUND',
    syscall: 'getaddrinfo',
    hostname: 'tinynas'
  }
]
[2025-07-16T07:15:12.499Z] error: <httpProxy> Error calling http://tinynas:9090/api/v1/query...
[2025-07-16T07:15:12.499Z] error: <httpProxy> [
  500,
  [Error: getaddrinfo ENOTFOUND tinynas] {
    errno: -3008,
    code: 'ENOTFOUND',
    syscall: 'getaddrinfo',
    hostname: 'tinynas'
  }
]
[2025-07-16T07:15:12.507Z] error: <httpProxy> Error calling http://tinynas:9090/api/v1/query...
[2025-07-16T07:15:12.507Z] error: <httpProxy> [
  500,
  [Error: getaddrinfo ENOTFOUND tinynas] {
    errno: -3008,
    code: 'ENOTFOUND',
    syscall: 'getaddrinfo',
    hostname: 'tinynas'
  }
]
[2025-08-19T05:45:21.296Z] error: Host validation failed for: tinynas:3000. Hint: Set the HOMEPAGE_ALLOWED_HOSTS environment variable to allow requests from this host / port.
[2025-08-19T05:45:21.420Z] error: Host validation failed for: tinynas:3000. Hint: Set the HOMEPAGE_ALLOWED_HOSTS environment variable to allow requests from this host / port.
[2025-08-19T05:45:21.421Z] error: Host validation failed for: tinynas:3000. Hint: Set the HOMEPAGE_ALLOWED_HOSTS environment variable to allow requests from this host / port.
[2025-08-19T05:45:21.425Z] error: Host validation failed for: tinynas:3000. Hint: Set the HOMEPAGE_ALLOWED_HOSTS environment variable to allow requests from this host / port.
[2025-08-19T05:45:21.426Z] error: Host validation failed for: tinynas:3000. Hint: Set the HOMEPAGE_ALLOWED_HOSTS environment variable to allow requests from this host / port.
[2025-08-19T05:45:21.427Z] error: Host validation failed for: tinynas:3000. Hint: Set the HOMEPAGE_ALLOWED_HOSTS environment variable to allow requests from this host / port.
[2025-08-19T05:45:21.428Z] error: Host validation failed for: tinynas:3000. Hint: Set the HOMEPAGE_ALLOWED_HOSTS environment variable to allow requests from this host / port.
[2025-08-19T05:45:21.429Z] error: Host validation failed for: tinynas:3000. Hint: Set the HOMEPAGE_ALLOWED_HOSTS environment variable to allow requests from this host / port.
[2025-08-19T05:45:21.430Z] error: Host validation failed for: tinynas:3000. Hint: Set the HOMEPAGE_ALLOWED_HOSTS environment variable to allow requests from this host / port.
[2025-08-19T05:45:21.431Z] error: Host validation failed for: tinynas:3000. Hint: Set the HOMEPAGE_ALLOWED_HOSTS environment variable to allow requests from this host / port.
[2025-08-19T05:45:21.433Z] error: Host validation failed for: tinynas:3000. Hint: Set the HOMEPAGE_ALLOWED_HOSTS environment variable to allow requests from this host / port.
[2025-08-19T05:45:21.434Z] error: Host validation failed for: tinynas:3000. Hint: Set the HOMEPAGE_ALLOWED_HOSTS environment variable to allow requests from this host / port.
[2025-08-19T05:45:21.435Z] error: Host validation failed for: tinynas:3000. Hint: Set the HOMEPAGE_ALLOWED_HOSTS environment variable to allow requests from this host / port.
[2025-08-19T05:45:21.436Z] error: Host validation failed for: tinynas:3000. Hint: Set the HOMEPAGE_ALLOWED_HOSTS environment variable to allow requests from this host / port.
[2025-08-19T05:45:21.437Z] error: Host validation failed for: tinynas:3000. Hint: Set the HOMEPAGE_ALLOWED_HOSTS environment variable to allow requests from this host / port.
[2025-08-19T05:45:21.437Z] error: Host validation failed for: tinynas:3000. Hint: Set the HOMEPAGE_ALLOWED_HOSTS environment variable to allow requests from this host / port.
[2025-08-19T05:45:21.438Z] error: Host validation failed for: tinynas:3000. Hint: Set the HOMEPAGE_ALLOWED_HOSTS environment variable to allow requests from this host / port.
[2025-08-19T05:45:21.439Z] error: Host validation failed for: tinynas:3000. Hint: Set the HOMEPAGE_ALLOWED_HOSTS environment variable to allow requests from this host / port.
[2025-08-19T05:45:21.440Z] error: Host validation failed for: tinynas:3000. Hint: Set the HOMEPAGE_ALLOWED_HOSTS environment variable to allow requests from this host / port.
[2025-08-19T05:45:21.441Z] error: Host validation failed for: tinynas:3000. Hint: Set the HOMEPAGE_ALLOWED_HOSTS environment variable to allow requests from this host / port.
[2025-08-19T05:45:21.442Z] error: Host validation failed for: tinynas:3000. Hint: Set the HOMEPAGE_ALLOWED_HOSTS environment variable to allow requests from this host / port.
[2025-08-19T05:45:21.442Z] error: Host validation failed for: tinynas:3000. Hint: Set the HOMEPAGE_ALLOWED_HOSTS environment variable to allow requests from this host / port.
[2025-08-19T05:45:21.443Z] error: Host validation failed for: tinynas:3000. Hint: Set the HOMEPAGE_ALLOWED_HOSTS environment variable to allow requests from this host / port.
[2025-08-19T05:45:21.444Z] error: Host validation failed for: tinynas:3000. Hint: Set the HOMEPAGE_ALLOWED_HOSTS environment variable to allow requests from this host / port.
[2025-08-19T05:45:21.445Z] error: Host validation failed for: tinynas:3000. Hint: Set the HOMEPAGE_ALLOWED_HOSTS environment variable to allow requests from this host / port.
[2025-08-19T05:45:21.445Z] error: Host validation failed for: tinynas:3000. Hint: Set the HOMEPAGE_ALLOWED_HOSTS environment variable to allow requests from this host / port.
[2025-08-19T05:45:21.446Z] error: Host validation failed for: tinynas:3000. Hint: Set the HOMEPAGE_ALLOWED_HOSTS environment variable to allow requests from this host / port.
[2025-08-19T05:45:21.448Z] error: Host validation failed for: tinynas:3000. Hint: Set the HOMEPAGE_ALLOWED_HOSTS environment variable to allow requests from this host / port.
[2025-08-19T05:45:21.448Z] error: Host validation failed for: tinynas:3000. Hint: Set the HOMEPAGE_ALLOWED_HOSTS environment variable to allow requests from this host / port.
[2025-08-19T05:45:21.449Z] error: Host validation failed for: tinynas:3000. Hint: Set the HOMEPAGE_ALLOWED_HOSTS environment variable to allow requests from this host / port.
[2025-08-19T05:45:21.449Z] error: Host validation failed for: tinynas:3000. Hint: Set the HOMEPAGE_ALLOWED_HOSTS environment variable to allow requests from this host / port.
[2025-08-19T05:45:21.450Z] error: Host validation failed for: tinynas:3000. Hint: Set the HOMEPAGE_ALLOWED_HOSTS environment variable to allow requests from this host / port.
[2025-08-19T05:45:21.480Z] error: Host validation failed for: tinynas:3000. Hint: Set the HOMEPAGE_ALLOWED_HOSTS environment variable to allow requests from this host / port.
[2025-08-19T05:45:21.494Z] error: Host validation failed for: tinynas:3000. Hint: Set the HOMEPAGE_ALLOWED_HOSTS environment variable to allow requests from this host / port.
[2026-05-16T09:05:56.040Z] error: <httpProxy> Error calling http://10.0.0.5:9090/api/v1/query...
[2026-05-16T09:05:56.043Z] error: <httpProxy> [
  500,
  Error: connect ECONNREFUSED 10.0.0.5:9090
      at <unknown> (Error: connect ECONNREFUSED 10.0.0.5:9090) {
    errno: -111,
    code: 'ECONNREFUSED',
    syscall: 'connect',
    address: '10.0.0.5',
    port: 9090
  }
]
[2026-05-16T09:05:56.045Z] error: <httpProxy> Error calling http://10.0.0.5:9090/api/v1/query...
[2026-05-16T09:05:56.046Z] error: <httpProxy> [
  500,
  Error: connect ECONNREFUSED 10.0.0.5:9090
      at <unknown> (Error: connect ECONNREFUSED 10.0.0.5:9090) {
    errno: -111,
    code: 'ECONNREFUSED',
    syscall: 'connect',
    address: '10.0.0.5',
    port: 9090
  }
]
[2026-05-16T09:05:56.049Z] error: <httpProxy> Error calling http://10.0.0.5:9090/api/v1/query...
[2026-05-16T09:05:56.049Z] error: <httpProxy> [
  500,
  Error: connect ECONNREFUSED 10.0.0.5:9090
      at <unknown> (Error: connect ECONNREFUSED 10.0.0.5:9090) {
    errno: -111,
    code: 'ECONNREFUSED',
    syscall: 'connect',
    address: '10.0.0.5',
    port: 9090
  }
]
[2026-05-16T09:05:56.053Z] error: <httpProxy> Error calling http://10.0.0.5:9090/api/v1/query...
[2026-05-16T09:05:56.053Z] error: <httpProxy> [
  500,
  Error: connect ECONNREFUSED 10.0.0.5:9090
      at <unknown> (Error: connect ECONNREFUSED 10.0.0.5:9090) {
    errno: -111,
    code: 'ECONNREFUSED',
    syscall: 'connect',
    address: '10.0.0.5',
    port: 9090
  }
]
[2026-05-16T09:05:56.055Z] error: <httpProxy> Error calling http://10.0.0.5:9090/api/v1/query...
[2026-05-16T09:05:56.056Z] error: <httpProxy> [
  500,
  Error: connect ECONNREFUSED 10.0.0.5:9090
      at <unknown> (Error: connect ECONNREFUSED 10.0.0.5:9090) {
    errno: -111,
    code: 'ECONNREFUSED',
    syscall: 'connect',
    address: '10.0.0.5',
    port: 9090
  }
]
[2026-05-16T09:05:56.058Z] error: <httpProxy> Error calling http://10.0.0.5:9090/api/v1/query...
[2026-05-16T09:05:56.058Z] error: <httpProxy> [
  500,
  Error: connect ECONNREFUSED 10.0.0.5:9090
      at <unknown> (Error: connect ECONNREFUSED 10.0.0.5:9090) {
    errno: -111,
    code: 'ECONNREFUSED',
    syscall: 'connect',
    address: '10.0.0.5',
    port: 9090
  }
]
[2026-05-16T09:05:56.061Z] error: <httpProxy> Error calling http://10.0.0.5:9090/api/v1/query...
[2026-05-16T09:05:56.061Z] error: <httpProxy> [
  500,
  Error: connect ECONNREFUSED 10.0.0.5:9090
      at <unknown> (Error: connect ECONNREFUSED 10.0.0.5:9090) {
    errno: -111,
    code: 'ECONNREFUSED',
    syscall: 'connect',
    address: '10.0.0.5',
    port: 9090
  }
]
[2026-05-16T09:05:56.064Z] error: <httpProxy> Error calling http://10.0.0.5:9090/api/v1/query...
[2026-05-16T09:05:56.064Z] error: <httpProxy> [
  500,
  Error: connect ECONNREFUSED 10.0.0.5:9090
      at <unknown> (Error: connect ECONNREFUSED 10.0.0.5:9090) {
    errno: -111,
    code: 'ECONNREFUSED',
    syscall: 'connect',
    address: '10.0.0.5',
    port: 9090
  }
]
[2026-05-16T09:05:56.067Z] error: <httpProxy> Error calling http://10.0.0.5:9090/api/v1/query...
[2026-05-16T09:05:56.067Z] error: <httpProxy> [
  500,
  Error: connect ECONNREFUSED 10.0.0.5:9090
      at <unknown> (Error: connect ECONNREFUSED 10.0.0.5:9090) {
    errno: -111,
    code: 'ECONNREFUSED',
    syscall: 'connect',
    address: '10.0.0.5',
    port: 9090
  }
]
[2026-05-16T09:05:56.069Z] error: <httpProxy> Error calling http://10.0.0.5:9090/api/v1/query...
[2026-05-16T09:05:56.069Z] error: <httpProxy> [
  500,
  Error: connect ECONNREFUSED 10.0.0.5:9090
      at <unknown> (Error: connect ECONNREFUSED 10.0.0.5:9090) {
    errno: -111,
    code: 'ECONNREFUSED',
    syscall: 'connect',
    address: '10.0.0.5',
    port: 9090
  }
]
[2026-05-16T09:05:56.071Z] error: <httpProxy> Error calling http://10.0.0.5:9090/api/v1/query...
[2026-05-16T09:05:56.071Z] error: <httpProxy> [
  500,
  Error: connect ECONNREFUSED 10.0.0.5:9090
      at <unknown> (Error: connect ECONNREFUSED 10.0.0.5:9090) {
    errno: -111,
    code: 'ECONNREFUSED',
    syscall: 'connect',
    address: '10.0.0.5',
    port: 9090
  }
]
[2026-05-16T09:05:56.074Z] error: <httpProxy> Error calling http://10.0.0.5:9090/api/v1/query...
[2026-05-16T09:05:56.074Z] error: <httpProxy> [
  500,
  Error: connect ECONNREFUSED 10.0.0.5:9090
      at <unknown> (Error: connect ECONNREFUSED 10.0.0.5:9090) {
    errno: -111,
    code: 'ECONNREFUSED',
    syscall: 'connect',
    address: '10.0.0.5',
    port: 9090
  }
]
[2026-05-16T09:05:56.077Z] error: <httpProxy> Error calling http://10.0.0.5:9090/api/v1/query...
[2026-05-16T09:05:56.077Z] error: <httpProxy> [
  500,
  Error: connect ECONNREFUSED 10.0.0.5:9090
      at <unknown> (Error: connect ECONNREFUSED 10.0.0.5:9090) {
    errno: -111,
    code: 'ECONNREFUSED',
    syscall: 'connect',
    address: '10.0.0.5',
    port: 9090
  }
]
[2026-05-16T09:05:56.078Z] error: <httpProxy> Error calling http://10.0.0.5:9090/api/v1/query...
[2026-05-16T09:05:56.078Z] error: <httpProxy> [
  500,
  Error: connect ECONNREFUSED 10.0.0.5:9090
      at <unknown> (Error: connect ECONNREFUSED 10.0.0.5:9090) {
    errno: -111,
    code: 'ECONNREFUSED',
    syscall: 'connect',
    address: '10.0.0.5',
    port: 9090
  }
]
[2026-05-16T09:05:56.238Z] error: <httpProxy> Error calling http://10.0.0.5:9090/api/v1/query...
[2026-05-16T09:05:56.238Z] error: <httpProxy> [
  500,
  Error: connect ECONNREFUSED 10.0.0.5:9090
      at <unknown> (Error: connect ECONNREFUSED 10.0.0.5:9090) {
    errno: -111,
    code: 'ECONNREFUSED',
    syscall: 'connect',
    address: '10.0.0.5',
    port: 9090
  }
]
[2026-05-16T09:05:56.242Z] error: <httpProxy> Error calling http://10.0.0.5:9090/api/v1/query...
[2026-05-16T09:05:56.243Z] error: <httpProxy> [
  500,
  Error: connect ECONNREFUSED 10.0.0.5:9090
      at <unknown> (Error: connect ECONNREFUSED 10.0.0.5:9090) {
    errno: -111,
    code: 'ECONNREFUSED',
    syscall: 'connect',
    address: '10.0.0.5',
    port: 9090
  }
]
[2026-05-16T09:05:56.246Z] error: <httpProxy> Error calling http://10.0.0.5:9090/api/v1/query...
[2026-05-16T09:05:56.246Z] error: <httpProxy> [
  500,
  Error: connect ECONNREFUSED 10.0.0.5:9090
      at <unknown> (Error: connect ECONNREFUSED 10.0.0.5:9090) {
    errno: -111,
    code: 'ECONNREFUSED',
    syscall: 'connect',
    address: '10.0.0.5',
    port: 9090
  }
]
[2026-05-16T09:05:56.248Z] error: <httpProxy> Error calling http://10.0.0.5:9090/api/v1/query...
[2026-05-16T09:05:56.248Z] error: <httpProxy> [
  500,
  Error: connect ECONNREFUSED 10.0.0.5:9090
      at <unknown> (Error: connect ECONNREFUSED 10.0.0.5:9090) {
    errno: -111,
    code: 'ECONNREFUSED',
    syscall: 'connect',
    address: '10.0.0.5',
    port: 9090
  }
]
[2026-05-16T09:05:56.251Z] error: <httpProxy> Error calling http://10.0.0.5:9090/api/v1/query...
[2026-05-16T09:05:56.251Z] error: <httpProxy> [
  500,
  Error: connect ECONNREFUSED 10.0.0.5:9090
      at <unknown> (Error: connect ECONNREFUSED 10.0.0.5:9090) {
    errno: -111,
    code: 'ECONNREFUSED',
    syscall: 'connect',
    address: '10.0.0.5',
    port: 9090
  }
]
[2026-05-16T09:05:56.253Z] error: <httpProxy> Error calling http://10.0.0.5:9090/api/v1/query...
[2026-05-16T09:05:56.253Z] error: <httpProxy> [
  500,
  Error: connect ECONNREFUSED 10.0.0.5:9090
      at <unknown> (Error: connect ECONNREFUSED 10.0.0.5:9090) {
    errno: -111,
    code: 'ECONNREFUSED',
    syscall: 'connect',
    address: '10.0.0.5',
    port: 9090
  }
]
[2026-05-16T09:05:56.255Z] error: <httpProxy> Error calling http://10.0.0.5:9090/api/v1/query...
[2026-05-16T09:05:56.255Z] error: <httpProxy> [
  500,
  Error: connect ECONNREFUSED 10.0.0.5:9090
      at <unknown> (Error: connect ECONNREFUSED 10.0.0.5:9090) {
    errno: -111,
    code: 'ECONNREFUSED',
    syscall: 'connect',
    address: '10.0.0.5',
    port: 9090
  }
]
[2026-05-16T09:05:56.257Z] error: <httpProxy> Error calling http://10.0.0.5:9090/api/v1/query...
[2026-05-16T09:05:56.257Z] error: <httpProxy> [
  500,
  Error: connect ECONNREFUSED 10.0.0.5:9090
      at <unknown> (Error: connect ECONNREFUSED 10.0.0.5:9090) {
    errno: -111,
    code: 'ECONNREFUSED',
    syscall: 'connect',
    address: '10.0.0.5',
    port: 9090
  }
]
[2026-05-16T09:05:56.260Z] error: <httpProxy> Error calling http://10.0.0.5:9090/api/v1/query...
[2026-05-16T09:05:56.260Z] error: <httpProxy> [
  500,
  Error: connect ECONNREFUSED 10.0.0.5:9090
      at <unknown> (Error: connect ECONNREFUSED 10.0.0.5:9090) {
    errno: -111,
    code: 'ECONNREFUSED',
    syscall: 'connect',
    address: '10.0.0.5',
    port: 9090
  }
]
[2026-05-16T09:05:56.262Z] error: <httpProxy> Error calling http://10.0.0.5:9090/api/v1/query...
[2026-05-16T09:05:56.262Z] error: <httpProxy> [
  500,
  Error: connect ECONNREFUSED 10.0.0.5:9090
      at <unknown> (Error: connect ECONNREFUSED 10.0.0.5:9090) {
    errno: -111,
    code: 'ECONNREFUSED',
    syscall: 'connect',
    address: '10.0.0.5',
    port: 9090
  }
]
[2026-05-16T09:05:56.263Z] error: <httpProxy> Error calling http://10.0.0.5:9090/api/v1/query...
[2026-05-16T09:05:56.264Z] error: <httpProxy> [
  500,
  Error: connect ECONNREFUSED 10.0.0.5:9090
      at <unknown> (Error: connect ECONNREFUSED 10.0.0.5:9090) {
    errno: -111,
    code: 'ECONNREFUSED',
    syscall: 'connect',
    address: '10.0.0.5',
    port: 9090
  }
]
[2026-05-16T09:05:56.267Z] error: <httpProxy> Error calling http://10.0.0.5:9090/api/v1/query...
[2026-05-16T09:05:56.267Z] error: <httpProxy> [
  500,
  Error: connect ECONNREFUSED 10.0.0.5:9090
      at <unknown> (Error: connect ECONNREFUSED 10.0.0.5:9090) {
    errno: -111,
    code: 'ECONNREFUSED',
    syscall: 'connect',
    address: '10.0.0.5',
    port: 9090
  }
]
[2026-05-16T09:05:56.269Z] error: <httpProxy> Error calling http://10.0.0.5:9090/api/v1/query...
[2026-05-16T09:05:56.269Z] error: <httpProxy> [
  500,
  Error: connect ECONNREFUSED 10.0.0.5:9090
      at <unknown> (Error: connect ECONNREFUSED 10.0.0.5:9090) {
    errno: -111,
    code: 'ECONNREFUSED',
    syscall: 'connect',
    address: '10.0.0.5',
    port: 9090
  }
]
[2026-05-16T09:05:56.269Z] error: <httpProxy> Error calling http://10.0.0.5:9090/api/v1/query...
[2026-05-16T09:05:56.269Z] error: <httpProxy> [
  500,
  Error: connect ECONNREFUSED 10.0.0.5:9090
      at <unknown> (Error: connect ECONNREFUSED 10.0.0.5:9090) {
    errno: -111,
    code: 'ECONNREFUSED',
    syscall: 'connect',
    address: '10.0.0.5',
    port: 9090
  }
]
[2026-05-16T09:06:42.395Z] error: <httpProxy> Error calling http://10.0.0.5:9090/api/v1/query...
[2026-05-16T09:06:42.395Z] error: <httpProxy> [
  500,
  Error: connect ECONNREFUSED 10.0.0.5:9090
      at <unknown> (Error: connect ECONNREFUSED 10.0.0.5:9090) {
    errno: -111,
    code: 'ECONNREFUSED',
    syscall: 'connect',
    address: '10.0.0.5',
    port: 9090
  }
]
[2026-05-16T09:06:42.397Z] error: <httpProxy> Error calling http://10.0.0.5:9090/api/v1/query...
[2026-05-16T09:06:42.398Z] error: <httpProxy> [
  500,
  Error: connect ECONNREFUSED 10.0.0.5:9090
      at <unknown> (Error: connect ECONNREFUSED 10.0.0.5:9090) {
    errno: -111,
    code: 'ECONNREFUSED',
    syscall: 'connect',
    address: '10.0.0.5',
    port: 9090
  }
]
[2026-05-16T09:06:42.400Z] error: <httpProxy> Error calling http://10.0.0.5:9090/api/v1/query...
[2026-05-16T09:06:42.400Z] error: <httpProxy> [
  500,
  Error: connect ECONNREFUSED 10.0.0.5:9090
      at <unknown> (Error: connect ECONNREFUSED 10.0.0.5:9090) {
    errno: -111,
    code: 'ECONNREFUSED',
    syscall: 'connect',
    address: '10.0.0.5',
    port: 9090
  }
]
[2026-05-16T09:06:42.402Z] error: <httpProxy> Error calling http://10.0.0.5:9090/api/v1/query...
[2026-05-16T09:06:42.403Z] error: <httpProxy> [
  500,
  Error: connect ECONNREFUSED 10.0.0.5:9090
      at <unknown> (Error: connect ECONNREFUSED 10.0.0.5:9090) {
    errno: -111,
    code: 'ECONNREFUSED',
    syscall: 'connect',
    address: '10.0.0.5',
    port: 9090
  }
]
[2026-05-16T09:06:42.405Z] error: <httpProxy> Error calling http://10.0.0.5:9090/api/v1/query...
[2026-05-16T09:06:42.405Z] error: <httpProxy> [
  500,
  Error: connect ECONNREFUSED 10.0.0.5:9090
      at <unknown> (Error: connect ECONNREFUSED 10.0.0.5:9090) {
    errno: -111,
    code: 'ECONNREFUSED',
    syscall: 'connect',
    address: '10.0.0.5',
    port: 9090
  }
]
[2026-05-16T09:06:42.407Z] error: <httpProxy> Error calling http://10.0.0.5:9090/api/v1/query...
[2026-05-16T09:06:42.407Z] error: <httpProxy> [
  500,
  Error: connect ECONNREFUSED 10.0.0.5:9090
      at <unknown> (Error: connect ECONNREFUSED 10.0.0.5:9090) {
    errno: -111,
    code: 'ECONNREFUSED',
    syscall: 'connect',
    address: '10.0.0.5',
    port: 9090
  }
]
[2026-05-16T09:06:42.409Z] error: <httpProxy> Error calling http://10.0.0.5:9090/api/v1/query...
[2026-05-16T09:06:42.409Z] error: <httpProxy> [
  500,
  Error: connect ECONNREFUSED 10.0.0.5:9090
      at <unknown> (Error: connect ECONNREFUSED 10.0.0.5:9090) {
    errno: -111,
    code: 'ECONNREFUSED',
    syscall: 'connect',
    address: '10.0.0.5',
    port: 9090
  }
]
[2026-05-16T09:06:42.412Z] error: <httpProxy> Error calling http://10.0.0.5:9090/api/v1/query...
[2026-05-16T09:06:42.412Z] error: <httpProxy> [
  500,
  Error: connect ECONNREFUSED 10.0.0.5:9090
      at <unknown> (Error: connect ECONNREFUSED 10.0.0.5:9090) {
    errno: -111,
    code: 'ECONNREFUSED',
    syscall: 'connect',
    address: '10.0.0.5',
    port: 9090
  }
]
[2026-05-16T09:06:42.414Z] error: <httpProxy> Error calling http://10.0.0.5:9090/api/v1/query...
[2026-05-16T09:06:42.414Z] error: <httpProxy> [
  500,
  Error: connect ECONNREFUSED 10.0.0.5:9090
      at <unknown> (Error: connect ECONNREFUSED 10.0.0.5:9090) {
    errno: -111,
    code: 'ECONNREFUSED',
    syscall: 'connect',
    address: '10.0.0.5',
    port: 9090
  }
]
[2026-05-16T09:06:42.416Z] error: <httpProxy> Error calling http://10.0.0.5:9090/api/v1/query...
[2026-05-16T09:06:42.417Z] error: <httpProxy> [
  500,
  Error: connect ECONNREFUSED 10.0.0.5:9090
      at <unknown> (Error: connect ECONNREFUSED 10.0.0.5:9090) {
    errno: -111,
    code: 'ECONNREFUSED',
    syscall: 'connect',
    address: '10.0.0.5',
    port: 9090
  }
]
[2026-05-16T09:06:42.417Z] error: <httpProxy> Error calling http://10.0.0.5:9090/api/v1/query...
[2026-05-16T09:06:42.417Z] error: <httpProxy> [
  500,
  Error: connect ECONNREFUSED 10.0.0.5:9090
      at <unknown> (Error: connect ECONNREFUSED 10.0.0.5:9090) {
    errno: -111,
    code: 'ECONNREFUSED',
    syscall: 'connect',
    address: '10.0.0.5',
    port: 9090
  }
]
[2026-05-16T09:06:42.418Z] error: <httpProxy> Error calling http://10.0.0.5:9090/api/v1/query...
[2026-05-16T09:06:42.418Z] error: <httpProxy> [
  500,
  Error: connect ECONNREFUSED 10.0.0.5:9090
      at <unknown> (Error: connect ECONNREFUSED 10.0.0.5:9090) {
    errno: -111,
    code: 'ECONNREFUSED',
    syscall: 'connect',
    address: '10.0.0.5',
    port: 9090
  }
]
[2026-05-16T09:06:42.420Z] error: <httpProxy> Error calling http://10.0.0.5:9090/api/v1/query...
[2026-05-16T09:06:42.420Z] error: <httpProxy> [
  500,
  Error: connect ECONNREFUSED 10.0.0.5:9090
      at <unknown> (Error: connect ECONNREFUSED 10.0.0.5:9090) {
    errno: -111,
    code: 'ECONNREFUSED',
    syscall: 'connect',
    address: '10.0.0.5',
    port: 9090
  }
]
[2026-05-16T09:06:42.421Z] error: <httpProxy> Error calling http://10.0.0.5:9090/api/v1/query...
[2026-05-16T09:06:42.421Z] error: <httpProxy> [
  500,
  Error: connect ECONNREFUSED 10.0.0.5:9090
      at <unknown> (Error: connect ECONNREFUSED 10.0.0.5:9090) {
    errno: -111,
    code: 'ECONNREFUSED',
    syscall: 'connect',
    address: '10.0.0.5',
    port: 9090
  }
]
[2026-05-16T09:06:42.733Z] error: <httpProxy> Error calling http://10.0.0.5:9090/api/v1/query...
[2026-05-16T09:06:42.733Z] error: <httpProxy> [
  500,
  Error: connect ECONNREFUSED 10.0.0.5:9090
      at <unknown> (Error: connect ECONNREFUSED 10.0.0.5:9090) {
    errno: -111,
    code: 'ECONNREFUSED',
    syscall: 'connect',
    address: '10.0.0.5',
    port: 9090
  }
]
[2026-05-16T09:06:42.738Z] error: <httpProxy> Error calling http://10.0.0.5:9090/api/v1/query...
[2026-05-16T09:06:42.738Z] error: <httpProxy> [
  500,
  Error: connect ECONNREFUSED 10.0.0.5:9090
      at <unknown> (Error: connect ECONNREFUSED 10.0.0.5:9090) {
    errno: -111,
    code: 'ECONNREFUSED',
    syscall: 'connect',
    address: '10.0.0.5',
    port: 9090
  }
]
[2026-05-16T09:06:42.740Z] error: <httpProxy> Error calling http://10.0.0.5:9090/api/v1/query...
[2026-05-16T09:06:42.740Z] error: <httpProxy> [
  500,
  Error: connect ECONNREFUSED 10.0.0.5:9090
      at <unknown> (Error: connect ECONNREFUSED 10.0.0.5:9090) {
    errno: -111,
    code: 'ECONNREFUSED',
    syscall: 'connect',
    address: '10.0.0.5',
    port: 9090
  }
]
[2026-05-16T09:06:42.742Z] error: <httpProxy> Error calling http://10.0.0.5:9090/api/v1/query...
[2026-05-16T09:06:42.742Z] error: <httpProxy> [
  500,
  Error: connect ECONNREFUSED 10.0.0.5:9090
      at <unknown> (Error: connect ECONNREFUSED 10.0.0.5:9090) {
    errno: -111,
    code: 'ECONNREFUSED',
    syscall: 'connect',
    address: '10.0.0.5',
    port: 9090
  }
]
[2026-05-16T09:06:42.744Z] error: <httpProxy> Error calling http://10.0.0.5:9090/api/v1/query...
[2026-05-16T09:06:42.744Z] error: <httpProxy> [
  500,
  Error: connect ECONNREFUSED 10.0.0.5:9090
      at <unknown> (Error: connect ECONNREFUSED 10.0.0.5:9090) {
    errno: -111,
    code: 'ECONNREFUSED',
    syscall: 'connect',
    address: '10.0.0.5',
    port: 9090
  }
]
[2026-05-16T09:06:42.746Z] error: <httpProxy> Error calling http://10.0.0.5:9090/api/v1/query...
[2026-05-16T09:06:42.747Z] error: <httpProxy> [
  500,
  Error: connect ECONNREFUSED 10.0.0.5:9090
      at <unknown> (Error: connect ECONNREFUSED 10.0.0.5:9090) {
    errno: -111,
    code: 'ECONNREFUSED',
    syscall: 'connect',
    address: '10.0.0.5',
    port: 9090
  }
]
[2026-05-16T09:06:42.748Z] error: <httpProxy> Error calling http://10.0.0.5:9090/api/v1/query...
[2026-05-16T09:06:42.749Z] error: <httpProxy> [
  500,
  Error: connect ECONNREFUSED 10.0.0.5:9090
      at <unknown> (Error: connect ECONNREFUSED 10.0.0.5:9090) {
    errno: -111,
    code: 'ECONNREFUSED',
    syscall: 'connect',
    address: '10.0.0.5',
    port: 9090
  }
]
[2026-05-16T09:06:42.750Z] error: <httpProxy> Error calling http://10.0.0.5:9090/api/v1/query...
[2026-05-16T09:06:42.750Z] error: <httpProxy> [
  500,
  Error: connect ECONNREFUSED 10.0.0.5:9090
      at <unknown> (Error: connect ECONNREFUSED 10.0.0.5:9090) {
    errno: -111,
    code: 'ECONNREFUSED',
    syscall: 'connect',
    address: '10.0.0.5',
    port: 9090
  }
]
[2026-05-16T09:06:42.752Z] error: <httpProxy> Error calling http://10.0.0.5:9090/api/v1/query...
[2026-05-16T09:06:42.752Z] error: <httpProxy> [
  500,
  Error: connect ECONNREFUSED 10.0.0.5:9090
      at <unknown> (Error: connect ECONNREFUSED 10.0.0.5:9090) {
    errno: -111,
    code: 'ECONNREFUSED',
    syscall: 'connect',
    address: '10.0.0.5',
    port: 9090
  }
]
[2026-05-16T09:06:42.754Z] error: <httpProxy> Error calling http://10.0.0.5:9090/api/v1/query...
[2026-05-16T09:06:42.754Z] error: <httpProxy> [
  500,
  Error: connect ECONNREFUSED 10.0.0.5:9090
      at <unknown> (Error: connect ECONNREFUSED 10.0.0.5:9090) {
    errno: -111,
    code: 'ECONNREFUSED',
    syscall: 'connect',
    address: '10.0.0.5',
    port: 9090
  }
]
[2026-05-16T09:06:42.756Z] error: <httpProxy> Error calling http://10.0.0.5:9090/api/v1/query...
[2026-05-16T09:06:42.756Z] error: <httpProxy> [
  500,
  Error: connect ECONNREFUSED 10.0.0.5:9090
      at <unknown> (Error: connect ECONNREFUSED 10.0.0.5:9090) {
    errno: -111,
    code: 'ECONNREFUSED',
    syscall: 'connect',
    address: '10.0.0.5',
    port: 9090
  }
]
[2026-05-16T09:06:42.758Z] error: <httpProxy> Error calling http://10.0.0.5:9090/api/v1/query...
[2026-05-16T09:06:42.758Z] error: <httpProxy> [
  500,
  Error: connect ECONNREFUSED 10.0.0.5:9090
      at <unknown> (Error: connect ECONNREFUSED 10.0.0.5:9090) {
    errno: -111,
    code: 'ECONNREFUSED',
    syscall: 'connect',
    address: '10.0.0.5',
    port: 9090
  }
]
[2026-05-16T09:06:42.760Z] error: <httpProxy> Error calling http://10.0.0.5:9090/api/v1/query...
[2026-05-16T09:06:42.760Z] error: <httpProxy> [
  500,
  Error: connect ECONNREFUSED 10.0.0.5:9090
      at <unknown> (Error: connect ECONNREFUSED 10.0.0.5:9090) {
    errno: -111,
    code: 'ECONNREFUSED',
    syscall: 'connect',
    address: '10.0.0.5',
    port: 9090
  }
]
[2026-05-16T09:06:42.761Z] error: <httpProxy> Error calling http://10.0.0.5:9090/api/v1/query...
[2026-05-16T09:06:42.761Z] error: <httpProxy> [
  500,
  Error: connect ECONNREFUSED 10.0.0.5:9090
      at <unknown> (Error: connect ECONNREFUSED 10.0.0.5:9090) {
    errno: -111,
    code: 'ECONNREFUSED',
    syscall: 'connect',
    address: '10.0.0.5',
    port: 9090
  }
]
[2026-05-16T09:06:43.272Z] error: <httpProxy> Error calling http://10.0.0.5:9090/api/v1/query...
[2026-05-16T09:06:43.273Z] error: <httpProxy> [
  500,
  Error: connect ECONNREFUSED 10.0.0.5:9090
      at <unknown> (Error: connect ECONNREFUSED 10.0.0.5:9090) {
    errno: -111,
    code: 'ECONNREFUSED',
    syscall: 'connect',
    address: '10.0.0.5',
    port: 9090
  }
]
[2026-05-16T09:06:43.276Z] error: <httpProxy> Error calling http://10.0.0.5:9090/api/v1/query...
[2026-05-16T09:06:43.276Z] error: <httpProxy> [
  500,
  Error: connect ECONNREFUSED 10.0.0.5:9090
      at <unknown> (Error: connect ECONNREFUSED 10.0.0.5:9090) {
    errno: -111,
    code: 'ECONNREFUSED',
    syscall: 'connect',
    address: '10.0.0.5',
    port: 9090
  }
]
[2026-05-16T09:06:43.279Z] error: <httpProxy> Error calling http://10.0.0.5:9090/api/v1/query...
[2026-05-16T09:06:43.279Z] error: <httpProxy> [
  500,
  Error: connect ECONNREFUSED 10.0.0.5:9090
      at <unknown> (Error: connect ECONNREFUSED 10.0.0.5:9090) {
    errno: -111,
    code: 'ECONNREFUSED',
    syscall: 'connect',
    address: '10.0.0.5',
    port: 9090
  }
]
[2026-05-16T09:06:43.286Z] error: <httpProxy> Error calling http://10.0.0.5:9090/api/v1/query...
[2026-05-16T09:06:43.286Z] error: <httpProxy> [
  500,
  Error: connect ECONNREFUSED 10.0.0.5:9090
      at <unknown> (Error: connect ECONNREFUSED 10.0.0.5:9090) {
    errno: -111,
    code: 'ECONNREFUSED',
    syscall: 'connect',
    address: '10.0.0.5',
    port: 9090
  }
]
[2026-05-16T09:06:43.288Z] error: <httpProxy> Error calling http://10.0.0.5:9090/api/v1/query...
[2026-05-16T09:06:43.288Z] error: <httpProxy> [
  500,
  Error: connect ECONNREFUSED 10.0.0.5:9090
      at <unknown> (Error: connect ECONNREFUSED 10.0.0.5:9090) {
    errno: -111,
    code: 'ECONNREFUSED',
    syscall: 'connect',
    address: '10.0.0.5',
    port: 9090
  }
]
[2026-05-16T09:06:43.290Z] error: <httpProxy> Error calling http://10.0.0.5:9090/api/v1/query...
[2026-05-16T09:06:43.290Z] error: <httpProxy> [
  500,
  Error: connect ECONNREFUSED 10.0.0.5:9090
      at <unknown> (Error: connect ECONNREFUSED 10.0.0.5:9090) {
    errno: -111,
    code: 'ECONNREFUSED',
    syscall: 'connect',
    address: '10.0.0.5',
    port: 9090
  }
]
[2026-05-16T09:06:43.292Z] error: <httpProxy> Error calling http://10.0.0.5:9090/api/v1/query...
[2026-05-16T09:06:43.292Z] error: <httpProxy> [
  500,
  Error: connect ECONNREFUSED 10.0.0.5:9090
      at <unknown> (Error: connect ECONNREFUSED 10.0.0.5:9090) {
    errno: -111,
    code: 'ECONNREFUSED',
    syscall: 'connect',
    address: '10.0.0.5',
    port: 9090
  }
]
[2026-05-16T09:06:43.294Z] error: <httpProxy> Error calling http://10.0.0.5:9090/api/v1/query...
[2026-05-16T09:06:43.294Z] error: <httpProxy> [
  500,
  Error: connect ECONNREFUSED 10.0.0.5:9090
      at <unknown> (Error: connect ECONNREFUSED 10.0.0.5:9090) {
    errno: -111,
    code: 'ECONNREFUSED',
    syscall: 'connect',
    address: '10.0.0.5',
    port: 9090
  }
]
[2026-05-16T09:06:43.297Z] error: <httpProxy> Error calling http://10.0.0.5:9090/api/v1/query...
[2026-05-16T09:06:43.297Z] error: <httpProxy> [
  500,
  Error: connect ECONNREFUSED 10.0.0.5:9090
      at <unknown> (Error: connect ECONNREFUSED 10.0.0.5:9090) {
    errno: -111,
    code: 'ECONNREFUSED',
    syscall: 'connect',
    address: '10.0.0.5',
    port: 9090
  }
]
[2026-05-16T09:06:43.299Z] error: <httpProxy> Error calling http://10.0.0.5:9090/api/v1/query...
[2026-05-16T09:06:43.299Z] error: <httpProxy> [
  500,
  Error: connect ECONNREFUSED 10.0.0.5:9090
      at <unknown> (Error: connect ECONNREFUSED 10.0.0.5:9090) {
    errno: -111,
    code: 'ECONNREFUSED',
    syscall: 'connect',
    address: '10.0.0.5',
    port: 9090
  }
]
[2026-05-16T09:06:43.301Z] error: <httpProxy> Error calling http://10.0.0.5:9090/api/v1/query...
[2026-05-16T09:06:43.302Z] error: <httpProxy> [
  500,
  Error: connect ECONNREFUSED 10.0.0.5:9090
      at <unknown> (Error: connect ECONNREFUSED 10.0.0.5:9090) {
    errno: -111,
    code: 'ECONNREFUSED',
    syscall: 'connect',
    address: '10.0.0.5',
    port: 9090
  }
]
[2026-05-16T09:06:43.304Z] error: <httpProxy> Error calling http://10.0.0.5:9090/api/v1/query...
[2026-05-16T09:06:43.304Z] error: <httpProxy> [
  500,
  Error: connect ECONNREFUSED 10.0.0.5:9090
      at <unknown> (Error: connect ECONNREFUSED 10.0.0.5:9090) {
    errno: -111,
    code: 'ECONNREFUSED',
    syscall: 'connect',
    address: '10.0.0.5',
    port: 9090
  }
]
[2026-05-16T09:06:43.307Z] error: <httpProxy> Error calling http://10.0.0.5:9090/api/v1/query...
[2026-05-16T09:06:43.307Z] error: <httpProxy> [
  500,
  Error: connect ECONNREFUSED 10.0.0.5:9090
      at <unknown> (Error: connect ECONNREFUSED 10.0.0.5:9090) {
    errno: -111,
    code: 'ECONNREFUSED',
    syscall: 'connect',
    address: '10.0.0.5',
    port: 9090
  }
]
[2026-05-16T09:06:43.310Z] error: <httpProxy> Error calling http://10.0.0.5:9090/api/v1/query...
[2026-05-16T09:06:43.311Z] error: <httpProxy> [
  500,
  Error: connect ECONNREFUSED 10.0.0.5:9090
      at <unknown> (Error: connect ECONNREFUSED 10.0.0.5:9090) {
    errno: -111,
    code: 'ECONNREFUSED',
    syscall: 'connect',
    address: '10.0.0.5',
    port: 9090
  }
]
[2026-05-16T09:06:43.719Z] error: <httpProxy> Error calling http://10.0.0.5:9090/api/v1/query...
[2026-05-16T09:06:43.719Z] error: <httpProxy> [
  500,
  Error: connect ECONNREFUSED 10.0.0.5:9090
      at <unknown> (Error: connect ECONNREFUSED 10.0.0.5:9090) {
    errno: -111,
    code: 'ECONNREFUSED',
    syscall: 'connect',
    address: '10.0.0.5',
    port: 9090
  }
]
[2026-05-16T09:06:43.721Z] error: <httpProxy> Error calling http://10.0.0.5:9090/api/v1/query...
[2026-05-16T09:06:43.721Z] error: <httpProxy> [
  500,
  Error: connect ECONNREFUSED 10.0.0.5:9090
      at <unknown> (Error: connect ECONNREFUSED 10.0.0.5:9090) {
    errno: -111,
    code: 'ECONNREFUSED',
    syscall: 'connect',
    address: '10.0.0.5',
    port: 9090
  }
]
[2026-05-16T09:06:43.723Z] error: <httpProxy> Error calling http://10.0.0.5:9090/api/v1/query...
[2026-05-16T09:06:43.723Z] error: <httpProxy> [
  500,
  Error: connect ECONNREFUSED 10.0.0.5:9090
      at <unknown> (Error: connect ECONNREFUSED 10.0.0.5:9090) {
    errno: -111,
    code: 'ECONNREFUSED',
    syscall: 'connect',
    address: '10.0.0.5',
    port: 9090
  }
]
[2026-05-16T09:06:43.725Z] error: <httpProxy> Error calling http://10.0.0.5:9090/api/v1/query...
[2026-05-16T09:06:43.725Z] error: <httpProxy> [
  500,
  Error: connect ECONNREFUSED 10.0.0.5:9090
      at <unknown> (Error: connect ECONNREFUSED 10.0.0.5:9090) {
    errno: -111,
    code: 'ECONNREFUSED',
    syscall: 'connect',
    address: '10.0.0.5',
    port: 9090
  }
]
[2026-05-16T09:06:43.727Z] error: <httpProxy> Error calling http://10.0.0.5:9090/api/v1/query...
[2026-05-16T09:06:43.727Z] error: <httpProxy> [
  500,
  Error: connect ECONNREFUSED 10.0.0.5:9090
      at <unknown> (Error: connect ECONNREFUSED 10.0.0.5:9090) {
    errno: -111,
    code: 'ECONNREFUSED',
    syscall: 'connect',
    address: '10.0.0.5',
    port: 9090
  }
]
[2026-05-16T09:06:43.730Z] error: <httpProxy> Error calling http://10.0.0.5:9090/api/v1/query...
[2026-05-16T09:06:43.730Z] error: <httpProxy> [
  500,
  Error: connect ECONNREFUSED 10.0.0.5:9090
      at <unknown> (Error: connect ECONNREFUSED 10.0.0.5:9090) {
    errno: -111,
    code: 'ECONNREFUSED',
    syscall: 'connect',
    address: '10.0.0.5',
    port: 9090
  }
]
[2026-05-16T09:06:43.732Z] error: <httpProxy> Error calling http://10.0.0.5:9090/api/v1/query...
[2026-05-16T09:06:43.732Z] error: <httpProxy> [
  500,
  Error: connect ECONNREFUSED 10.0.0.5:9090
      at <unknown> (Error: connect ECONNREFUSED 10.0.0.5:9090) {
    errno: -111,
    code: 'ECONNREFUSED',
    syscall: 'connect',
    address: '10.0.0.5',
    port: 9090
  }
]
[2026-05-16T09:06:43.734Z] error: <httpProxy> Error calling http://10.0.0.5:9090/api/v1/query...
[2026-05-16T09:06:43.734Z] error: <httpProxy> [
  500,
  Error: connect ECONNREFUSED 10.0.0.5:9090
      at <unknown> (Error: connect ECONNREFUSED 10.0.0.5:9090) {
    errno: -111,
    code: 'ECONNREFUSED',
    syscall: 'connect',
    address: '10.0.0.5',
    port: 9090
  }
]
[2026-05-16T09:06:43.735Z] error: <httpProxy> Error calling http://10.0.0.5:9090/api/v1/query...
[2026-05-16T09:06:43.736Z] error: <httpProxy> [
  500,
  Error: connect ECONNREFUSED 10.0.0.5:9090
      at <unknown> (Error: connect ECONNREFUSED 10.0.0.5:9090) {
    errno: -111,
    code: 'ECONNREFUSED',
    syscall: 'connect',
    address: '10.0.0.5',
    port: 9090
  }
]
[2026-05-16T09:06:43.737Z] error: <httpProxy> Error calling http://10.0.0.5:9090/api/v1/query...
[2026-05-16T09:06:43.737Z] error: <httpProxy> [
  500,
  Error: connect ECONNREFUSED 10.0.0.5:9090
      at <unknown> (Error: connect ECONNREFUSED 10.0.0.5:9090) {
    errno: -111,
    code: 'ECONNREFUSED',
    syscall: 'connect',
    address: '10.0.0.5',
    port: 9090
  }
]
[2026-05-16T09:06:43.738Z] error: <httpProxy> Error calling http://10.0.0.5:9090/api/v1/query...
[2026-05-16T09:06:43.739Z] error: <httpProxy> [
  500,
  Error: connect ECONNREFUSED 10.0.0.5:9090
      at <unknown> (Error: connect ECONNREFUSED 10.0.0.5:9090) {
    errno: -111,
    code: 'ECONNREFUSED',
    syscall: 'connect',
    address: '10.0.0.5',
    port: 9090
  }
]
[2026-05-16T09:06:43.740Z] error: <httpProxy> Error calling http://10.0.0.5:9090/api/v1/query...
[2026-05-16T09:06:43.741Z] error: <httpProxy> [
  500,
  Error: connect ECONNREFUSED 10.0.0.5:9090
      at <unknown> (Error: connect ECONNREFUSED 10.0.0.5:9090) {
    errno: -111,
    code: 'ECONNREFUSED',
    syscall: 'connect',
    address: '10.0.0.5',
    port: 9090
  }
]
[2026-05-16T09:06:43.742Z] error: <httpProxy> Error calling http://10.0.0.5:9090/api/v1/query...
[2026-05-16T09:06:43.743Z] error: <httpProxy> [
  500,
  Error: connect ECONNREFUSED 10.0.0.5:9090
      at <unknown> (Error: connect ECONNREFUSED 10.0.0.5:9090) {
    errno: -111,
    code: 'ECONNREFUSED',
    syscall: 'connect',
    address: '10.0.0.5',
    port: 9090
  }
]
[2026-05-16T09:06:43.743Z] error: <httpProxy> Error calling http://10.0.0.5:9090/api/v1/query...
[2026-05-16T09:06:43.743Z] error: <httpProxy> [
  500,
  Error: connect ECONNREFUSED 10.0.0.5:9090
      at <unknown> (Error: connect ECONNREFUSED 10.0.0.5:9090) {
    errno: -111,
    code: 'ECONNREFUSED',
    syscall: 'connect',
    address: '10.0.0.5',
    port: 9090
  }
]
[2026-05-16T09:06:44.103Z] error: <httpProxy> Error calling http://10.0.0.5:9090/api/v1/query...
[2026-05-16T09:06:44.104Z] error: <httpProxy> [
  500,
  Error: connect ECONNREFUSED 10.0.0.5:9090
      at <unknown> (Error: connect ECONNREFUSED 10.0.0.5:9090) {
    errno: -111,
    code: 'ECONNREFUSED',
    syscall: 'connect',
    address: '10.0.0.5',
    port: 9090
  }
]
[2026-05-16T09:06:44.110Z] error: <httpProxy> Error calling http://10.0.0.5:9090/api/v1/query...
[2026-05-16T09:06:44.110Z] error: <httpProxy> [
  500,
  Error: connect ECONNREFUSED 10.0.0.5:9090
      at <unknown> (Error: connect ECONNREFUSED 10.0.0.5:9090) {
    errno: -111,
    code: 'ECONNREFUSED',
    syscall: 'connect',
    address: '10.0.0.5',
    port: 9090
  }
]
[2026-05-16T09:06:44.112Z] error: <httpProxy> Error calling http://10.0.0.5:9090/api/v1/query...
[2026-05-16T09:06:44.112Z] error: <httpProxy> [
  500,
  Error: connect ECONNREFUSED 10.0.0.5:9090
      at <unknown> (Error: connect ECONNREFUSED 10.0.0.5:9090) {
    errno: -111,
    code: 'ECONNREFUSED',
    syscall: 'connect',
    address: '10.0.0.5',
    port: 9090
  }
]
[2026-05-16T09:06:44.114Z] error: <httpProxy> Error calling http://10.0.0.5:9090/api/v1/query...
[2026-05-16T09:06:44.114Z] error: <httpProxy> [
  500,
  Error: connect ECONNREFUSED 10.0.0.5:9090
      at <unknown> (Error: connect ECONNREFUSED 10.0.0.5:9090) {
    errno: -111,
    code: 'ECONNREFUSED',
    syscall: 'connect',
    address: '10.0.0.5',
    port: 9090
  }
]
[2026-05-16T09:06:44.116Z] error: <httpProxy> Error calling http://10.0.0.5:9090/api/v1/query...
[2026-05-16T09:06:44.116Z] error: <httpProxy> [
  500,
  Error: connect ECONNREFUSED 10.0.0.5:9090
      at <unknown> (Error: connect ECONNREFUSED 10.0.0.5:9090) {
    errno: -111,
    code: 'ECONNREFUSED',
    syscall: 'connect',
    address: '10.0.0.5',
    port: 9090
  }
]
[2026-05-16T09:06:44.118Z] error: <httpProxy> Error calling http://10.0.0.5:9090/api/v1/query...
[2026-05-16T09:06:44.118Z] error: <httpProxy> [
  500,
  Error: connect ECONNREFUSED 10.0.0.5:9090
      at <unknown> (Error: connect ECONNREFUSED 10.0.0.5:9090) {
    errno: -111,
    code: 'ECONNREFUSED',
    syscall: 'connect',
    address: '10.0.0.5',
    port: 9090
  }
]
[2026-05-16T09:06:44.120Z] error: <httpProxy> Error calling http://10.0.0.5:9090/api/v1/query...
[2026-05-16T09:06:44.120Z] error: <httpProxy> [
  500,
  Error: connect ECONNREFUSED 10.0.0.5:9090
      at <unknown> (Error: connect ECONNREFUSED 10.0.0.5:9090) {
    errno: -111,
    code: 'ECONNREFUSED',
    syscall: 'connect',
    address: '10.0.0.5',
    port: 9090
  }
]
[2026-05-16T09:06:44.122Z] error: <httpProxy> Error calling http://10.0.0.5:9090/api/v1/query...
[2026-05-16T09:06:44.122Z] error: <httpProxy> [
  500,
  Error: connect ECONNREFUSED 10.0.0.5:9090
      at <unknown> (Error: connect ECONNREFUSED 10.0.0.5:9090) {
    errno: -111,
    code: 'ECONNREFUSED',
    syscall: 'connect',
    address: '10.0.0.5',
    port: 9090
  }
]
[2026-05-16T09:06:44.124Z] error: <httpProxy> Error calling http://10.0.0.5:9090/api/v1/query...
[2026-05-16T09:06:44.124Z] error: <httpProxy> [
  500,
  Error: connect ECONNREFUSED 10.0.0.5:9090
      at <unknown> (Error: connect ECONNREFUSED 10.0.0.5:9090) {
    errno: -111,
    code: 'ECONNREFUSED',
    syscall: 'connect',
    address: '10.0.0.5',
    port: 9090
  }
]
[2026-05-16T09:06:44.126Z] error: <httpProxy> Error calling http://10.0.0.5:9090/api/v1/query...
[2026-05-16T09:06:44.126Z] error: <httpProxy> [
  500,
  Error: connect ECONNREFUSED 10.0.0.5:9090
      at <unknown> (Error: connect ECONNREFUSED 10.0.0.5:9090) {
    errno: -111,
    code: 'ECONNREFUSED',
    syscall: 'connect',
    address: '10.0.0.5',
    port: 9090
  }
]
[2026-05-16T09:06:44.127Z] error: <httpProxy> Error calling http://10.0.0.5:9090/api/v1/query...
[2026-05-16T09:06:44.127Z] error: <httpProxy> [
  500,
  Error: connect ECONNREFUSED 10.0.0.5:9090
      at <unknown> (Error: connect ECONNREFUSED 10.0.0.5:9090) {
    errno: -111,
    code: 'ECONNREFUSED',
    syscall: 'connect',
    address: '10.0.0.5',
    port: 9090
  }
]
[2026-05-16T09:06:44.129Z] error: <httpProxy> Error calling http://10.0.0.5:9090/api/v1/query...
[2026-05-16T09:06:44.129Z] error: <httpProxy> [
  500,
  Error: connect ECONNREFUSED 10.0.0.5:9090
      at <unknown> (Error: connect ECONNREFUSED 10.0.0.5:9090) {
    errno: -111,
    code: 'ECONNREFUSED',
    syscall: 'connect',
    address: '10.0.0.5',
    port: 9090
  }
]
[2026-05-16T09:06:44.131Z] error: <httpProxy> Error calling http://10.0.0.5:9090/api/v1/query...
[2026-05-16T09:06:44.131Z] error: <httpProxy> [
  500,
  Error: connect ECONNREFUSED 10.0.0.5:9090
      at <unknown> (Error: connect ECONNREFUSED 10.0.0.5:9090) {
    errno: -111,
    code: 'ECONNREFUSED',
    syscall: 'connect',
    address: '10.0.0.5',
    port: 9090
  }
]
[2026-05-16T09:06:44.132Z] error: <httpProxy> Error calling http://10.0.0.5:9090/api/v1/query...
[2026-05-16T09:06:44.132Z] error: <httpProxy> [
  500,
  Error: connect ECONNREFUSED 10.0.0.5:9090
      at <unknown> (Error: connect ECONNREFUSED 10.0.0.5:9090) {
    errno: -111,
    code: 'ECONNREFUSED',
    syscall: 'connect',
    address: '10.0.0.5',
    port: 9090
  }
]
[2026-05-16T09:06:44.778Z] error: <httpProxy> Error calling http://10.0.0.5:9090/api/v1/query...
[2026-05-16T09:06:44.778Z] error: <httpProxy> [
  500,
  Error: connect ECONNREFUSED 10.0.0.5:9090
      at <unknown> (Error: connect ECONNREFUSED 10.0.0.5:9090) {
    errno: -111,
    code: 'ECONNREFUSED',
    syscall: 'connect',
    address: '10.0.0.5',
    port: 9090
  }
]
[2026-05-16T09:06:44.781Z] error: <httpProxy> Error calling http://10.0.0.5:9090/api/v1/query...
[2026-05-16T09:06:44.781Z] error: <httpProxy> [
  500,
  Error: connect ECONNREFUSED 10.0.0.5:9090
      at <unknown> (Error: connect ECONNREFUSED 10.0.0.5:9090) {
    errno: -111,
    code: 'ECONNREFUSED',
    syscall: 'connect',
    address: '10.0.0.5',
    port: 9090
  }
]
[2026-05-16T09:06:44.783Z] error: <httpProxy> Error calling http://10.0.0.5:9090/api/v1/query...
[2026-05-16T09:06:44.783Z] error: <httpProxy> [
  500,
  Error: connect ECONNREFUSED 10.0.0.5:9090
      at <unknown> (Error: connect ECONNREFUSED 10.0.0.5:9090) {
    errno: -111,
    code: 'ECONNREFUSED',
    syscall: 'connect',
    address: '10.0.0.5',
    port: 9090
  }
]
[2026-05-16T09:06:44.785Z] error: <httpProxy> Error calling http://10.0.0.5:9090/api/v1/query...
[2026-05-16T09:06:44.785Z] error: <httpProxy> [
  500,
  Error: connect ECONNREFUSED 10.0.0.5:9090
      at <unknown> (Error: connect ECONNREFUSED 10.0.0.5:9090) {
    errno: -111,
    code: 'ECONNREFUSED',
    syscall: 'connect',
    address: '10.0.0.5',
    port: 9090
  }
]
[2026-05-16T09:06:44.791Z] error: <httpProxy> Error calling http://10.0.0.5:9090/api/v1/query...
[2026-05-16T09:06:44.791Z] error: <httpProxy> [
  500,
  Error: connect ECONNREFUSED 10.0.0.5:9090
      at <unknown> (Error: connect ECONNREFUSED 10.0.0.5:9090) {
    errno: -111,
    code: 'ECONNREFUSED',
    syscall: 'connect',
    address: '10.0.0.5',
    port: 9090
  }
]
[2026-05-16T09:06:44.793Z] error: <httpProxy> Error calling http://10.0.0.5:9090/api/v1/query...
[2026-05-16T09:06:44.794Z] error: <httpProxy> [
  500,
  Error: connect ECONNREFUSED 10.0.0.5:9090
      at <unknown> (Error: connect ECONNREFUSED 10.0.0.5:9090) {
    errno: -111,
    code: 'ECONNREFUSED',
    syscall: 'connect',
    address: '10.0.0.5',
    port: 9090
  }
]
[2026-05-16T09:06:44.795Z] error: <httpProxy> Error calling http://10.0.0.5:9090/api/v1/query...
[2026-05-16T09:06:44.796Z] error: <httpProxy> [
  500,
  Error: connect ECONNREFUSED 10.0.0.5:9090
      at <unknown> (Error: connect ECONNREFUSED 10.0.0.5:9090) {
    errno: -111,
    code: 'ECONNREFUSED',
    syscall: 'connect',
    address: '10.0.0.5',
    port: 9090
  }
]
[2026-05-16T09:06:44.797Z] error: <httpProxy> Error calling http://10.0.0.5:9090/api/v1/query...
[2026-05-16T09:06:44.797Z] error: <httpProxy> [
  500,
  Error: connect ECONNREFUSED 10.0.0.5:9090
      at <unknown> (Error: connect ECONNREFUSED 10.0.0.5:9090) {
    errno: -111,
    code: 'ECONNREFUSED',
    syscall: 'connect',
    address: '10.0.0.5',
    port: 9090
  }
]
[2026-05-16T09:06:44.799Z] error: <httpProxy> Error calling http://10.0.0.5:9090/api/v1/query...
[2026-05-16T09:06:44.799Z] error: <httpProxy> [
  500,
  Error: connect ECONNREFUSED 10.0.0.5:9090
      at <unknown> (Error: connect ECONNREFUSED 10.0.0.5:9090) {
    errno: -111,
    code: 'ECONNREFUSED',
    syscall: 'connect',
    address: '10.0.0.5',
    port: 9090
  }
]
[2026-05-16T09:06:44.801Z] error: <httpProxy> Error calling http://10.0.0.5:9090/api/v1/query...
[2026-05-16T09:06:44.801Z] error: <httpProxy> [
  500,
  Error: connect ECONNREFUSED 10.0.0.5:9090
      at <unknown> (Error: connect ECONNREFUSED 10.0.0.5:9090) {
    errno: -111,
    code: 'ECONNREFUSED',
    syscall: 'connect',
    address: '10.0.0.5',
    port: 9090
  }
]
[2026-05-16T09:06:44.802Z] error: <httpProxy> Error calling http://10.0.0.5:9090/api/v1/query...
[2026-05-16T09:06:44.802Z] error: <httpProxy> [
  500,
  Error: connect ECONNREFUSED 10.0.0.5:9090
      at <unknown> (Error: connect ECONNREFUSED 10.0.0.5:9090) {
    errno: -111,
    code: 'ECONNREFUSED',
    syscall: 'connect',
    address: '10.0.0.5',
    port: 9090
  }
]
[2026-05-16T09:06:44.806Z] error: <httpProxy> Error calling http://10.0.0.5:9090/api/v1/query...
[2026-05-16T09:06:44.806Z] error: <httpProxy> [
  500,
  Error: connect ECONNREFUSED 10.0.0.5:9090
      at <unknown> (Error: connect ECONNREFUSED 10.0.0.5:9090) {
    errno: -111,
    code: 'ECONNREFUSED',
    syscall: 'connect',
    address: '10.0.0.5',
    port: 9090
  }
]
[2026-05-16T09:06:44.808Z] error: <httpProxy> Error calling http://10.0.0.5:9090/api/v1/query...
[2026-05-16T09:06:44.809Z] error: <httpProxy> [
  500,
  Error: connect ECONNREFUSED 10.0.0.5:9090
      at <unknown> (Error: connect ECONNREFUSED 10.0.0.5:9090) {
    errno: -111,
    code: 'ECONNREFUSED',
    syscall: 'connect',
    address: '10.0.0.5',
    port: 9090
  }
]
[2026-05-16T09:06:44.809Z] error: <httpProxy> Error calling http://10.0.0.5:9090/api/v1/query...
[2026-05-16T09:06:44.810Z] error: <httpProxy> [
  500,
  Error: connect ECONNREFUSED 10.0.0.5:9090
      at <unknown> (Error: connect ECONNREFUSED 10.0.0.5:9090) {
    errno: -111,
    code: 'ECONNREFUSED',
    syscall: 'connect',
    address: '10.0.0.5',
    port: 9090
  }
]
[2026-05-16T09:06:45.402Z] error: <httpProxy> Error calling http://10.0.0.5:9090/api/v1/query...
[2026-05-16T09:06:45.402Z] error: <httpProxy> [
  500,
  Error: connect ECONNREFUSED 10.0.0.5:9090
      at <unknown> (Error: connect ECONNREFUSED 10.0.0.5:9090) {
    errno: -111,
    code: 'ECONNREFUSED',
    syscall: 'connect',
    address: '10.0.0.5',
    port: 9090
  }
]
[2026-05-16T09:06:45.404Z] error: <httpProxy> Error calling http://10.0.0.5:9090/api/v1/query...
[2026-05-16T09:06:45.404Z] error: <httpProxy> [
  500,
  Error: connect ECONNREFUSED 10.0.0.5:9090
      at <unknown> (Error: connect ECONNREFUSED 10.0.0.5:9090) {
    errno: -111,
    code: 'ECONNREFUSED',
    syscall: 'connect',
    address: '10.0.0.5',
    port: 9090
  }
]
[2026-05-16T09:06:45.406Z] error: <httpProxy> Error calling http://10.0.0.5:9090/api/v1/query...
[2026-05-16T09:06:45.406Z] error: <httpProxy> [
  500,
  Error: connect ECONNREFUSED 10.0.0.5:9090
      at <unknown> (Error: connect ECONNREFUSED 10.0.0.5:9090) {
    errno: -111,
    code: 'ECONNREFUSED',
    syscall: 'connect',
    address: '10.0.0.5',
    port: 9090
  }
]
[2026-05-16T09:06:45.410Z] error: <httpProxy> Error calling http://10.0.0.5:9090/api/v1/query...
[2026-05-16T09:06:45.410Z] error: <httpProxy> [
  500,
  Error: connect ECONNREFUSED 10.0.0.5:9090
      at <unknown> (Error: connect ECONNREFUSED 10.0.0.5:9090) {
    errno: -111,
    code: 'ECONNREFUSED',
    syscall: 'connect',
    address: '10.0.0.5',
    port: 9090
  }
]
[2026-05-16T09:06:45.412Z] error: <httpProxy> Error calling http://10.0.0.5:9090/api/v1/query...
[2026-05-16T09:06:45.412Z] error: <httpProxy> [
  500,
  Error: connect ECONNREFUSED 10.0.0.5:9090
      at <unknown> (Error: connect ECONNREFUSED 10.0.0.5:9090) {
    errno: -111,
    code: 'ECONNREFUSED',
    syscall: 'connect',
    address: '10.0.0.5',
    port: 9090
  }
]
[2026-05-16T09:06:45.414Z] error: <httpProxy> Error calling http://10.0.0.5:9090/api/v1/query...
[2026-05-16T09:06:45.414Z] error: <httpProxy> [
  500,
  Error: connect ECONNREFUSED 10.0.0.5:9090
      at <unknown> (Error: connect ECONNREFUSED 10.0.0.5:9090) {
    errno: -111,
    code: 'ECONNREFUSED',
    syscall: 'connect',
    address: '10.0.0.5',
    port: 9090
  }
]
[2026-05-16T09:06:45.417Z] error: <httpProxy> Error calling http://10.0.0.5:9090/api/v1/query...
[2026-05-16T09:06:45.417Z] error: <httpProxy> [
  500,
  Error: connect ECONNREFUSED 10.0.0.5:9090
      at <unknown> (Error: connect ECONNREFUSED 10.0.0.5:9090) {
    errno: -111,
    code: 'ECONNREFUSED',
    syscall: 'connect',
    address: '10.0.0.5',
    port: 9090
  }
]
[2026-05-16T09:06:45.418Z] error: <httpProxy> Error calling http://10.0.0.5:9090/api/v1/query...
[2026-05-16T09:06:45.419Z] error: <httpProxy> [
  500,
  Error: connect ECONNREFUSED 10.0.0.5:9090
      at <unknown> (Error: connect ECONNREFUSED 10.0.0.5:9090) {
    errno: -111,
    code: 'ECONNREFUSED',
    syscall: 'connect',
    address: '10.0.0.5',
    port: 9090
  }
]
[2026-05-16T09:06:45.420Z] error: <httpProxy> Error calling http://10.0.0.5:9090/api/v1/query...
[2026-05-16T09:06:45.420Z] error: <httpProxy> [
  500,
  Error: connect ECONNREFUSED 10.0.0.5:9090
      at <unknown> (Error: connect ECONNREFUSED 10.0.0.5:9090) {
    errno: -111,
    code: 'ECONNREFUSED',
    syscall: 'connect',
    address: '10.0.0.5',
    port: 9090
  }
]
[2026-05-16T09:06:45.422Z] error: <httpProxy> Error calling http://10.0.0.5:9090/api/v1/query...
[2026-05-16T09:06:45.422Z] error: <httpProxy> [
  500,
  Error: connect ECONNREFUSED 10.0.0.5:9090
      at <unknown> (Error: connect ECONNREFUSED 10.0.0.5:9090) {
    errno: -111,
    code: 'ECONNREFUSED',
    syscall: 'connect',
    address: '10.0.0.5',
    port: 9090
  }
]
[2026-05-16T09:06:45.423Z] error: <httpProxy> Error calling http://10.0.0.5:9090/api/v1/query...
[2026-05-16T09:06:45.423Z] error: <httpProxy> [
  500,
  Error: connect ECONNREFUSED 10.0.0.5:9090
      at <unknown> (Error: connect ECONNREFUSED 10.0.0.5:9090) {
    errno: -111,
    code: 'ECONNREFUSED',
    syscall: 'connect',
    address: '10.0.0.5',
    port: 9090
  }
]
[2026-05-16T09:06:45.425Z] error: <httpProxy> Error calling http://10.0.0.5:9090/api/v1/query...
[2026-05-16T09:06:45.426Z] error: <httpProxy> [
  500,
  Error: connect ECONNREFUSED 10.0.0.5:9090
      at <unknown> (Error: connect ECONNREFUSED 10.0.0.5:9090) {
    errno: -111,
    code: 'ECONNREFUSED',
    syscall: 'connect',
    address: '10.0.0.5',
    port: 9090
  }
]
[2026-05-16T09:06:45.428Z] error: <httpProxy> Error calling http://10.0.0.5:9090/api/v1/query...
[2026-05-16T09:06:45.428Z] error: <httpProxy> [
  500,
  Error: connect ECONNREFUSED 10.0.0.5:9090
      at <unknown> (Error: connect ECONNREFUSED 10.0.0.5:9090) {
    errno: -111,
    code: 'ECONNREFUSED',
    syscall: 'connect',
    address: '10.0.0.5',
    port: 9090
  }
]
[2026-05-16T09:06:45.428Z] error: <httpProxy> Error calling http://10.0.0.5:9090/api/v1/query...
[2026-05-16T09:06:45.428Z] error: <httpProxy> [
  500,
  Error: connect ECONNREFUSED 10.0.0.5:9090
      at <unknown> (Error: connect ECONNREFUSED 10.0.0.5:9090) {
    errno: -111,
    code: 'ECONNREFUSED',
    syscall: 'connect',
    address: '10.0.0.5',
    port: 9090
  }
]
[2026-05-16T09:06:45.995Z] error: <httpProxy> Error calling http://10.0.0.5:9090/api/v1/query...
[2026-05-16T09:06:45.995Z] error: <httpProxy> [
  500,
  Error: connect ECONNREFUSED 10.0.0.5:9090
      at <unknown> (Error: connect ECONNREFUSED 10.0.0.5:9090) {
    errno: -111,
    code: 'ECONNREFUSED',
    syscall: 'connect',
    address: '10.0.0.5',
    port: 9090
  }
]
[2026-05-16T09:06:45.998Z] error: <httpProxy> Error calling http://10.0.0.5:9090/api/v1/query...
[2026-05-16T09:06:45.998Z] error: <httpProxy> [
  500,
  Error: connect ECONNREFUSED 10.0.0.5:9090
      at <unknown> (Error: connect ECONNREFUSED 10.0.0.5:9090) {
    errno: -111,
    code: 'ECONNREFUSED',
    syscall: 'connect',
    address: '10.0.0.5',
    port: 9090
  }
]
[2026-05-16T09:06:46.002Z] error: <httpProxy> Error calling http://10.0.0.5:9090/api/v1/query...
[2026-05-16T09:06:46.002Z] error: <httpProxy> [
  500,
  Error: connect ECONNREFUSED 10.0.0.5:9090
      at <unknown> (Error: connect ECONNREFUSED 10.0.0.5:9090) {
    errno: -111,
    code: 'ECONNREFUSED',
    syscall: 'connect',
    address: '10.0.0.5',
    port: 9090
  }
]
[2026-05-16T09:06:46.005Z] error: <httpProxy> Error calling http://10.0.0.5:9090/api/v1/query...
[2026-05-16T09:06:46.005Z] error: <httpProxy> [
  500,
  Error: connect ECONNREFUSED 10.0.0.5:9090
      at <unknown> (Error: connect ECONNREFUSED 10.0.0.5:9090) {
    errno: -111,
    code: 'ECONNREFUSED',
    syscall: 'connect',
    address: '10.0.0.5',
    port: 9090
  }
]
[2026-05-16T09:06:46.007Z] error: <httpProxy> Error calling http://10.0.0.5:9090/api/v1/query...
[2026-05-16T09:06:46.007Z] error: <httpProxy> [
  500,
  Error: connect ECONNREFUSED 10.0.0.5:9090
      at <unknown> (Error: connect ECONNREFUSED 10.0.0.5:9090) {
    errno: -111,
    code: 'ECONNREFUSED',
    syscall: 'connect',
    address: '10.0.0.5',
    port: 9090
  }
]
[2026-05-16T09:06:46.009Z] error: <httpProxy> Error calling http://10.0.0.5:9090/api/v1/query...
[2026-05-16T09:06:46.010Z] error: <httpProxy> [
  500,
  Error: connect ECONNREFUSED 10.0.0.5:9090
      at <unknown> (Error: connect ECONNREFUSED 10.0.0.5:9090) {
    errno: -111,
    code: 'ECONNREFUSED',
    syscall: 'connect',
    address: '10.0.0.5',
    port: 9090
  }
]
[2026-05-16T09:06:46.011Z] error: <httpProxy> Error calling http://10.0.0.5:9090/api/v1/query...
[2026-05-16T09:06:46.012Z] error: <httpProxy> [
  500,
  Error: connect ECONNREFUSED 10.0.0.5:9090
      at <unknown> (Error: connect ECONNREFUSED 10.0.0.5:9090) {
    errno: -111,
    code: 'ECONNREFUSED',
    syscall: 'connect',
    address: '10.0.0.5',
    port: 9090
  }
]
[2026-05-16T09:06:46.013Z] error: <httpProxy> Error calling http://10.0.0.5:9090/api/v1/query...
[2026-05-16T09:06:46.013Z] error: <httpProxy> [
  500,
  Error: connect ECONNREFUSED 10.0.0.5:9090
      at <unknown> (Error: connect ECONNREFUSED 10.0.0.5:9090) {
    errno: -111,
    code: 'ECONNREFUSED',
    syscall: 'connect',
    address: '10.0.0.5',
    port: 9090
  }
]
[2026-05-16T09:06:46.015Z] error: <httpProxy> Error calling http://10.0.0.5:9090/api/v1/query...
[2026-05-16T09:06:46.015Z] error: <httpProxy> [
  500,
  Error: connect ECONNREFUSED 10.0.0.5:9090
      at <unknown> (Error: connect ECONNREFUSED 10.0.0.5:9090) {
    errno: -111,
    code: 'ECONNREFUSED',
    syscall: 'connect',
    address: '10.0.0.5',
    port: 9090
  }
]
[2026-05-16T09:06:46.016Z] error: <httpProxy> Error calling http://10.0.0.5:9090/api/v1/query...
[2026-05-16T09:06:46.017Z] error: <httpProxy> [
  500,
  Error: connect ECONNREFUSED 10.0.0.5:9090
      at <unknown> (Error: connect ECONNREFUSED 10.0.0.5:9090) {
    errno: -111,
    code: 'ECONNREFUSED',
    syscall: 'connect',
    address: '10.0.0.5',
    port: 9090
  }
]
[2026-05-16T09:06:46.018Z] error: <httpProxy> Error calling http://10.0.0.5:9090/api/v1/query...
[2026-05-16T09:06:46.018Z] error: <httpProxy> [
  500,
  Error: connect ECONNREFUSED 10.0.0.5:9090
      at <unknown> (Error: connect ECONNREFUSED 10.0.0.5:9090) {
    errno: -111,
    code: 'ECONNREFUSED',
    syscall: 'connect',
    address: '10.0.0.5',
    port: 9090
  }
]
[2026-05-16T09:06:46.020Z] error: <httpProxy> Error calling http://10.0.0.5:9090/api/v1/query...
[2026-05-16T09:06:46.020Z] error: <httpProxy> [
  500,
  Error: connect ECONNREFUSED 10.0.0.5:9090
      at <unknown> (Error: connect ECONNREFUSED 10.0.0.5:9090) {
    errno: -111,
    code: 'ECONNREFUSED',
    syscall: 'connect',
    address: '10.0.0.5',
    port: 9090
  }
]
[2026-05-16T09:06:46.022Z] error: <httpProxy> Error calling http://10.0.0.5:9090/api/v1/query...
[2026-05-16T09:06:46.022Z] error: <httpProxy> [
  500,
  Error: connect ECONNREFUSED 10.0.0.5:9090
      at <unknown> (Error: connect ECONNREFUSED 10.0.0.5:9090) {
    errno: -111,
    code: 'ECONNREFUSED',
    syscall: 'connect',
    address: '10.0.0.5',
    port: 9090
  }
]
[2026-05-16T09:06:46.023Z] error: <httpProxy> Error calling http://10.0.0.5:9090/api/v1/query...
[2026-05-16T09:06:46.023Z] error: <httpProxy> [
  500,
  Error: connect ECONNREFUSED 10.0.0.5:9090
      at <unknown> (Error: connect ECONNREFUSED 10.0.0.5:9090) {
    errno: -111,
    code: 'ECONNREFUSED',
    syscall: 'connect',
    address: '10.0.0.5',
    port: 9090
  }
]
[2026-05-16T09:06:46.503Z] error: <httpProxy> Error calling http://10.0.0.5:9090/api/v1/query...
[2026-05-16T09:06:46.503Z] error: <httpProxy> [
  500,
  Error: connect ECONNREFUSED 10.0.0.5:9090
      at <unknown> (Error: connect ECONNREFUSED 10.0.0.5:9090) {
    errno: -111,
    code: 'ECONNREFUSED',
    syscall: 'connect',
    address: '10.0.0.5',
    port: 9090
  }
]
[2026-05-16T09:06:46.508Z] error: <httpProxy> Error calling http://10.0.0.5:9090/api/v1/query...
[2026-05-16T09:06:46.508Z] error: <httpProxy> [
  500,
  Error: connect ECONNREFUSED 10.0.0.5:9090
      at <unknown> (Error: connect ECONNREFUSED 10.0.0.5:9090) {
    errno: -111,
    code: 'ECONNREFUSED',
    syscall: 'connect',
    address: '10.0.0.5',
    port: 9090
  }
]
[2026-05-16T09:06:46.510Z] error: <httpProxy> Error calling http://10.0.0.5:9090/api/v1/query...
[2026-05-16T09:06:46.510Z] error: <httpProxy> [
  500,
  Error: connect ECONNREFUSED 10.0.0.5:9090
      at <unknown> (Error: connect ECONNREFUSED 10.0.0.5:9090) {
    errno: -111,
    code: 'ECONNREFUSED',
    syscall: 'connect',
    address: '10.0.0.5',
    port: 9090
  }
]
[2026-05-16T09:06:46.512Z] error: <httpProxy> Error calling http://10.0.0.5:9090/api/v1/query...
[2026-05-16T09:06:46.512Z] error: <httpProxy> [
  500,
  Error: connect ECONNREFUSED 10.0.0.5:9090
      at <unknown> (Error: connect ECONNREFUSED 10.0.0.5:9090) {
    errno: -111,
    code: 'ECONNREFUSED',
    syscall: 'connect',
    address: '10.0.0.5',
    port: 9090
  }
]
[2026-05-16T09:06:46.513Z] error: <httpProxy> Error calling http://10.0.0.5:9090/api/v1/query...
[2026-05-16T09:06:46.514Z] error: <httpProxy> [
  500,
  Error: connect ECONNREFUSED 10.0.0.5:9090
      at <unknown> (Error: connect ECONNREFUSED 10.0.0.5:9090) {
    errno: -111,
    code: 'ECONNREFUSED',
    syscall: 'connect',
    address: '10.0.0.5',
    port: 9090
  }
]
[2026-05-16T09:06:46.516Z] error: <httpProxy> Error calling http://10.0.0.5:9090/api/v1/query...
[2026-05-16T09:06:46.516Z] error: <httpProxy> [
  500,
  Error: connect ECONNREFUSED 10.0.0.5:9090
      at <unknown> (Error: connect ECONNREFUSED 10.0.0.5:9090) {
    errno: -111,
    code: 'ECONNREFUSED',
    syscall: 'connect',
    address: '10.0.0.5',
    port: 9090
  }
]
[2026-05-16T09:06:46.517Z] error: <httpProxy> Error calling http://10.0.0.5:9090/api/v1/query...
[2026-05-16T09:06:46.518Z] error: <httpProxy> [
  500,
  Error: connect ECONNREFUSED 10.0.0.5:9090
      at <unknown> (Error: connect ECONNREFUSED 10.0.0.5:9090) {
    errno: -111,
    code: 'ECONNREFUSED',
    syscall: 'connect',
    address: '10.0.0.5',
    port: 9090
  }
]
[2026-05-16T09:06:46.519Z] error: <httpProxy> Error calling http://10.0.0.5:9090/api/v1/query...
[2026-05-16T09:06:46.519Z] error: <httpProxy> [
  500,
  Error: connect ECONNREFUSED 10.0.0.5:9090
      at <unknown> (Error: connect ECONNREFUSED 10.0.0.5:9090) {
    errno: -111,
    code: 'ECONNREFUSED',
    syscall: 'connect',
    address: '10.0.0.5',
    port: 9090
  }
]
[2026-05-16T09:06:46.521Z] error: <httpProxy> Error calling http://10.0.0.5:9090/api/v1/query...
[2026-05-16T09:06:46.521Z] error: <httpProxy> [
  500,
  Error: connect ECONNREFUSED 10.0.0.5:9090
      at <unknown> (Error: connect ECONNREFUSED 10.0.0.5:9090) {
    errno: -111,
    code: 'ECONNREFUSED',
    syscall: 'connect',
    address: '10.0.0.5',
    port: 9090
  }
]
[2026-05-16T09:06:46.523Z] error: <httpProxy> Error calling http://10.0.0.5:9090/api/v1/query...
[2026-05-16T09:06:46.523Z] error: <httpProxy> [
  500,
  Error: connect ECONNREFUSED 10.0.0.5:9090
      at <unknown> (Error: connect ECONNREFUSED 10.0.0.5:9090) {
    errno: -111,
    code: 'ECONNREFUSED',
    syscall: 'connect',
    address: '10.0.0.5',
    port: 9090
  }
]
[2026-05-16T09:06:46.524Z] error: <httpProxy> Error calling http://10.0.0.5:9090/api/v1/query...
[2026-05-16T09:06:46.525Z] error: <httpProxy> [
  500,
  Error: connect ECONNREFUSED 10.0.0.5:9090
      at <unknown> (Error: connect ECONNREFUSED 10.0.0.5:9090) {
    errno: -111,
    code: 'ECONNREFUSED',
    syscall: 'connect',
    address: '10.0.0.5',
    port: 9090
  }
]
[2026-05-16T09:06:46.527Z] error: <httpProxy> Error calling http://10.0.0.5:9090/api/v1/query...
[2026-05-16T09:06:46.528Z] error: <httpProxy> [
  500,
  Error: connect ECONNREFUSED 10.0.0.5:9090
      at <unknown> (Error: connect ECONNREFUSED 10.0.0.5:9090) {
    errno: -111,
    code: 'ECONNREFUSED',
    syscall: 'connect',
    address: '10.0.0.5',
    port: 9090
  }
]
[2026-05-16T09:06:46.529Z] error: <httpProxy> Error calling http://10.0.0.5:9090/api/v1/query...
[2026-05-16T09:06:46.530Z] error: <httpProxy> [
  500,
  Error: connect ECONNREFUSED 10.0.0.5:9090
      at <unknown> (Error: connect ECONNREFUSED 10.0.0.5:9090) {
    errno: -111,
    code: 'ECONNREFUSED',
    syscall: 'connect',
    address: '10.0.0.5',
    port: 9090
  }
]
[2026-05-16T09:06:46.530Z] error: <httpProxy> Error calling http://10.0.0.5:9090/api/v1/query...
[2026-05-16T09:06:46.530Z] error: <httpProxy> [
  500,
  Error: connect ECONNREFUSED 10.0.0.5:9090
      at <unknown> (Error: connect ECONNREFUSED 10.0.0.5:9090) {
    errno: -111,
    code: 'ECONNREFUSED',
    syscall: 'connect',
    address: '10.0.0.5',
    port: 9090
  }
]
[2026-05-16T09:06:47.753Z] error: <httpProxy> Error calling http://10.0.0.5:9090/api/v1/query...
[2026-05-16T09:06:47.753Z] error: <httpProxy> [
  500,
  Error: connect ECONNREFUSED 10.0.0.5:9090
      at <unknown> (Error: connect ECONNREFUSED 10.0.0.5:9090) {
    errno: -111,
    code: 'ECONNREFUSED',
    syscall: 'connect',
    address: '10.0.0.5',
    port: 9090
  }
]
[2026-05-16T09:06:47.755Z] error: <httpProxy> Error calling http://10.0.0.5:9090/api/v1/query...
[2026-05-16T09:06:47.755Z] error: <httpProxy> [
  500,
  Error: connect ECONNREFUSED 10.0.0.5:9090
      at <unknown> (Error: connect ECONNREFUSED 10.0.0.5:9090) {
    errno: -111,
    code: 'ECONNREFUSED',
    syscall: 'connect',
    address: '10.0.0.5',
    port: 9090
  }
]
[2026-05-16T09:06:47.757Z] error: <httpProxy> Error calling http://10.0.0.5:9090/api/v1/query...
[2026-05-16T09:06:47.757Z] error: <httpProxy> [
  500,
  Error: connect ECONNREFUSED 10.0.0.5:9090
      at <unknown> (Error: connect ECONNREFUSED 10.0.0.5:9090) {
    errno: -111,
    code: 'ECONNREFUSED',
    syscall: 'connect',
    address: '10.0.0.5',
    port: 9090
  }
]
[2026-05-16T09:06:47.758Z] error: <httpProxy> Error calling http://10.0.0.5:9090/api/v1/query...
[2026-05-16T09:06:47.759Z] error: <httpProxy> [
  500,
  Error: connect ECONNREFUSED 10.0.0.5:9090
      at <unknown> (Error: connect ECONNREFUSED 10.0.0.5:9090) {
    errno: -111,
    code: 'ECONNREFUSED',
    syscall: 'connect',
    address: '10.0.0.5',
    port: 9090
  }
]
[2026-05-16T09:06:47.761Z] error: <httpProxy> Error calling http://10.0.0.5:9090/api/v1/query...
[2026-05-16T09:06:47.761Z] error: <httpProxy> [
  500,
  Error: connect ECONNREFUSED 10.0.0.5:9090
      at <unknown> (Error: connect ECONNREFUSED 10.0.0.5:9090) {
    errno: -111,
    code: 'ECONNREFUSED',
    syscall: 'connect',
    address: '10.0.0.5',
    port: 9090
  }
]
[2026-05-16T09:06:47.763Z] error: <httpProxy> Error calling http://10.0.0.5:9090/api/v1/query...
[2026-05-16T09:06:47.763Z] error: <httpProxy> [
  500,
  Error: connect ECONNREFUSED 10.0.0.5:9090
      at <unknown> (Error: connect ECONNREFUSED 10.0.0.5:9090) {
    errno: -111,
    code: 'ECONNREFUSED',
    syscall: 'connect',
    address: '10.0.0.5',
    port: 9090
  }
]
[2026-05-16T09:06:47.765Z] error: <httpProxy> Error calling http://10.0.0.5:9090/api/v1/query...
[2026-05-16T09:06:47.765Z] error: <httpProxy> [
  500,
  Error: connect ECONNREFUSED 10.0.0.5:9090
      at <unknown> (Error: connect ECONNREFUSED 10.0.0.5:9090) {
    errno: -111,
    code: 'ECONNREFUSED',
    syscall: 'connect',
    address: '10.0.0.5',
    port: 9090
  }
]
[2026-05-16T09:06:47.767Z] error: <httpProxy> Error calling http://10.0.0.5:9090/api/v1/query...
[2026-05-16T09:06:47.767Z] error: <httpProxy> [
  500,
  Error: connect ECONNREFUSED 10.0.0.5:9090
      at <unknown> (Error: connect ECONNREFUSED 10.0.0.5:9090) {
    errno: -111,
    code: 'ECONNREFUSED',
    syscall: 'connect',
    address: '10.0.0.5',
    port: 9090
  }
]
[2026-05-16T09:06:47.769Z] error: <httpProxy> Error calling http://10.0.0.5:9090/api/v1/query...
[2026-05-16T09:06:47.769Z] error: <httpProxy> [
  500,
  Error: connect ECONNREFUSED 10.0.0.5:9090
      at <unknown> (Error: connect ECONNREFUSED 10.0.0.5:9090) {
    errno: -111,
    code: 'ECONNREFUSED',
    syscall: 'connect',
    address: '10.0.0.5',
    port: 9090
  }
]
[2026-05-16T09:06:47.770Z] error: <httpProxy> Error calling http://10.0.0.5:9090/api/v1/query...
[2026-05-16T09:06:47.770Z] error: <httpProxy> [
  500,
  Error: connect ECONNREFUSED 10.0.0.5:9090
      at <unknown> (Error: connect ECONNREFUSED 10.0.0.5:9090) {
    errno: -111,
    code: 'ECONNREFUSED',
    syscall: 'connect',
    address: '10.0.0.5',
    port: 9090
  }
]
[2026-05-16T09:06:47.772Z] error: <httpProxy> Error calling http://10.0.0.5:9090/api/v1/query...
[2026-05-16T09:06:47.772Z] error: <httpProxy> [
  500,
  Error: connect ECONNREFUSED 10.0.0.5:9090
      at <unknown> (Error: connect ECONNREFUSED 10.0.0.5:9090) {
    errno: -111,
    code: 'ECONNREFUSED',
    syscall: 'connect',
    address: '10.0.0.5',
    port: 9090
  }
]
[2026-05-16T09:06:47.774Z] error: <httpProxy> Error calling http://10.0.0.5:9090/api/v1/query...
[2026-05-16T09:06:47.774Z] error: <httpProxy> [
  500,
  Error: connect ECONNREFUSED 10.0.0.5:9090
      at <unknown> (Error: connect ECONNREFUSED 10.0.0.5:9090) {
    errno: -111,
    code: 'ECONNREFUSED',
    syscall: 'connect',
    address: '10.0.0.5',
    port: 9090
  }
]
[2026-05-16T09:06:47.776Z] error: <httpProxy> Error calling http://10.0.0.5:9090/api/v1/query...
[2026-05-16T09:06:47.776Z] error: <httpProxy> [
  500,
  Error: connect ECONNREFUSED 10.0.0.5:9090
      at <unknown> (Error: connect ECONNREFUSED 10.0.0.5:9090) {
    errno: -111,
    code: 'ECONNREFUSED',
    syscall: 'connect',
    address: '10.0.0.5',
    port: 9090
  }
]
[2026-05-16T09:06:47.776Z] error: <httpProxy> Error calling http://10.0.0.5:9090/api/v1/query...
[2026-05-16T09:06:47.776Z] error: <httpProxy> [
  500,
  Error: connect ECONNREFUSED 10.0.0.5:9090
      at <unknown> (Error: connect ECONNREFUSED 10.0.0.5:9090) {
    errno: -111,
    code: 'ECONNREFUSED',
    syscall: 'connect',
    address: '10.0.0.5',
    port: 9090
  }
]
[2026-05-16T09:06:59.233Z] error: <httpProxy> Error calling http://10.0.0.5:9090/api/v1/query...
[2026-05-16T09:06:59.233Z] error: <httpProxy> [
  500,
  Error: connect ECONNREFUSED 10.0.0.5:9090
      at <unknown> (Error: connect ECONNREFUSED 10.0.0.5:9090) {
    errno: -111,
    code: 'ECONNREFUSED',
    syscall: 'connect',
    address: '10.0.0.5',
    port: 9090
  }
]
[2026-05-16T09:06:59.235Z] error: <httpProxy> Error calling http://10.0.0.5:9090/api/v1/query...
[2026-05-16T09:06:59.235Z] error: <httpProxy> [
  500,
  Error: connect ECONNREFUSED 10.0.0.5:9090
      at <unknown> (Error: connect ECONNREFUSED 10.0.0.5:9090) {
    errno: -111,
    code: 'ECONNREFUSED',
    syscall: 'connect',
    address: '10.0.0.5',
    port: 9090
  }
]
[2026-05-16T09:06:59.238Z] error: <httpProxy> Error calling http://10.0.0.5:9090/api/v1/query...
[2026-05-16T09:06:59.238Z] error: <httpProxy> [
  500,
  Error: connect ECONNREFUSED 10.0.0.5:9090
      at <unknown> (Error: connect ECONNREFUSED 10.0.0.5:9090) {
    errno: -111,
    code: 'ECONNREFUSED',
    syscall: 'connect',
    address: '10.0.0.5',
    port: 9090
  }
]
[2026-05-16T09:06:59.242Z] error: <httpProxy> Error calling http://10.0.0.5:9090/api/v1/query...
[2026-05-16T09:06:59.243Z] error: <httpProxy> [
  500,
  Error: connect ECONNREFUSED 10.0.0.5:9090
      at <unknown> (Error: connect ECONNREFUSED 10.0.0.5:9090) {
    errno: -111,
    code: 'ECONNREFUSED',
    syscall: 'connect',
    address: '10.0.0.5',
    port: 9090
  }
]
[2026-05-16T09:06:59.244Z] error: <httpProxy> Error calling http://10.0.0.5:9090/api/v1/query...
[2026-05-16T09:06:59.245Z] error: <httpProxy> [
  500,
  Error: connect ECONNREFUSED 10.0.0.5:9090
      at <unknown> (Error: connect ECONNREFUSED 10.0.0.5:9090) {
    errno: -111,
    code: 'ECONNREFUSED',
    syscall: 'connect',
    address: '10.0.0.5',
    port: 9090
  }
]
[2026-05-16T09:06:59.247Z] error: <httpProxy> Error calling http://10.0.0.5:9090/api/v1/query...
[2026-05-16T09:06:59.247Z] error: <httpProxy> [
  500,
  Error: connect ECONNREFUSED 10.0.0.5:9090
      at <unknown> (Error: connect ECONNREFUSED 10.0.0.5:9090) {
    errno: -111,
    code: 'ECONNREFUSED',
    syscall: 'connect',
    address: '10.0.0.5',
    port: 9090
  }
]
[2026-05-16T09:06:59.248Z] error: <httpProxy> Error calling http://10.0.0.5:9090/api/v1/query...
[2026-05-16T09:06:59.249Z] error: <httpProxy> [
  500,
  Error: connect ECONNREFUSED 10.0.0.5:9090
      at <unknown> (Error: connect ECONNREFUSED 10.0.0.5:9090) {
    errno: -111,
    code: 'ECONNREFUSED',
    syscall: 'connect',
    address: '10.0.0.5',
    port: 9090
  }
]
[2026-05-16T09:06:59.251Z] error: <httpProxy> Error calling http://10.0.0.5:9090/api/v1/query...
[2026-05-16T09:06:59.251Z] error: <httpProxy> [
  500,
  Error: connect ECONNREFUSED 10.0.0.5:9090
      at <unknown> (Error: connect ECONNREFUSED 10.0.0.5:9090) {
    errno: -111,
    code: 'ECONNREFUSED',
    syscall: 'connect',
    address: '10.0.0.5',
    port: 9090
  }
]
[2026-05-16T09:06:59.252Z] error: <httpProxy> Error calling http://10.0.0.5:9090/api/v1/query...
[2026-05-16T09:06:59.253Z] error: <httpProxy> [
  500,
  Error: connect ECONNREFUSED 10.0.0.5:9090
      at <unknown> (Error: connect ECONNREFUSED 10.0.0.5:9090) {
    errno: -111,
    code: 'ECONNREFUSED',
    syscall: 'connect',
    address: '10.0.0.5',
    port: 9090
  }
]
[2026-05-16T09:06:59.254Z] error: <httpProxy> Error calling http://10.0.0.5:9090/api/v1/query...
[2026-05-16T09:06:59.254Z] error: <httpProxy> [
  500,
  Error: connect ECONNREFUSED 10.0.0.5:9090
      at <unknown> (Error: connect ECONNREFUSED 10.0.0.5:9090) {
    errno: -111,
    code: 'ECONNREFUSED',
    syscall: 'connect',
    address: '10.0.0.5',
    port: 9090
  }
]
[2026-05-16T09:06:59.255Z] error: <httpProxy> Error calling http://10.0.0.5:9090/api/v1/query...
[2026-05-16T09:06:59.255Z] error: <httpProxy> [
  500,
  Error: connect ECONNREFUSED 10.0.0.5:9090
      at <unknown> (Error: connect ECONNREFUSED 10.0.0.5:9090) {
    errno: -111,
    code: 'ECONNREFUSED',
    syscall: 'connect',
    address: '10.0.0.5',
    port: 9090
  }
]
[2026-05-16T09:06:59.255Z] error: <httpProxy> Error calling http://10.0.0.5:9090/api/v1/query...
[2026-05-16T09:06:59.256Z] error: <httpProxy> [
  500,
  Error: connect ECONNREFUSED 10.0.0.5:9090
      at <unknown> (Error: connect ECONNREFUSED 10.0.0.5:9090) {
    errno: -111,
    code: 'ECONNREFUSED',
    syscall: 'connect',
    address: '10.0.0.5',
    port: 9090
  }
]
[2026-05-16T09:06:59.256Z] error: <httpProxy> Error calling http://10.0.0.5:9090/api/v1/query...
[2026-05-16T09:06:59.257Z] error: <httpProxy> [
  500,
  Error: connect ECONNREFUSED 10.0.0.5:9090
      at <unknown> (Error: connect ECONNREFUSED 10.0.0.5:9090) {
    errno: -111,
    code: 'ECONNREFUSED',
    syscall: 'connect',
    address: '10.0.0.5',
    port: 9090
  }
]
[2026-05-16T09:06:59.257Z] error: <httpProxy> Error calling http://10.0.0.5:9090/api/v1/query...
[2026-05-16T09:06:59.257Z] error: <httpProxy> [
  500,
  Error: connect ECONNREFUSED 10.0.0.5:9090
      at <unknown> (Error: connect ECONNREFUSED 10.0.0.5:9090) {
    errno: -111,
    code: 'ECONNREFUSED',
    syscall: 'connect',
    address: '10.0.0.5',
    port: 9090
  }
]
[2026-05-16T09:07:09.439Z] error: <httpProxy> Error calling http://10.0.0.5:9090/api/v1/query...
[2026-05-16T09:07:09.439Z] error: <httpProxy> [
  500,
  Error: connect ECONNREFUSED 10.0.0.5:9090
      at <unknown> (Error: connect ECONNREFUSED 10.0.0.5:9090) {
    errno: -111,
    code: 'ECONNREFUSED',
    syscall: 'connect',
    address: '10.0.0.5',
    port: 9090
  }
]
[2026-05-16T09:07:09.441Z] error: <httpProxy> Error calling http://10.0.0.5:9090/api/v1/query...
[2026-05-16T09:07:09.441Z] error: <httpProxy> [
  500,
  Error: connect ECONNREFUSED 10.0.0.5:9090
      at <unknown> (Error: connect ECONNREFUSED 10.0.0.5:9090) {
    errno: -111,
    code: 'ECONNREFUSED',
    syscall: 'connect',
    address: '10.0.0.5',
    port: 9090
  }
]
[2026-05-16T09:07:09.443Z] error: <httpProxy> Error calling http://10.0.0.5:9090/api/v1/query...
[2026-05-16T09:07:09.443Z] error: <httpProxy> [
  500,
  Error: connect ECONNREFUSED 10.0.0.5:9090
      at <unknown> (Error: connect ECONNREFUSED 10.0.0.5:9090) {
    errno: -111,
    code: 'ECONNREFUSED',
    syscall: 'connect',
    address: '10.0.0.5',
    port: 9090
  }
]
[2026-05-16T09:07:09.445Z] error: <httpProxy> Error calling http://10.0.0.5:9090/api/v1/query...
[2026-05-16T09:07:09.445Z] error: <httpProxy> [
  500,
  Error: connect ECONNREFUSED 10.0.0.5:9090
      at <unknown> (Error: connect ECONNREFUSED 10.0.0.5:9090) {
    errno: -111,
    code: 'ECONNREFUSED',
    syscall: 'connect',
    address: '10.0.0.5',
    port: 9090
  }
]
[2026-05-16T09:07:09.448Z] error: <httpProxy> Error calling http://10.0.0.5:9090/api/v1/query...
[2026-05-16T09:07:09.448Z] error: <httpProxy> [
  500,
  Error: connect ECONNREFUSED 10.0.0.5:9090
      at <unknown> (Error: connect ECONNREFUSED 10.0.0.5:9090) {
    errno: -111,
    code: 'ECONNREFUSED',
    syscall: 'connect',
    address: '10.0.0.5',
    port: 9090
  }
]
[2026-05-16T09:07:09.449Z] error: <httpProxy> Error calling http://10.0.0.5:9090/api/v1/query...
[2026-05-16T09:07:09.450Z] error: <httpProxy> [
  500,
  Error: connect ECONNREFUSED 10.0.0.5:9090
      at <unknown> (Error: connect ECONNREFUSED 10.0.0.5:9090) {
    errno: -111,
    code: 'ECONNREFUSED',
    syscall: 'connect',
    address: '10.0.0.5',
    port: 9090
  }
]
[2026-05-16T09:07:09.451Z] error: <httpProxy> Error calling http://10.0.0.5:9090/api/v1/query...
[2026-05-16T09:07:09.452Z] error: <httpProxy> [
  500,
  Error: connect ECONNREFUSED 10.0.0.5:9090
      at <unknown> (Error: connect ECONNREFUSED 10.0.0.5:9090) {
    errno: -111,
    code: 'ECONNREFUSED',
    syscall: 'connect',
    address: '10.0.0.5',
    port: 9090
  }
]
[2026-05-16T09:07:09.453Z] error: <httpProxy> Error calling http://10.0.0.5:9090/api/v1/query...
[2026-05-16T09:07:09.453Z] error: <httpProxy> [
  500,
  Error: connect ECONNREFUSED 10.0.0.5:9090
      at <unknown> (Error: connect ECONNREFUSED 10.0.0.5:9090) {
    errno: -111,
    code: 'ECONNREFUSED',
    syscall: 'connect',
    address: '10.0.0.5',
    port: 9090
  }
]
[2026-05-16T09:07:09.454Z] error: <httpProxy> Error calling http://10.0.0.5:9090/api/v1/query...
[2026-05-16T09:07:09.454Z] error: <httpProxy> [
  500,
  Error: connect ECONNREFUSED 10.0.0.5:9090
      at <unknown> (Error: connect ECONNREFUSED 10.0.0.5:9090) {
    errno: -111,
    code: 'ECONNREFUSED',
    syscall: 'connect',
    address: '10.0.0.5',
    port: 9090
  }
]
[2026-05-16T09:07:09.455Z] error: <httpProxy> Error calling http://10.0.0.5:9090/api/v1/query...
[2026-05-16T09:07:09.455Z] error: <httpProxy> [
  500,
  Error: connect ECONNREFUSED 10.0.0.5:9090
      at <unknown> (Error: connect ECONNREFUSED 10.0.0.5:9090) {
    errno: -111,
    code: 'ECONNREFUSED',
    syscall: 'connect',
    address: '10.0.0.5',
    port: 9090
  }
]
[2026-05-16T09:07:09.456Z] error: <httpProxy> Error calling http://10.0.0.5:9090/api/v1/query...
[2026-05-16T09:07:09.456Z] error: <httpProxy> [
  500,
  Error: connect ECONNREFUSED 10.0.0.5:9090
      at <unknown> (Error: connect ECONNREFUSED 10.0.0.5:9090) {
    errno: -111,
    code: 'ECONNREFUSED',
    syscall: 'connect',
    address: '10.0.0.5',
    port: 9090
  }
]
[2026-05-16T09:07:09.457Z] error: <httpProxy> Error calling http://10.0.0.5:9090/api/v1/query...
[2026-05-16T09:07:09.457Z] error: <httpProxy> [
  500,
  Error: connect ECONNREFUSED 10.0.0.5:9090
      at <unknown> (Error: connect ECONNREFUSED 10.0.0.5:9090) {
    errno: -111,
    code: 'ECONNREFUSED',
    syscall: 'connect',
    address: '10.0.0.5',
    port: 9090
  }
]
[2026-05-16T09:07:09.458Z] error: <httpProxy> Error calling http://10.0.0.5:9090/api/v1/query...
[2026-05-16T09:07:09.458Z] error: <httpProxy> [
  500,
  Error: connect ECONNREFUSED 10.0.0.5:9090
      at <unknown> (Error: connect ECONNREFUSED 10.0.0.5:9090) {
    errno: -111,
    code: 'ECONNREFUSED',
    syscall: 'connect',
    address: '10.0.0.5',
    port: 9090
  }
]
[2026-05-16T09:07:09.458Z] error: <httpProxy> Error calling http://10.0.0.5:9090/api/v1/query...
[2026-05-16T09:07:09.458Z] error: <httpProxy> [
  500,
  Error: connect ECONNREFUSED 10.0.0.5:9090
      at <unknown> (Error: connect ECONNREFUSED 10.0.0.5:9090) {
    errno: -111,
    code: 'ECONNREFUSED',
    syscall: 'connect',
    address: '10.0.0.5',
    port: 9090
  }
]
[2026-05-16T09:45:13.525Z] error: <httpProxy> Error calling http://10.0.0.5:9090/api/v1/query...
[2026-05-16T09:45:13.527Z] error: <httpProxy> [
  500,
  Error: connect ECONNREFUSED 10.0.0.5:9090
      at <unknown> (Error: connect ECONNREFUSED 10.0.0.5:9090) {
    errno: -111,
    code: 'ECONNREFUSED',
    syscall: 'connect',
    address: '10.0.0.5',
    port: 9090
  }
]
[2026-05-16T09:45:13.533Z] error: <httpProxy> Error calling http://10.0.0.5:9090/api/v1/query...
[2026-05-16T09:45:13.533Z] error: <httpProxy> [
  500,
  Error: connect ECONNREFUSED 10.0.0.5:9090
      at <unknown> (Error: connect ECONNREFUSED 10.0.0.5:9090) {
    errno: -111,
    code: 'ECONNREFUSED',
    syscall: 'connect',
    address: '10.0.0.5',
    port: 9090
  }
]
[2026-05-16T09:45:13.536Z] error: <httpProxy> Error calling http://10.0.0.5:9090/api/v1/query...
[2026-05-16T09:45:13.536Z] error: <httpProxy> [
  500,
  Error: connect ECONNREFUSED 10.0.0.5:9090
      at <unknown> (Error: connect ECONNREFUSED 10.0.0.5:9090) {
    errno: -111,
    code: 'ECONNREFUSED',
    syscall: 'connect',
    address: '10.0.0.5',
    port: 9090
  }
]
[2026-05-16T09:45:13.538Z] error: <httpProxy> Error calling http://10.0.0.5:9090/api/v1/query...
[2026-05-16T09:45:13.539Z] error: <httpProxy> [
  500,
  Error: connect ECONNREFUSED 10.0.0.5:9090
      at <unknown> (Error: connect ECONNREFUSED 10.0.0.5:9090) {
    errno: -111,
    code: 'ECONNREFUSED',
    syscall: 'connect',
    address: '10.0.0.5',
    port: 9090
  }
]
[2026-05-16T09:45:13.541Z] error: <httpProxy> Error calling http://10.0.0.5:9090/api/v1/query...
[2026-05-16T09:45:13.542Z] error: <httpProxy> [
  500,
  Error: connect ECONNREFUSED 10.0.0.5:9090
      at <unknown> (Error: connect ECONNREFUSED 10.0.0.5:9090) {
    errno: -111,
    code: 'ECONNREFUSED',
    syscall: 'connect',
    address: '10.0.0.5',
    port: 9090
  }
]
[2026-05-16T09:45:13.544Z] error: <httpProxy> Error calling http://10.0.0.5:9090/api/v1/query...
[2026-05-16T09:45:13.544Z] error: <httpProxy> [
  500,
  Error: connect ECONNREFUSED 10.0.0.5:9090
      at <unknown> (Error: connect ECONNREFUSED 10.0.0.5:9090) {
    errno: -111,
    code: 'ECONNREFUSED',
    syscall: 'connect',
    address: '10.0.0.5',
    port: 9090
  }
]
[2026-05-16T09:45:13.545Z] error: <httpProxy> Error calling http://10.0.0.5:9090/api/v1/query...
[2026-05-16T09:45:13.546Z] error: <httpProxy> [
  500,
  Error: connect ECONNREFUSED 10.0.0.5:9090
      at <unknown> (Error: connect ECONNREFUSED 10.0.0.5:9090) {
    errno: -111,
    code: 'ECONNREFUSED',
    syscall: 'connect',
    address: '10.0.0.5',
    port: 9090
  }
]
[2026-05-16T09:45:13.547Z] error: <httpProxy> Error calling http://10.0.0.5:9090/api/v1/query...
[2026-05-16T09:45:13.547Z] error: <httpProxy> [
  500,
  Error: connect ECONNREFUSED 10.0.0.5:9090
      at <unknown> (Error: connect ECONNREFUSED 10.0.0.5:9090) {
    errno: -111,
    code: 'ECONNREFUSED',
    syscall: 'connect',
    address: '10.0.0.5',
    port: 9090
  }
]
[2026-05-16T09:45:13.548Z] error: <httpProxy> Error calling http://10.0.0.5:9090/api/v1/query...
[2026-05-16T09:45:13.548Z] error: <httpProxy> [
  500,
  Error: connect ECONNREFUSED 10.0.0.5:9090
      at <unknown> (Error: connect ECONNREFUSED 10.0.0.5:9090) {
    errno: -111,
    code: 'ECONNREFUSED',
    syscall: 'connect',
    address: '10.0.0.5',
    port: 9090
  }
]
[2026-05-16T09:45:13.549Z] error: <httpProxy> Error calling http://10.0.0.5:9090/api/v1/query...
[2026-05-16T09:45:13.549Z] error: <httpProxy> [
  500,
  Error: connect ECONNREFUSED 10.0.0.5:9090
      at <unknown> (Error: connect ECONNREFUSED 10.0.0.5:9090) {
    errno: -111,
    code: 'ECONNREFUSED',
    syscall: 'connect',
    address: '10.0.0.5',
    port: 9090
  }
]
[2026-05-16T09:45:13.550Z] error: <httpProxy> Error calling http://10.0.0.5:9090/api/v1/query...
[2026-05-16T09:45:13.550Z] error: <httpProxy> [
  500,
  Error: connect ECONNREFUSED 10.0.0.5:9090
      at <unknown> (Error: connect ECONNREFUSED 10.0.0.5:9090) {
    errno: -111,
    code: 'ECONNREFUSED',
    syscall: 'connect',
    address: '10.0.0.5',
    port: 9090
  }
]
[2026-05-16T09:45:13.551Z] error: <httpProxy> Error calling http://10.0.0.5:9090/api/v1/query...
[2026-05-16T09:45:13.551Z] error: <httpProxy> [
  500,
  Error: connect ECONNREFUSED 10.0.0.5:9090
      at <unknown> (Error: connect ECONNREFUSED 10.0.0.5:9090) {
    errno: -111,
    code: 'ECONNREFUSED',
    syscall: 'connect',
    address: '10.0.0.5',
    port: 9090
  }
]
[2026-05-16T09:45:13.552Z] error: <httpProxy> Error calling http://10.0.0.5:9090/api/v1/query...
[2026-05-16T09:45:13.552Z] error: <httpProxy> [
  500,
  Error: connect ECONNREFUSED 10.0.0.5:9090
      at <unknown> (Error: connect ECONNREFUSED 10.0.0.5:9090) {
    errno: -111,
    code: 'ECONNREFUSED',
    syscall: 'connect',
    address: '10.0.0.5',
    port: 9090
  }
]
[2026-05-16T09:45:13.552Z] error: <httpProxy> Error calling http://10.0.0.5:9090/api/v1/query...
[2026-05-16T09:45:13.552Z] error: <httpProxy> [
  500,
  Error: connect ECONNREFUSED 10.0.0.5:9090
      at <unknown> (Error: connect ECONNREFUSED 10.0.0.5:9090) {
    errno: -111,
    code: 'ECONNREFUSED',
    syscall: 'connect',
    address: '10.0.0.5',
    port: 9090
  }
]
[2026-05-16T09:45:20.189Z] error: <httpProxy> Error calling http://10.0.0.5:9090/api/v1/query...
[2026-05-16T09:45:20.189Z] error: <httpProxy> [
  500,
  Error: connect ECONNREFUSED 10.0.0.5:9090
      at <unknown> (Error: connect ECONNREFUSED 10.0.0.5:9090) {
    errno: -111,
    code: 'ECONNREFUSED',
    syscall: 'connect',
    address: '10.0.0.5',
    port: 9090
  }
]
[2026-05-16T09:45:20.191Z] error: <httpProxy> Error calling http://10.0.0.5:9090/api/v1/query...
[2026-05-16T09:45:20.192Z] error: <httpProxy> [
  500,
  Error: connect ECONNREFUSED 10.0.0.5:9090
      at <unknown> (Error: connect ECONNREFUSED 10.0.0.5:9090) {
    errno: -111,
    code: 'ECONNREFUSED',
    syscall: 'connect',
    address: '10.0.0.5',
    port: 9090
  }
]
[2026-05-16T09:45:20.194Z] error: <httpProxy> Error calling http://10.0.0.5:9090/api/v1/query...
[2026-05-16T09:45:20.194Z] error: <httpProxy> [
  500,
  Error: connect ECONNREFUSED 10.0.0.5:9090
      at <unknown> (Error: connect ECONNREFUSED 10.0.0.5:9090) {
    errno: -111,
    code: 'ECONNREFUSED',
    syscall: 'connect',
    address: '10.0.0.5',
    port: 9090
  }
]
[2026-05-16T09:45:20.196Z] error: <httpProxy> Error calling http://10.0.0.5:9090/api/v1/query...
[2026-05-16T09:45:20.196Z] error: <httpProxy> [
  500,
  Error: connect ECONNREFUSED 10.0.0.5:9090
      at <unknown> (Error: connect ECONNREFUSED 10.0.0.5:9090) {
    errno: -111,
    code: 'ECONNREFUSED',
    syscall: 'connect',
    address: '10.0.0.5',
    port: 9090
  }
]
[2026-05-16T09:45:20.198Z] error: <httpProxy> Error calling http://10.0.0.5:9090/api/v1/query...
[2026-05-16T09:45:20.198Z] error: <httpProxy> [
  500,
  Error: connect ECONNREFUSED 10.0.0.5:9090
      at <unknown> (Error: connect ECONNREFUSED 10.0.0.5:9090) {
    errno: -111,
    code: 'ECONNREFUSED',
    syscall: 'connect',
    address: '10.0.0.5',
    port: 9090
  }
]
[2026-05-16T09:45:20.200Z] error: <httpProxy> Error calling http://10.0.0.5:9090/api/v1/query...
[2026-05-16T09:45:20.201Z] error: <httpProxy> [
  500,
  Error: connect ECONNREFUSED 10.0.0.5:9090
      at <unknown> (Error: connect ECONNREFUSED 10.0.0.5:9090) {
    errno: -111,
    code: 'ECONNREFUSED',
    syscall: 'connect',
    address: '10.0.0.5',
    port: 9090
  }
]
[2026-05-16T09:45:20.202Z] error: <httpProxy> Error calling http://10.0.0.5:9090/api/v1/query...
[2026-05-16T09:45:20.202Z] error: <httpProxy> [
  500,
  Error: connect ECONNREFUSED 10.0.0.5:9090
      at <unknown> (Error: connect ECONNREFUSED 10.0.0.5:9090) {
    errno: -111,
    code: 'ECONNREFUSED',
    syscall: 'connect',
    address: '10.0.0.5',
    port: 9090
  }
]
[2026-05-16T09:45:20.203Z] error: <httpProxy> Error calling http://10.0.0.5:9090/api/v1/query...
[2026-05-16T09:45:20.203Z] error: <httpProxy> [
  500,
  Error: connect ECONNREFUSED 10.0.0.5:9090
      at <unknown> (Error: connect ECONNREFUSED 10.0.0.5:9090) {
    errno: -111,
    code: 'ECONNREFUSED',
    syscall: 'connect',
    address: '10.0.0.5',
    port: 9090
  }
]
[2026-05-16T09:45:20.204Z] error: <httpProxy> Error calling http://10.0.0.5:9090/api/v1/query...
[2026-05-16T09:45:20.204Z] error: <httpProxy> [
  500,
  Error: connect ECONNREFUSED 10.0.0.5:9090
      at <unknown> (Error: connect ECONNREFUSED 10.0.0.5:9090) {
    errno: -111,
    code: 'ECONNREFUSED',
    syscall: 'connect',
    address: '10.0.0.5',
    port: 9090
  }
]
[2026-05-16T09:45:20.205Z] error: <httpProxy> Error calling http://10.0.0.5:9090/api/v1/query...
[2026-05-16T09:45:20.206Z] error: <httpProxy> [
  500,
  Error: connect ECONNREFUSED 10.0.0.5:9090
      at <unknown> (Error: connect ECONNREFUSED 10.0.0.5:9090) {
    errno: -111,
    code: 'ECONNREFUSED',
    syscall: 'connect',
    address: '10.0.0.5',
    port: 9090
  }
]
[2026-05-16T09:45:20.206Z] error: <httpProxy> Error calling http://10.0.0.5:9090/api/v1/query...
[2026-05-16T09:45:20.206Z] error: <httpProxy> [
  500,
  Error: connect ECONNREFUSED 10.0.0.5:9090
      at <unknown> (Error: connect ECONNREFUSED 10.0.0.5:9090) {
    errno: -111,
    code: 'ECONNREFUSED',
    syscall: 'connect',
    address: '10.0.0.5',
    port: 9090
  }
]
[2026-05-16T09:45:20.207Z] error: <httpProxy> Error calling http://10.0.0.5:9090/api/v1/query...
[2026-05-16T09:45:20.207Z] error: <httpProxy> [
  500,
  Error: connect ECONNREFUSED 10.0.0.5:9090
      at <unknown> (Error: connect ECONNREFUSED 10.0.0.5:9090) {
    errno: -111,
    code: 'ECONNREFUSED',
    syscall: 'connect',
    address: '10.0.0.5',
    port: 9090
  }
]
[2026-05-16T09:45:20.208Z] error: <httpProxy> Error calling http://10.0.0.5:9090/api/v1/query...
[2026-05-16T09:45:20.208Z] error: <httpProxy> [
  500,
  Error: connect ECONNREFUSED 10.0.0.5:9090
      at <unknown> (Error: connect ECONNREFUSED 10.0.0.5:9090) {
    errno: -111,
    code: 'ECONNREFUSED',
    syscall: 'connect',
    address: '10.0.0.5',
    port: 9090
  }
]
[2026-05-16T09:45:20.209Z] error: <httpProxy> Error calling http://10.0.0.5:9090/api/v1/query...
[2026-05-16T09:45:20.209Z] error: <httpProxy> [
  500,
  Error: connect ECONNREFUSED 10.0.0.5:9090
      at <unknown> (Error: connect ECONNREFUSED 10.0.0.5:9090) {
    errno: -111,
    code: 'ECONNREFUSED',
    syscall: 'connect',
    address: '10.0.0.5',
    port: 9090
  }
]
[2026-05-16T09:45:22.072Z] error: <httpProxy> Error calling http://10.0.0.5:9090/api/v1/query...
[2026-05-16T09:45:22.072Z] error: <httpProxy> [
  500,
  Error: connect ECONNREFUSED 10.0.0.5:9090
      at <unknown> (Error: connect ECONNREFUSED 10.0.0.5:9090) {
    errno: -111,
    code: 'ECONNREFUSED',
    syscall: 'connect',
    address: '10.0.0.5',
    port: 9090
  }
]
[2026-05-16T09:45:22.075Z] error: <httpProxy> Error calling http://10.0.0.5:9090/api/v1/query...
[2026-05-16T09:45:22.075Z] error: <httpProxy> [
  500,
  Error: connect ECONNREFUSED 10.0.0.5:9090
      at <unknown> (Error: connect ECONNREFUSED 10.0.0.5:9090) {
    errno: -111,
    code: 'ECONNREFUSED',
    syscall: 'connect',
    address: '10.0.0.5',
    port: 9090
  }
]
[2026-05-16T09:45:22.077Z] error: <httpProxy> Error calling http://10.0.0.5:9090/api/v1/query...
[2026-05-16T09:45:22.077Z] error: <httpProxy> [
  500,
  Error: connect ECONNREFUSED 10.0.0.5:9090
      at <unknown> (Error: connect ECONNREFUSED 10.0.0.5:9090) {
    errno: -111,
    code: 'ECONNREFUSED',
    syscall: 'connect',
    address: '10.0.0.5',
    port: 9090
  }
]
[2026-05-16T09:45:22.079Z] error: <httpProxy> Error calling http://10.0.0.5:9090/api/v1/query...
[2026-05-16T09:45:22.079Z] error: <httpProxy> [
  500,
  Error: connect ECONNREFUSED 10.0.0.5:9090
      at <unknown> (Error: connect ECONNREFUSED 10.0.0.5:9090) {
    errno: -111,
    code: 'ECONNREFUSED',
    syscall: 'connect',
    address: '10.0.0.5',
    port: 9090
  }
]
[2026-05-16T09:45:22.081Z] error: <httpProxy> Error calling http://10.0.0.5:9090/api/v1/query...
[2026-05-16T09:45:22.081Z] error: <httpProxy> [
  500,
  Error: connect ECONNREFUSED 10.0.0.5:9090
      at <unknown> (Error: connect ECONNREFUSED 10.0.0.5:9090) {
    errno: -111,
    code: 'ECONNREFUSED',
    syscall: 'connect',
    address: '10.0.0.5',
    port: 9090
  }
]
[2026-05-16T09:45:22.083Z] error: <httpProxy> Error calling http://10.0.0.5:9090/api/v1/query...
[2026-05-16T09:45:22.083Z] error: <httpProxy> [
  500,
  Error: connect ECONNREFUSED 10.0.0.5:9090
      at <unknown> (Error: connect ECONNREFUSED 10.0.0.5:9090) {
    errno: -111,
    code: 'ECONNREFUSED',
    syscall: 'connect',
    address: '10.0.0.5',
    port: 9090
  }
]
[2026-05-16T09:45:22.084Z] error: <httpProxy> Error calling http://10.0.0.5:9090/api/v1/query...
[2026-05-16T09:45:22.085Z] error: <httpProxy> [
  500,
  Error: connect ECONNREFUSED 10.0.0.5:9090
      at <unknown> (Error: connect ECONNREFUSED 10.0.0.5:9090) {
    errno: -111,
    code: 'ECONNREFUSED',
    syscall: 'connect',
    address: '10.0.0.5',
    port: 9090
  }
]
[2026-05-16T09:45:22.086Z] error: <httpProxy> Error calling http://10.0.0.5:9090/api/v1/query...
[2026-05-16T09:45:22.086Z] error: <httpProxy> [
  500,
  Error: connect ECONNREFUSED 10.0.0.5:9090
      at <unknown> (Error: connect ECONNREFUSED 10.0.0.5:9090) {
    errno: -111,
    code: 'ECONNREFUSED',
    syscall: 'connect',
    address: '10.0.0.5',
    port: 9090
  }
]
[2026-05-16T09:45:22.087Z] error: <httpProxy> Error calling http://10.0.0.5:9090/api/v1/query...
[2026-05-16T09:45:22.087Z] error: <httpProxy> [
  500,
  Error: connect ECONNREFUSED 10.0.0.5:9090
      at <unknown> (Error: connect ECONNREFUSED 10.0.0.5:9090) {
    errno: -111,
    code: 'ECONNREFUSED',
    syscall: 'connect',
    address: '10.0.0.5',
    port: 9090
  }
]
[2026-05-16T09:45:22.087Z] error: <httpProxy> Error calling http://10.0.0.5:9090/api/v1/query...
[2026-05-16T09:45:22.088Z] error: <httpProxy> [
  500,
  Error: connect ECONNREFUSED 10.0.0.5:9090
      at <unknown> (Error: connect ECONNREFUSED 10.0.0.5:9090) {
    errno: -111,
    code: 'ECONNREFUSED',
    syscall: 'connect',
    address: '10.0.0.5',
    port: 9090
  }
]
[2026-05-16T09:45:22.088Z] error: <httpProxy> Error calling http://10.0.0.5:9090/api/v1/query...
[2026-05-16T09:45:22.088Z] error: <httpProxy> [
  500,
  Error: connect ECONNREFUSED 10.0.0.5:9090
      at <unknown> (Error: connect ECONNREFUSED 10.0.0.5:9090) {
    errno: -111,
    code: 'ECONNREFUSED',
    syscall: 'connect',
    address: '10.0.0.5',
    port: 9090
  }
]
[2026-05-16T09:45:22.089Z] error: <httpProxy> Error calling http://10.0.0.5:9090/api/v1/query...
[2026-05-16T09:45:22.089Z] error: <httpProxy> [
  500,
  Error: connect ECONNREFUSED 10.0.0.5:9090
      at <unknown> (Error: connect ECONNREFUSED 10.0.0.5:9090) {
    errno: -111,
    code: 'ECONNREFUSED',
    syscall: 'connect',
    address: '10.0.0.5',
    port: 9090
  }
]
[2026-05-16T09:45:22.090Z] error: <httpProxy> Error calling http://10.0.0.5:9090/api/v1/query...
[2026-05-16T09:45:22.090Z] error: <httpProxy> [
  500,
  Error: connect ECONNREFUSED 10.0.0.5:9090
      at <unknown> (Error: connect ECONNREFUSED 10.0.0.5:9090) {
    errno: -111,
    code: 'ECONNREFUSED',
    syscall: 'connect',
    address: '10.0.0.5',
    port: 9090
  }
]
[2026-05-16T09:45:22.090Z] error: <httpProxy> Error calling http://10.0.0.5:9090/api/v1/query...
[2026-05-16T09:45:22.090Z] error: <httpProxy> [
  500,
  Error: connect ECONNREFUSED 10.0.0.5:9090
      at <unknown> (Error: connect ECONNREFUSED 10.0.0.5:9090) {
    errno: -111,
    code: 'ECONNREFUSED',
    syscall: 'connect',
    address: '10.0.0.5',
    port: 9090
  }
]
[2026-05-16T09:45:22.662Z] error: <httpProxy> Error calling http://10.0.0.5:9090/api/v1/query...
[2026-05-16T09:45:22.662Z] error: <httpProxy> [
  500,
  Error: connect ECONNREFUSED 10.0.0.5:9090
      at <unknown> (Error: connect ECONNREFUSED 10.0.0.5:9090) {
    errno: -111,
    code: 'ECONNREFUSED',
    syscall: 'connect',
    address: '10.0.0.5',
    port: 9090
  }
]
[2026-05-16T09:45:22.664Z] error: <httpProxy> Error calling http://10.0.0.5:9090/api/v1/query...
[2026-05-16T09:45:22.664Z] error: <httpProxy> [
  500,
  Error: connect ECONNREFUSED 10.0.0.5:9090
      at <unknown> (Error: connect ECONNREFUSED 10.0.0.5:9090) {
    errno: -111,
    code: 'ECONNREFUSED',
    syscall: 'connect',
    address: '10.0.0.5',
    port: 9090
  }
]
[2026-05-16T09:45:22.666Z] error: <httpProxy> Error calling http://10.0.0.5:9090/api/v1/query...
[2026-05-16T09:45:22.666Z] error: <httpProxy> [
  500,
  Error: connect ECONNREFUSED 10.0.0.5:9090
      at <unknown> (Error: connect ECONNREFUSED 10.0.0.5:9090) {
    errno: -111,
    code: 'ECONNREFUSED',
    syscall: 'connect',
    address: '10.0.0.5',
    port: 9090
  }
]
[2026-05-16T09:45:22.668Z] error: <httpProxy> Error calling http://10.0.0.5:9090/api/v1/query...
[2026-05-16T09:45:22.668Z] error: <httpProxy> [
  500,
  Error: connect ECONNREFUSED 10.0.0.5:9090
      at <unknown> (Error: connect ECONNREFUSED 10.0.0.5:9090) {
    errno: -111,
    code: 'ECONNREFUSED',
    syscall: 'connect',
    address: '10.0.0.5',
    port: 9090
  }
]
[2026-05-16T09:45:22.670Z] error: <httpProxy> Error calling http://10.0.0.5:9090/api/v1/query...
[2026-05-16T09:45:22.670Z] error: <httpProxy> [
  500,
  Error: connect ECONNREFUSED 10.0.0.5:9090
      at <unknown> (Error: connect ECONNREFUSED 10.0.0.5:9090) {
    errno: -111,
    code: 'ECONNREFUSED',
    syscall: 'connect',
    address: '10.0.0.5',
    port: 9090
  }
]
[2026-05-16T09:45:22.672Z] error: <httpProxy> Error calling http://10.0.0.5:9090/api/v1/query...
[2026-05-16T09:45:22.672Z] error: <httpProxy> [
  500,
  Error: connect ECONNREFUSED 10.0.0.5:9090
      at <unknown> (Error: connect ECONNREFUSED 10.0.0.5:9090) {
    errno: -111,
    code: 'ECONNREFUSED',
    syscall: 'connect',
    address: '10.0.0.5',
    port: 9090
  }
]
[2026-05-16T09:45:22.673Z] error: <httpProxy> Error calling http://10.0.0.5:9090/api/v1/query...
[2026-05-16T09:45:22.673Z] error: <httpProxy> [
  500,
  Error: connect ECONNREFUSED 10.0.0.5:9090
      at <unknown> (Error: connect ECONNREFUSED 10.0.0.5:9090) {
    errno: -111,
    code: 'ECONNREFUSED',
    syscall: 'connect',
    address: '10.0.0.5',
    port: 9090
  }
]
[2026-05-16T09:45:22.674Z] error: <httpProxy> Error calling http://10.0.0.5:9090/api/v1/query...
[2026-05-16T09:45:22.674Z] error: <httpProxy> [
  500,
  Error: connect ECONNREFUSED 10.0.0.5:9090
      at <unknown> (Error: connect ECONNREFUSED 10.0.0.5:9090) {
    errno: -111,
    code: 'ECONNREFUSED',
    syscall: 'connect',
    address: '10.0.0.5',
    port: 9090
  }
]
[2026-05-16T09:45:22.675Z] error: <httpProxy> Error calling http://10.0.0.5:9090/api/v1/query...
[2026-05-16T09:45:22.675Z] error: <httpProxy> [
  500,
  Error: connect ECONNREFUSED 10.0.0.5:9090
      at <unknown> (Error: connect ECONNREFUSED 10.0.0.5:9090) {
    errno: -111,
    code: 'ECONNREFUSED',
    syscall: 'connect',
    address: '10.0.0.5',
    port: 9090
  }
]
[2026-05-16T09:45:22.676Z] error: <httpProxy> Error calling http://10.0.0.5:9090/api/v1/query...
[2026-05-16T09:45:22.676Z] error: <httpProxy> [
  500,
  Error: connect ECONNREFUSED 10.0.0.5:9090
      at <unknown> (Error: connect ECONNREFUSED 10.0.0.5:9090) {
    errno: -111,
    code: 'ECONNREFUSED',
    syscall: 'connect',
    address: '10.0.0.5',
    port: 9090
  }
]
[2026-05-16T09:45:22.677Z] error: <httpProxy> Error calling http://10.0.0.5:9090/api/v1/query...
[2026-05-16T09:45:22.677Z] error: <httpProxy> [
  500,
  Error: connect ECONNREFUSED 10.0.0.5:9090
      at <unknown> (Error: connect ECONNREFUSED 10.0.0.5:9090) {
    errno: -111,
    code: 'ECONNREFUSED',
    syscall: 'connect',
    address: '10.0.0.5',
    port: 9090
  }
]
[2026-05-16T09:45:22.678Z] error: <httpProxy> Error calling http://10.0.0.5:9090/api/v1/query...
[2026-05-16T09:45:22.678Z] error: <httpProxy> [
  500,
  Error: connect ECONNREFUSED 10.0.0.5:9090
      at <unknown> (Error: connect ECONNREFUSED 10.0.0.5:9090) {
    errno: -111,
    code: 'ECONNREFUSED',
    syscall: 'connect',
    address: '10.0.0.5',
    port: 9090
  }
]
[2026-05-16T09:45:22.678Z] error: <httpProxy> Error calling http://10.0.0.5:9090/api/v1/query...
[2026-05-16T09:45:22.678Z] error: <httpProxy> [
  500,
  Error: connect ECONNREFUSED 10.0.0.5:9090
      at <unknown> (Error: connect ECONNREFUSED 10.0.0.5:9090) {
    errno: -111,
    code: 'ECONNREFUSED',
    syscall: 'connect',
    address: '10.0.0.5',
    port: 9090
  }
]
[2026-05-16T09:45:22.679Z] error: <httpProxy> Error calling http://10.0.0.5:9090/api/v1/query...
[2026-05-16T09:45:22.679Z] error: <httpProxy> [
  500,
  Error: connect ECONNREFUSED 10.0.0.5:9090
      at <unknown> (Error: connect ECONNREFUSED 10.0.0.5:9090) {
    errno: -111,
    code: 'ECONNREFUSED',
    syscall: 'connect',
    address: '10.0.0.5',
    port: 9090
  }
]
[2026-05-16T09:45:23.145Z] error: <httpProxy> Error calling http://10.0.0.5:9090/api/v1/query...
[2026-05-16T09:45:23.145Z] error: <httpProxy> [
  500,
  Error: connect ECONNREFUSED 10.0.0.5:9090
      at <unknown> (Error: connect ECONNREFUSED 10.0.0.5:9090) {
    errno: -111,
    code: 'ECONNREFUSED',
    syscall: 'connect',
    address: '10.0.0.5',
    port: 9090
  }
]
[2026-05-16T09:45:23.147Z] error: <httpProxy> Error calling http://10.0.0.5:9090/api/v1/query...
[2026-05-16T09:45:23.147Z] error: <httpProxy> [
  500,
  Error: connect ECONNREFUSED 10.0.0.5:9090
      at <unknown> (Error: connect ECONNREFUSED 10.0.0.5:9090) {
    errno: -111,
    code: 'ECONNREFUSED',
    syscall: 'connect',
    address: '10.0.0.5',
    port: 9090
  }
]
[2026-05-16T09:45:23.149Z] error: <httpProxy> Error calling http://10.0.0.5:9090/api/v1/query...
[2026-05-16T09:45:23.149Z] error: <httpProxy> [
  500,
  Error: connect ECONNREFUSED 10.0.0.5:9090
      at <unknown> (Error: connect ECONNREFUSED 10.0.0.5:9090) {
    errno: -111,
    code: 'ECONNREFUSED',
    syscall: 'connect',
    address: '10.0.0.5',
    port: 9090
  }
]
[2026-05-16T09:45:23.151Z] error: <httpProxy> Error calling http://10.0.0.5:9090/api/v1/query...
[2026-05-16T09:45:23.152Z] error: <httpProxy> [
  500,
  Error: connect ECONNREFUSED 10.0.0.5:9090
      at <unknown> (Error: connect ECONNREFUSED 10.0.0.5:9090) {
    errno: -111,
    code: 'ECONNREFUSED',
    syscall: 'connect',
    address: '10.0.0.5',
    port: 9090
  }
]
[2026-05-16T09:45:23.153Z] error: <httpProxy> Error calling http://10.0.0.5:9090/api/v1/query...
[2026-05-16T09:45:23.153Z] error: <httpProxy> [
  500,
  Error: connect ECONNREFUSED 10.0.0.5:9090
      at <unknown> (Error: connect ECONNREFUSED 10.0.0.5:9090) {
    errno: -111,
    code: 'ECONNREFUSED',
    syscall: 'connect',
    address: '10.0.0.5',
    port: 9090
  }
]
[2026-05-16T09:45:23.155Z] error: <httpProxy> Error calling http://10.0.0.5:9090/api/v1/query...
[2026-05-16T09:45:23.155Z] error: <httpProxy> [
  500,
  Error: connect ECONNREFUSED 10.0.0.5:9090
      at <unknown> (Error: connect ECONNREFUSED 10.0.0.5:9090) {
    errno: -111,
    code: 'ECONNREFUSED',
    syscall: 'connect',
    address: '10.0.0.5',
    port: 9090
  }
]
[2026-05-16T09:45:23.156Z] error: <httpProxy> Error calling http://10.0.0.5:9090/api/v1/query...
[2026-05-16T09:45:23.156Z] error: <httpProxy> [
  500,
  Error: connect ECONNREFUSED 10.0.0.5:9090
      at <unknown> (Error: connect ECONNREFUSED 10.0.0.5:9090) {
    errno: -111,
    code: 'ECONNREFUSED',
    syscall: 'connect',
    address: '10.0.0.5',
    port: 9090
  }
]
[2026-05-16T09:45:23.157Z] error: <httpProxy> Error calling http://10.0.0.5:9090/api/v1/query...
[2026-05-16T09:45:23.157Z] error: <httpProxy> [
  500,
  Error: connect ECONNREFUSED 10.0.0.5:9090
      at <unknown> (Error: connect ECONNREFUSED 10.0.0.5:9090) {
    errno: -111,
    code: 'ECONNREFUSED',
    syscall: 'connect',
    address: '10.0.0.5',
    port: 9090
  }
]
[2026-05-16T09:45:23.158Z] error: <httpProxy> Error calling http://10.0.0.5:9090/api/v1/query...
[2026-05-16T09:45:23.158Z] error: <httpProxy> [
  500,
  Error: connect ECONNREFUSED 10.0.0.5:9090
      at <unknown> (Error: connect ECONNREFUSED 10.0.0.5:9090) {
    errno: -111,
    code: 'ECONNREFUSED',
    syscall: 'connect',
    address: '10.0.0.5',
    port: 9090
  }
]
[2026-05-16T09:45:23.159Z] error: <httpProxy> Error calling http://10.0.0.5:9090/api/v1/query...
[2026-05-16T09:45:23.159Z] error: <httpProxy> [
  500,
  Error: connect ECONNREFUSED 10.0.0.5:9090
      at <unknown> (Error: connect ECONNREFUSED 10.0.0.5:9090) {
    errno: -111,
    code: 'ECONNREFUSED',
    syscall: 'connect',
    address: '10.0.0.5',
    port: 9090
  }
]
[2026-05-16T09:45:23.160Z] error: <httpProxy> Error calling http://10.0.0.5:9090/api/v1/query...
[2026-05-16T09:45:23.160Z] error: <httpProxy> [
  500,
  Error: connect ECONNREFUSED 10.0.0.5:9090
      at <unknown> (Error: connect ECONNREFUSED 10.0.0.5:9090) {
    errno: -111,
    code: 'ECONNREFUSED',
    syscall: 'connect',
    address: '10.0.0.5',
    port: 9090
  }
]
[2026-05-16T09:45:23.160Z] error: <httpProxy> Error calling http://10.0.0.5:9090/api/v1/query...
[2026-05-16T09:45:23.161Z] error: <httpProxy> [
  500,
  Error: connect ECONNREFUSED 10.0.0.5:9090
      at <unknown> (Error: connect ECONNREFUSED 10.0.0.5:9090) {
    errno: -111,
    code: 'ECONNREFUSED',
    syscall: 'connect',
    address: '10.0.0.5',
    port: 9090
  }
]
[2026-05-16T09:45:23.161Z] error: <httpProxy> Error calling http://10.0.0.5:9090/api/v1/query...
[2026-05-16T09:45:23.161Z] error: <httpProxy> [
  500,
  Error: connect ECONNREFUSED 10.0.0.5:9090
      at <unknown> (Error: connect ECONNREFUSED 10.0.0.5:9090) {
    errno: -111,
    code: 'ECONNREFUSED',
    syscall: 'connect',
    address: '10.0.0.5',
    port: 9090
  }
]
[2026-05-16T09:45:23.162Z] error: <httpProxy> Error calling http://10.0.0.5:9090/api/v1/query...
[2026-05-16T09:45:23.162Z] error: <httpProxy> [
  500,
  Error: connect ECONNREFUSED 10.0.0.5:9090
      at <unknown> (Error: connect ECONNREFUSED 10.0.0.5:9090) {
    errno: -111,
    code: 'ECONNREFUSED',
    syscall: 'connect',
    address: '10.0.0.5',
    port: 9090
  }
]
[2026-05-16T09:45:23.568Z] error: <httpProxy> Error calling http://10.0.0.5:9090/api/v1/query...
[2026-05-16T09:45:23.568Z] error: <httpProxy> [
  500,
  Error: connect ECONNREFUSED 10.0.0.5:9090
      at <unknown> (Error: connect ECONNREFUSED 10.0.0.5:9090) {
    errno: -111,
    code: 'ECONNREFUSED',
    syscall: 'connect',
    address: '10.0.0.5',
    port: 9090
  }
]
[2026-05-16T09:45:23.570Z] error: <httpProxy> Error calling http://10.0.0.5:9090/api/v1/query...
[2026-05-16T09:45:23.570Z] error: <httpProxy> [
  500,
  Error: connect ECONNREFUSED 10.0.0.5:9090
      at <unknown> (Error: connect ECONNREFUSED 10.0.0.5:9090) {
    errno: -111,
    code: 'ECONNREFUSED',
    syscall: 'connect',
    address: '10.0.0.5',
    port: 9090
  }
]
[2026-05-16T09:45:23.572Z] error: <httpProxy> Error calling http://10.0.0.5:9090/api/v1/query...
[2026-05-16T09:45:23.572Z] error: <httpProxy> [
  500,
  Error: connect ECONNREFUSED 10.0.0.5:9090
      at <unknown> (Error: connect ECONNREFUSED 10.0.0.5:9090) {
    errno: -111,
    code: 'ECONNREFUSED',
    syscall: 'connect',
    address: '10.0.0.5',
    port: 9090
  }
]
[2026-05-16T09:45:23.574Z] error: <httpProxy> Error calling http://10.0.0.5:9090/api/v1/query...
[2026-05-16T09:45:23.574Z] error: <httpProxy> [
  500,
  Error: connect ECONNREFUSED 10.0.0.5:9090
      at <unknown> (Error: connect ECONNREFUSED 10.0.0.5:9090) {
    errno: -111,
    code: 'ECONNREFUSED',
    syscall: 'connect',
    address: '10.0.0.5',
    port: 9090
  }
]
[2026-05-16T09:45:23.576Z] error: <httpProxy> Error calling http://10.0.0.5:9090/api/v1/query...
[2026-05-16T09:45:23.576Z] error: <httpProxy> [
  500,
  Error: connect ECONNREFUSED 10.0.0.5:9090
      at <unknown> (Error: connect ECONNREFUSED 10.0.0.5:9090) {
    errno: -111,
    code: 'ECONNREFUSED',
    syscall: 'connect',
    address: '10.0.0.5',
    port: 9090
  }
]
[2026-05-16T09:45:23.578Z] error: <httpProxy> Error calling http://10.0.0.5:9090/api/v1/query...
[2026-05-16T09:45:23.578Z] error: <httpProxy> [
  500,
  Error: connect ECONNREFUSED 10.0.0.5:9090
      at <unknown> (Error: connect ECONNREFUSED 10.0.0.5:9090) {
    errno: -111,
    code: 'ECONNREFUSED',
    syscall: 'connect',
    address: '10.0.0.5',
    port: 9090
  }
]
[2026-05-16T09:45:23.579Z] error: <httpProxy> Error calling http://10.0.0.5:9090/api/v1/query...
[2026-05-16T09:45:23.579Z] error: <httpProxy> [
  500,
  Error: connect ECONNREFUSED 10.0.0.5:9090
      at <unknown> (Error: connect ECONNREFUSED 10.0.0.5:9090) {
    errno: -111,
    code: 'ECONNREFUSED',
    syscall: 'connect',
    address: '10.0.0.5',
    port: 9090
  }
]
[2026-05-16T09:45:23.580Z] error: <httpProxy> Error calling http://10.0.0.5:9090/api/v1/query...
[2026-05-16T09:45:23.580Z] error: <httpProxy> [
  500,
  Error: connect ECONNREFUSED 10.0.0.5:9090
      at <unknown> (Error: connect ECONNREFUSED 10.0.0.5:9090) {
    errno: -111,
    code: 'ECONNREFUSED',
    syscall: 'connect',
    address: '10.0.0.5',
    port: 9090
  }
]
[2026-05-16T09:45:23.581Z] error: <httpProxy> Error calling http://10.0.0.5:9090/api/v1/query...
[2026-05-16T09:45:23.581Z] error: <httpProxy> [
  500,
  Error: connect ECONNREFUSED 10.0.0.5:9090
      at <unknown> (Error: connect ECONNREFUSED 10.0.0.5:9090) {
    errno: -111,
    code: 'ECONNREFUSED',
    syscall: 'connect',
    address: '10.0.0.5',
    port: 9090
  }
]
[2026-05-16T09:45:23.582Z] error: <httpProxy> Error calling http://10.0.0.5:9090/api/v1/query...
[2026-05-16T09:45:23.582Z] error: <httpProxy> [
  500,
  Error: connect ECONNREFUSED 10.0.0.5:9090
      at <unknown> (Error: connect ECONNREFUSED 10.0.0.5:9090) {
    errno: -111,
    code: 'ECONNREFUSED',
    syscall: 'connect',
    address: '10.0.0.5',
    port: 9090
  }
]
[2026-05-16T09:45:23.583Z] error: <httpProxy> Error calling http://10.0.0.5:9090/api/v1/query...
[2026-05-16T09:45:23.583Z] error: <httpProxy> [
  500,
  Error: connect ECONNREFUSED 10.0.0.5:9090
      at <unknown> (Error: connect ECONNREFUSED 10.0.0.5:9090) {
    errno: -111,
    code: 'ECONNREFUSED',
    syscall: 'connect',
    address: '10.0.0.5',
    port: 9090
  }
]
[2026-05-16T09:45:23.583Z] error: <httpProxy> Error calling http://10.0.0.5:9090/api/v1/query...
[2026-05-16T09:45:23.584Z] error: <httpProxy> [
  500,
  Error: connect ECONNREFUSED 10.0.0.5:9090
      at <unknown> (Error: connect ECONNREFUSED 10.0.0.5:9090) {
    errno: -111,
    code: 'ECONNREFUSED',
    syscall: 'connect',
    address: '10.0.0.5',
    port: 9090
  }
]
[2026-05-16T09:45:23.584Z] error: <httpProxy> Error calling http://10.0.0.5:9090/api/v1/query...
[2026-05-16T09:45:23.584Z] error: <httpProxy> [
  500,
  Error: connect ECONNREFUSED 10.0.0.5:9090
      at <unknown> (Error: connect ECONNREFUSED 10.0.0.5:9090) {
    errno: -111,
    code: 'ECONNREFUSED',
    syscall: 'connect',
    address: '10.0.0.5',
    port: 9090
  }
]
[2026-05-16T09:45:23.585Z] error: <httpProxy> Error calling http://10.0.0.5:9090/api/v1/query...
[2026-05-16T09:45:23.585Z] error: <httpProxy> [
  500,
  Error: connect ECONNREFUSED 10.0.0.5:9090
      at <unknown> (Error: connect ECONNREFUSED 10.0.0.5:9090) {
    errno: -111,
    code: 'ECONNREFUSED',
    syscall: 'connect',
    address: '10.0.0.5',
    port: 9090
  }
]
[2026-05-16T09:45:24.194Z] error: <httpProxy> Error calling http://10.0.0.5:9090/api/v1/query...
[2026-05-16T09:45:24.194Z] error: <httpProxy> [
  500,
  Error: connect ECONNREFUSED 10.0.0.5:9090
      at <unknown> (Error: connect ECONNREFUSED 10.0.0.5:9090) {
    errno: -111,
    code: 'ECONNREFUSED',
    syscall: 'connect',
    address: '10.0.0.5',
    port: 9090
  }
]
[2026-05-16T09:45:24.196Z] error: <httpProxy> Error calling http://10.0.0.5:9090/api/v1/query...
[2026-05-16T09:45:24.196Z] error: <httpProxy> [
  500,
  Error: connect ECONNREFUSED 10.0.0.5:9090
      at <unknown> (Error: connect ECONNREFUSED 10.0.0.5:9090) {
    errno: -111,
    code: 'ECONNREFUSED',
    syscall: 'connect',
    address: '10.0.0.5',
    port: 9090
  }
]
[2026-05-16T09:45:24.198Z] error: <httpProxy> Error calling http://10.0.0.5:9090/api/v1/query...
[2026-05-16T09:45:24.198Z] error: <httpProxy> [
  500,
  Error: connect ECONNREFUSED 10.0.0.5:9090
      at <unknown> (Error: connect ECONNREFUSED 10.0.0.5:9090) {
    errno: -111,
    code: 'ECONNREFUSED',
    syscall: 'connect',
    address: '10.0.0.5',
    port: 9090
  }
]
[2026-05-16T09:45:24.200Z] error: <httpProxy> Error calling http://10.0.0.5:9090/api/v1/query...
[2026-05-16T09:45:24.200Z] error: <httpProxy> [
  500,
  Error: connect ECONNREFUSED 10.0.0.5:9090
      at <unknown> (Error: connect ECONNREFUSED 10.0.0.5:9090) {
    errno: -111,
    code: 'ECONNREFUSED',
    syscall: 'connect',
    address: '10.0.0.5',
    port: 9090
  }
]
[2026-05-16T09:45:24.202Z] error: <httpProxy> Error calling http://10.0.0.5:9090/api/v1/query...
[2026-05-16T09:45:24.202Z] error: <httpProxy> [
  500,
  Error: connect ECONNREFUSED 10.0.0.5:9090
      at <unknown> (Error: connect ECONNREFUSED 10.0.0.5:9090) {
    errno: -111,
    code: 'ECONNREFUSED',
    syscall: 'connect',
    address: '10.0.0.5',
    port: 9090
  }
]
[2026-05-16T09:45:24.204Z] error: <httpProxy> Error calling http://10.0.0.5:9090/api/v1/query...
[2026-05-16T09:45:24.204Z] error: <httpProxy> [
  500,
  Error: connect ECONNREFUSED 10.0.0.5:9090
      at <unknown> (Error: connect ECONNREFUSED 10.0.0.5:9090) {
    errno: -111,
    code: 'ECONNREFUSED',
    syscall: 'connect',
    address: '10.0.0.5',
    port: 9090
  }
]
[2026-05-16T09:45:24.205Z] error: <httpProxy> Error calling http://10.0.0.5:9090/api/v1/query...
[2026-05-16T09:45:24.205Z] error: <httpProxy> [
  500,
  Error: connect ECONNREFUSED 10.0.0.5:9090
      at <unknown> (Error: connect ECONNREFUSED 10.0.0.5:9090) {
    errno: -111,
    code: 'ECONNREFUSED',
    syscall: 'connect',
    address: '10.0.0.5',
    port: 9090
  }
]
[2026-05-16T09:45:24.206Z] error: <httpProxy> Error calling http://10.0.0.5:9090/api/v1/query...
[2026-05-16T09:45:24.206Z] error: <httpProxy> [
  500,
  Error: connect ECONNREFUSED 10.0.0.5:9090
      at <unknown> (Error: connect ECONNREFUSED 10.0.0.5:9090) {
    errno: -111,
    code: 'ECONNREFUSED',
    syscall: 'connect',
    address: '10.0.0.5',
    port: 9090
  }
]
[2026-05-16T09:45:24.207Z] error: <httpProxy> Error calling http://10.0.0.5:9090/api/v1/query...
[2026-05-16T09:45:24.207Z] error: <httpProxy> [
  500,
  Error: connect ECONNREFUSED 10.0.0.5:9090
      at <unknown> (Error: connect ECONNREFUSED 10.0.0.5:9090) {
    errno: -111,
    code: 'ECONNREFUSED',
    syscall: 'connect',
    address: '10.0.0.5',
    port: 9090
  }
]
[2026-05-16T09:45:24.208Z] error: <httpProxy> Error calling http://10.0.0.5:9090/api/v1/query...
[2026-05-16T09:45:24.208Z] error: <httpProxy> [
  500,
  Error: connect ECONNREFUSED 10.0.0.5:9090
      at <unknown> (Error: connect ECONNREFUSED 10.0.0.5:9090) {
    errno: -111,
    code: 'ECONNREFUSED',
    syscall: 'connect',
    address: '10.0.0.5',
    port: 9090
  }
]
[2026-05-16T09:45:24.209Z] error: <httpProxy> Error calling http://10.0.0.5:9090/api/v1/query...
[2026-05-16T09:45:24.209Z] error: <httpProxy> [
  500,
  Error: connect ECONNREFUSED 10.0.0.5:9090
      at <unknown> (Error: connect ECONNREFUSED 10.0.0.5:9090) {
    errno: -111,
    code: 'ECONNREFUSED',
    syscall: 'connect',
    address: '10.0.0.5',
    port: 9090
  }
]
[2026-05-16T09:45:24.209Z] error: <httpProxy> Error calling http://10.0.0.5:9090/api/v1/query...
[2026-05-16T09:45:24.209Z] error: <httpProxy> [
  500,
  Error: connect ECONNREFUSED 10.0.0.5:9090
      at <unknown> (Error: connect ECONNREFUSED 10.0.0.5:9090) {
    errno: -111,
    code: 'ECONNREFUSED',
    syscall: 'connect',
    address: '10.0.0.5',
    port: 9090
  }
]
[2026-05-16T09:45:24.210Z] error: <httpProxy> Error calling http://10.0.0.5:9090/api/v1/query...
[2026-05-16T09:45:24.210Z] error: <httpProxy> [
  500,
  Error: connect ECONNREFUSED 10.0.0.5:9090
      at <unknown> (Error: connect ECONNREFUSED 10.0.0.5:9090) {
    errno: -111,
    code: 'ECONNREFUSED',
    syscall: 'connect',
    address: '10.0.0.5',
    port: 9090
  }
]
[2026-05-16T09:45:24.210Z] error: <httpProxy> Error calling http://10.0.0.5:9090/api/v1/query...
[2026-05-16T09:45:24.211Z] error: <httpProxy> [
  500,
  Error: connect ECONNREFUSED 10.0.0.5:9090
      at <unknown> (Error: connect ECONNREFUSED 10.0.0.5:9090) {
    errno: -111,
    code: 'ECONNREFUSED',
    syscall: 'connect',
    address: '10.0.0.5',
    port: 9090
  }
]
[2026-05-16T09:45:24.804Z] error: <httpProxy> Error calling http://10.0.0.5:9090/api/v1/query...
[2026-05-16T09:45:24.804Z] error: <httpProxy> [
  500,
  Error: connect ECONNREFUSED 10.0.0.5:9090
      at <unknown> (Error: connect ECONNREFUSED 10.0.0.5:9090) {
    errno: -111,
    code: 'ECONNREFUSED',
    syscall: 'connect',
    address: '10.0.0.5',
    port: 9090
  }
]
[2026-05-16T09:45:24.806Z] error: <httpProxy> Error calling http://10.0.0.5:9090/api/v1/query...
[2026-05-16T09:45:24.806Z] error: <httpProxy> [
  500,
  Error: connect ECONNREFUSED 10.0.0.5:9090
      at <unknown> (Error: connect ECONNREFUSED 10.0.0.5:9090) {
    errno: -111,
    code: 'ECONNREFUSED',
    syscall: 'connect',
    address: '10.0.0.5',
    port: 9090
  }
]
[2026-05-16T09:45:24.808Z] error: <httpProxy> Error calling http://10.0.0.5:9090/api/v1/query...
[2026-05-16T09:45:24.808Z] error: <httpProxy> [
  500,
  Error: connect ECONNREFUSED 10.0.0.5:9090
      at <unknown> (Error: connect ECONNREFUSED 10.0.0.5:9090) {
    errno: -111,
    code: 'ECONNREFUSED',
    syscall: 'connect',
    address: '10.0.0.5',
    port: 9090
  }
]
[2026-05-16T09:45:24.810Z] error: <httpProxy> Error calling http://10.0.0.5:9090/api/v1/query...
[2026-05-16T09:45:24.810Z] error: <httpProxy> [
  500,
  Error: connect ECONNREFUSED 10.0.0.5:9090
      at <unknown> (Error: connect ECONNREFUSED 10.0.0.5:9090) {
    errno: -111,
    code: 'ECONNREFUSED',
    syscall: 'connect',
    address: '10.0.0.5',
    port: 9090
  }
]
[2026-05-16T09:45:24.812Z] error: <httpProxy> Error calling http://10.0.0.5:9090/api/v1/query...
[2026-05-16T09:45:24.812Z] error: <httpProxy> [
  500,
  Error: connect ECONNREFUSED 10.0.0.5:9090
      at <unknown> (Error: connect ECONNREFUSED 10.0.0.5:9090) {
    errno: -111,
    code: 'ECONNREFUSED',
    syscall: 'connect',
    address: '10.0.0.5',
    port: 9090
  }
]
[2026-05-16T09:45:24.814Z] error: <httpProxy> Error calling http://10.0.0.5:9090/api/v1/query...
[2026-05-16T09:45:24.815Z] error: <httpProxy> [
  500,
  Error: connect ECONNREFUSED 10.0.0.5:9090
      at <unknown> (Error: connect ECONNREFUSED 10.0.0.5:9090) {
    errno: -111,
    code: 'ECONNREFUSED',
    syscall: 'connect',
    address: '10.0.0.5',
    port: 9090
  }
]
[2026-05-16T09:45:24.816Z] error: <httpProxy> Error calling http://10.0.0.5:9090/api/v1/query...
[2026-05-16T09:45:24.816Z] error: <httpProxy> [
  500,
  Error: connect ECONNREFUSED 10.0.0.5:9090
      at <unknown> (Error: connect ECONNREFUSED 10.0.0.5:9090) {
    errno: -111,
    code: 'ECONNREFUSED',
    syscall: 'connect',
    address: '10.0.0.5',
    port: 9090
  }
]
[2026-05-16T09:45:24.817Z] error: <httpProxy> Error calling http://10.0.0.5:9090/api/v1/query...
[2026-05-16T09:45:24.817Z] error: <httpProxy> [
  500,
  Error: connect ECONNREFUSED 10.0.0.5:9090
      at <unknown> (Error: connect ECONNREFUSED 10.0.0.5:9090) {
    errno: -111,
    code: 'ECONNREFUSED',
    syscall: 'connect',
    address: '10.0.0.5',
    port: 9090
  }
]
[2026-05-16T09:45:24.818Z] error: <httpProxy> Error calling http://10.0.0.5:9090/api/v1/query...
[2026-05-16T09:45:24.818Z] error: <httpProxy> [
  500,
  Error: connect ECONNREFUSED 10.0.0.5:9090
      at <unknown> (Error: connect ECONNREFUSED 10.0.0.5:9090) {
    errno: -111,
    code: 'ECONNREFUSED',
    syscall: 'connect',
    address: '10.0.0.5',
    port: 9090
  }
]
[2026-05-16T09:45:24.819Z] error: <httpProxy> Error calling http://10.0.0.5:9090/api/v1/query...
[2026-05-16T09:45:24.819Z] error: <httpProxy> [
  500,
  Error: connect ECONNREFUSED 10.0.0.5:9090
      at <unknown> (Error: connect ECONNREFUSED 10.0.0.5:9090) {
    errno: -111,
    code: 'ECONNREFUSED',
    syscall: 'connect',
    address: '10.0.0.5',
    port: 9090
  }
]
[2026-05-16T09:45:24.819Z] error: <httpProxy> Error calling http://10.0.0.5:9090/api/v1/query...
[2026-05-16T09:45:24.820Z] error: <httpProxy> [
  500,
  Error: connect ECONNREFUSED 10.0.0.5:9090
      at <unknown> (Error: connect ECONNREFUSED 10.0.0.5:9090) {
    errno: -111,
    code: 'ECONNREFUSED',
    syscall: 'connect',
    address: '10.0.0.5',
    port: 9090
  }
]
[2026-05-16T09:45:24.820Z] error: <httpProxy> Error calling http://10.0.0.5:9090/api/v1/query...
[2026-05-16T09:45:24.820Z] error: <httpProxy> [
  500,
  Error: connect ECONNREFUSED 10.0.0.5:9090
      at <unknown> (Error: connect ECONNREFUSED 10.0.0.5:9090) {
    errno: -111,
    code: 'ECONNREFUSED',
    syscall: 'connect',
    address: '10.0.0.5',
    port: 9090
  }
]
[2026-05-16T09:45:24.821Z] error: <httpProxy> Error calling http://10.0.0.5:9090/api/v1/query...
[2026-05-16T09:45:24.821Z] error: <httpProxy> [
  500,
  Error: connect ECONNREFUSED 10.0.0.5:9090
      at <unknown> (Error: connect ECONNREFUSED 10.0.0.5:9090) {
    errno: -111,
    code: 'ECONNREFUSED',
    syscall: 'connect',
    address: '10.0.0.5',
    port: 9090
  }
]
[2026-05-16T09:45:24.822Z] error: <httpProxy> Error calling http://10.0.0.5:9090/api/v1/query...
[2026-05-16T09:45:24.822Z] error: <httpProxy> [
  500,
  Error: connect ECONNREFUSED 10.0.0.5:9090
      at <unknown> (Error: connect ECONNREFUSED 10.0.0.5:9090) {
    errno: -111,
    code: 'ECONNREFUSED',
    syscall: 'connect',
    address: '10.0.0.5',
    port: 9090
  }
]
[2026-05-16T09:45:25.418Z] error: <httpProxy> Error calling http://10.0.0.5:9090/api/v1/query...
[2026-05-16T09:45:25.418Z] error: <httpProxy> [
  500,
  Error: connect ECONNREFUSED 10.0.0.5:9090
      at <unknown> (Error: connect ECONNREFUSED 10.0.0.5:9090) {
    errno: -111,
    code: 'ECONNREFUSED',
    syscall: 'connect',
    address: '10.0.0.5',
    port: 9090
  }
]
[2026-05-16T09:45:25.420Z] error: <httpProxy> Error calling http://10.0.0.5:9090/api/v1/query...
[2026-05-16T09:45:25.421Z] error: <httpProxy> [
  500,
  Error: connect ECONNREFUSED 10.0.0.5:9090
      at <unknown> (Error: connect ECONNREFUSED 10.0.0.5:9090) {
    errno: -111,
    code: 'ECONNREFUSED',
    syscall: 'connect',
    address: '10.0.0.5',
    port: 9090
  }
]
[2026-05-16T09:45:25.422Z] error: <httpProxy> Error calling http://10.0.0.5:9090/api/v1/query...
[2026-05-16T09:45:25.422Z] error: <httpProxy> [
  500,
  Error: connect ECONNREFUSED 10.0.0.5:9090
      at <unknown> (Error: connect ECONNREFUSED 10.0.0.5:9090) {
    errno: -111,
    code: 'ECONNREFUSED',
    syscall: 'connect',
    address: '10.0.0.5',
    port: 9090
  }
]
[2026-05-16T09:45:25.423Z] error: <httpProxy> Error calling http://10.0.0.5:9090/api/v1/query...
[2026-05-16T09:45:25.423Z] error: <httpProxy> [
  500,
  Error: connect ECONNREFUSED 10.0.0.5:9090
      at <unknown> (Error: connect ECONNREFUSED 10.0.0.5:9090) {
    errno: -111,
    code: 'ECONNREFUSED',
    syscall: 'connect',
    address: '10.0.0.5',
    port: 9090
  }
]
[2026-05-16T09:45:25.425Z] error: <httpProxy> Error calling http://10.0.0.5:9090/api/v1/query...
[2026-05-16T09:45:25.425Z] error: <httpProxy> [
  500,
  Error: connect ECONNREFUSED 10.0.0.5:9090
      at <unknown> (Error: connect ECONNREFUSED 10.0.0.5:9090) {
    errno: -111,
    code: 'ECONNREFUSED',
    syscall: 'connect',
    address: '10.0.0.5',
    port: 9090
  }
]
[2026-05-16T09:45:25.426Z] error: <httpProxy> Error calling http://10.0.0.5:9090/api/v1/query...
[2026-05-16T09:45:25.426Z] error: <httpProxy> [
  500,
  Error: connect ECONNREFUSED 10.0.0.5:9090
      at <unknown> (Error: connect ECONNREFUSED 10.0.0.5:9090) {
    errno: -111,
    code: 'ECONNREFUSED',
    syscall: 'connect',
    address: '10.0.0.5',
    port: 9090
  }
]
[2026-05-16T09:45:25.427Z] error: <httpProxy> Error calling http://10.0.0.5:9090/api/v1/query...
[2026-05-16T09:45:25.427Z] error: <httpProxy> [
  500,
  Error: connect ECONNREFUSED 10.0.0.5:9090
      at <unknown> (Error: connect ECONNREFUSED 10.0.0.5:9090) {
    errno: -111,
    code: 'ECONNREFUSED',
    syscall: 'connect',
    address: '10.0.0.5',
    port: 9090
  }
]
[2026-05-16T09:45:25.428Z] error: <httpProxy> Error calling http://10.0.0.5:9090/api/v1/query...
[2026-05-16T09:45:25.428Z] error: <httpProxy> [
  500,
  Error: connect ECONNREFUSED 10.0.0.5:9090
      at <unknown> (Error: connect ECONNREFUSED 10.0.0.5:9090) {
    errno: -111,
    code: 'ECONNREFUSED',
    syscall: 'connect',
    address: '10.0.0.5',
    port: 9090
  }
]
[2026-05-16T09:45:25.429Z] error: <httpProxy> Error calling http://10.0.0.5:9090/api/v1/query...
[2026-05-16T09:45:25.429Z] error: <httpProxy> [
  500,
  Error: connect ECONNREFUSED 10.0.0.5:9090
      at <unknown> (Error: connect ECONNREFUSED 10.0.0.5:9090) {
    errno: -111,
    code: 'ECONNREFUSED',
    syscall: 'connect',
    address: '10.0.0.5',
    port: 9090
  }
]
[2026-05-16T09:45:25.429Z] error: <httpProxy> Error calling http://10.0.0.5:9090/api/v1/query...
[2026-05-16T09:45:25.430Z] error: <httpProxy> [
  500,
  Error: connect ECONNREFUSED 10.0.0.5:9090
      at <unknown> (Error: connect ECONNREFUSED 10.0.0.5:9090) {
    errno: -111,
    code: 'ECONNREFUSED',
    syscall: 'connect',
    address: '10.0.0.5',
    port: 9090
  }
]
[2026-05-16T09:45:25.430Z] error: <httpProxy> Error calling http://10.0.0.5:9090/api/v1/query...
[2026-05-16T09:45:25.430Z] error: <httpProxy> [
  500,
  Error: connect ECONNREFUSED 10.0.0.5:9090
      at <unknown> (Error: connect ECONNREFUSED 10.0.0.5:9090) {
    errno: -111,
    code: 'ECONNREFUSED',
    syscall: 'connect',
    address: '10.0.0.5',
    port: 9090
  }
]
[2026-05-16T09:45:25.431Z] error: <httpProxy> Error calling http://10.0.0.5:9090/api/v1/query...
[2026-05-16T09:45:25.431Z] error: <httpProxy> [
  500,
  Error: connect ECONNREFUSED 10.0.0.5:9090
      at <unknown> (Error: connect ECONNREFUSED 10.0.0.5:9090) {
    errno: -111,
    code: 'ECONNREFUSED',
    syscall: 'connect',
    address: '10.0.0.5',
    port: 9090
  }
]
[2026-05-16T09:45:25.432Z] error: <httpProxy> Error calling http://10.0.0.5:9090/api/v1/query...
[2026-05-16T09:45:25.432Z] error: <httpProxy> [
  500,
  Error: connect ECONNREFUSED 10.0.0.5:9090
      at <unknown> (Error: connect ECONNREFUSED 10.0.0.5:9090) {
    errno: -111,
    code: 'ECONNREFUSED',
    syscall: 'connect',
    address: '10.0.0.5',
    port: 9090
  }
]
[2026-05-16T09:45:25.432Z] error: <httpProxy> Error calling http://10.0.0.5:9090/api/v1/query...
[2026-05-16T09:45:25.432Z] error: <httpProxy> [
  500,
  Error: connect ECONNREFUSED 10.0.0.5:9090
      at <unknown> (Error: connect ECONNREFUSED 10.0.0.5:9090) {
    errno: -111,
    code: 'ECONNREFUSED',
    syscall: 'connect',
    address: '10.0.0.5',
    port: 9090
  }
]
[2026-05-16T09:45:25.898Z] error: <httpProxy> Error calling http://10.0.0.5:9090/api/v1/query...
[2026-05-16T09:45:25.898Z] error: <httpProxy> [
  500,
  Error: connect ECONNREFUSED 10.0.0.5:9090
      at <unknown> (Error: connect ECONNREFUSED 10.0.0.5:9090) {
    errno: -111,
    code: 'ECONNREFUSED',
    syscall: 'connect',
    address: '10.0.0.5',
    port: 9090
  }
]
[2026-05-16T09:45:25.904Z] error: <httpProxy> Error calling http://10.0.0.5:9090/api/v1/query...
[2026-05-16T09:45:25.904Z] error: <httpProxy> [
  500,
  Error: connect ECONNREFUSED 10.0.0.5:9090
      at <unknown> (Error: connect ECONNREFUSED 10.0.0.5:9090) {
    errno: -111,
    code: 'ECONNREFUSED',
    syscall: 'connect',
    address: '10.0.0.5',
    port: 9090
  }
]
[2026-05-16T09:45:25.906Z] error: <httpProxy> Error calling http://10.0.0.5:9090/api/v1/query...
[2026-05-16T09:45:25.906Z] error: <httpProxy> [
  500,
  Error: connect ECONNREFUSED 10.0.0.5:9090
      at <unknown> (Error: connect ECONNREFUSED 10.0.0.5:9090) {
    errno: -111,
    code: 'ECONNREFUSED',
    syscall: 'connect',
    address: '10.0.0.5',
    port: 9090
  }
]
[2026-05-16T09:45:25.908Z] error: <httpProxy> Error calling http://10.0.0.5:9090/api/v1/query...
[2026-05-16T09:45:25.908Z] error: <httpProxy> [
  500,
  Error: connect ECONNREFUSED 10.0.0.5:9090
      at <unknown> (Error: connect ECONNREFUSED 10.0.0.5:9090) {
    errno: -111,
    code: 'ECONNREFUSED',
    syscall: 'connect',
    address: '10.0.0.5',
    port: 9090
  }
]
[2026-05-16T09:45:25.910Z] error: <httpProxy> Error calling http://10.0.0.5:9090/api/v1/query...
[2026-05-16T09:45:25.910Z] error: <httpProxy> [
  500,
  Error: connect ECONNREFUSED 10.0.0.5:9090
      at <unknown> (Error: connect ECONNREFUSED 10.0.0.5:9090) {
    errno: -111,
    code: 'ECONNREFUSED',
    syscall: 'connect',
    address: '10.0.0.5',
    port: 9090
  }
]
[2026-05-16T09:45:25.912Z] error: <httpProxy> Error calling http://10.0.0.5:9090/api/v1/query...
[2026-05-16T09:45:25.912Z] error: <httpProxy> [
  500,
  Error: connect ECONNREFUSED 10.0.0.5:9090
      at <unknown> (Error: connect ECONNREFUSED 10.0.0.5:9090) {
    errno: -111,
    code: 'ECONNREFUSED',
    syscall: 'connect',
    address: '10.0.0.5',
    port: 9090
  }
]
[2026-05-16T09:45:25.913Z] error: <httpProxy> Error calling http://10.0.0.5:9090/api/v1/query...
[2026-05-16T09:45:25.913Z] error: <httpProxy> [
  500,
  Error: connect ECONNREFUSED 10.0.0.5:9090
      at <unknown> (Error: connect ECONNREFUSED 10.0.0.5:9090) {
    errno: -111,
    code: 'ECONNREFUSED',
    syscall: 'connect',
    address: '10.0.0.5',
    port: 9090
  }
]
[2026-05-16T09:45:25.914Z] error: <httpProxy> Error calling http://10.0.0.5:9090/api/v1/query...
[2026-05-16T09:45:25.914Z] error: <httpProxy> [
  500,
  Error: connect ECONNREFUSED 10.0.0.5:9090
      at <unknown> (Error: connect ECONNREFUSED 10.0.0.5:9090) {
    errno: -111,
    code: 'ECONNREFUSED',
    syscall: 'connect',
    address: '10.0.0.5',
    port: 9090
  }
]
[2026-05-16T09:45:25.915Z] error: <httpProxy> Error calling http://10.0.0.5:9090/api/v1/query...
[2026-05-16T09:45:25.915Z] error: <httpProxy> [
  500,
  Error: connect ECONNREFUSED 10.0.0.5:9090
      at <unknown> (Error: connect ECONNREFUSED 10.0.0.5:9090) {
    errno: -111,
    code: 'ECONNREFUSED',
    syscall: 'connect',
    address: '10.0.0.5',
    port: 9090
  }
]
[2026-05-16T09:45:25.916Z] error: <httpProxy> Error calling http://10.0.0.5:9090/api/v1/query...
[2026-05-16T09:45:25.916Z] error: <httpProxy> [
  500,
  Error: connect ECONNREFUSED 10.0.0.5:9090
      at <unknown> (Error: connect ECONNREFUSED 10.0.0.5:9090) {
    errno: -111,
    code: 'ECONNREFUSED',
    syscall: 'connect',
    address: '10.0.0.5',
    port: 9090
  }
]
[2026-05-16T09:45:25.917Z] error: <httpProxy> Error calling http://10.0.0.5:9090/api/v1/query...
[2026-05-16T09:45:25.917Z] error: <httpProxy> [
  500,
  Error: connect ECONNREFUSED 10.0.0.5:9090
      at <unknown> (Error: connect ECONNREFUSED 10.0.0.5:9090) {
    errno: -111,
    code: 'ECONNREFUSED',
    syscall: 'connect',
    address: '10.0.0.5',
    port: 9090
  }
]
[2026-05-16T09:45:25.917Z] error: <httpProxy> Error calling http://10.0.0.5:9090/api/v1/query...
[2026-05-16T09:45:25.918Z] error: <httpProxy> [
  500,
  Error: connect ECONNREFUSED 10.0.0.5:9090
      at <unknown> (Error: connect ECONNREFUSED 10.0.0.5:9090) {
    errno: -111,
    code: 'ECONNREFUSED',
    syscall: 'connect',
    address: '10.0.0.5',
    port: 9090
  }
]
[2026-05-16T09:45:25.918Z] error: <httpProxy> Error calling http://10.0.0.5:9090/api/v1/query...
[2026-05-16T09:45:25.918Z] error: <httpProxy> [
  500,
  Error: connect ECONNREFUSED 10.0.0.5:9090
      at <unknown> (Error: connect ECONNREFUSED 10.0.0.5:9090) {
    errno: -111,
    code: 'ECONNREFUSED',
    syscall: 'connect',
    address: '10.0.0.5',
    port: 9090
  }
]
[2026-05-16T09:45:25.919Z] error: <httpProxy> Error calling http://10.0.0.5:9090/api/v1/query...
[2026-05-16T09:45:25.919Z] error: <httpProxy> [
  500,
  Error: connect ECONNREFUSED 10.0.0.5:9090
      at <unknown> (Error: connect ECONNREFUSED 10.0.0.5:9090) {
    errno: -111,
    code: 'ECONNREFUSED',
    syscall: 'connect',
    address: '10.0.0.5',
    port: 9090
  }
]
[2026-05-16T09:45:26.365Z] error: <httpProxy> Error calling http://10.0.0.5:9090/api/v1/query...
[2026-05-16T09:45:26.365Z] error: <httpProxy> [
  500,
  Error: connect ECONNREFUSED 10.0.0.5:9090
      at <unknown> (Error: connect ECONNREFUSED 10.0.0.5:9090) {
    errno: -111,
    code: 'ECONNREFUSED',
    syscall: 'connect',
    address: '10.0.0.5',
    port: 9090
  }
]
[2026-05-16T09:45:26.374Z] error: <httpProxy> Error calling http://10.0.0.5:9090/api/v1/query...
[2026-05-16T09:45:26.374Z] error: <httpProxy> [
  500,
  Error: connect ECONNREFUSED 10.0.0.5:9090
      at <unknown> (Error: connect ECONNREFUSED 10.0.0.5:9090) {
    errno: -111,
    code: 'ECONNREFUSED',
    syscall: 'connect',
    address: '10.0.0.5',
    port: 9090
  }
]
[2026-05-16T09:45:26.376Z] error: <httpProxy> Error calling http://10.0.0.5:9090/api/v1/query...
[2026-05-16T09:45:26.376Z] error: <httpProxy> [
  500,
  Error: connect ECONNREFUSED 10.0.0.5:9090
      at <unknown> (Error: connect ECONNREFUSED 10.0.0.5:9090) {
    errno: -111,
    code: 'ECONNREFUSED',
    syscall: 'connect',
    address: '10.0.0.5',
    port: 9090
  }
]
[2026-05-16T09:45:26.376Z] error: <httpProxy> Error calling http://10.0.0.5:9090/api/v1/query...
[2026-05-16T09:45:26.377Z] error: <httpProxy> [
  500,
  Error: connect ECONNREFUSED 10.0.0.5:9090
      at <unknown> (Error: connect ECONNREFUSED 10.0.0.5:9090) {
    errno: -111,
    code: 'ECONNREFUSED',
    syscall: 'connect',
    address: '10.0.0.5',
    port: 9090
  }
]
[2026-05-16T09:45:26.377Z] error: <httpProxy> Error calling http://10.0.0.5:9090/api/v1/query...
[2026-05-16T09:45:26.377Z] error: <httpProxy> [
  500,
  Error: connect ECONNREFUSED 10.0.0.5:9090
      at <unknown> (Error: connect ECONNREFUSED 10.0.0.5:9090) {
    errno: -111,
    code: 'ECONNREFUSED',
    syscall: 'connect',
    address: '10.0.0.5',
    port: 9090
  }
]
[2026-05-16T09:45:26.377Z] error: <httpProxy> Error calling http://10.0.0.5:9090/api/v1/query...
[2026-05-16T09:45:26.377Z] error: <httpProxy> [
  500,
  Error: connect ECONNREFUSED 10.0.0.5:9090
      at <unknown> (Error: connect ECONNREFUSED 10.0.0.5:9090) {
    errno: -111,
    code: 'ECONNREFUSED',
    syscall: 'connect',
    address: '10.0.0.5',
    port: 9090
  }
]
[2026-05-16T09:45:26.378Z] error: <httpProxy> Error calling http://10.0.0.5:9090/api/v1/query...
[2026-05-16T09:45:26.378Z] error: <httpProxy> [
  500,
  Error: connect ECONNREFUSED 10.0.0.5:9090
      at <unknown> (Error: connect ECONNREFUSED 10.0.0.5:9090) {
    errno: -111,
    code: 'ECONNREFUSED',
    syscall: 'connect',
    address: '10.0.0.5',
    port: 9090
  }
]
[2026-05-16T09:45:26.379Z] error: <httpProxy> Error calling http://10.0.0.5:9090/api/v1/query...
[2026-05-16T09:45:26.380Z] error: <httpProxy> [
  500,
  Error: connect ECONNREFUSED 10.0.0.5:9090
      at <unknown> (Error: connect ECONNREFUSED 10.0.0.5:9090) {
    errno: -111,
    code: 'ECONNREFUSED',
    syscall: 'connect',
    address: '10.0.0.5',
    port: 9090
  }
]
[2026-05-16T09:45:26.380Z] error: <httpProxy> Error calling http://10.0.0.5:9090/api/v1/query...
[2026-05-16T09:45:26.380Z] error: <httpProxy> [
  500,
  Error: connect ECONNREFUSED 10.0.0.5:9090
      at <unknown> (Error: connect ECONNREFUSED 10.0.0.5:9090) {
    errno: -111,
    code: 'ECONNREFUSED',
    syscall: 'connect',
    address: '10.0.0.5',
    port: 9090
  }
]
[2026-05-16T09:45:26.381Z] error: <httpProxy> Error calling http://10.0.0.5:9090/api/v1/query...
[2026-05-16T09:45:26.381Z] error: <httpProxy> [
  500,
  Error: connect ECONNREFUSED 10.0.0.5:9090
      at <unknown> (Error: connect ECONNREFUSED 10.0.0.5:9090) {
    errno: -111,
    code: 'ECONNREFUSED',
    syscall: 'connect',
    address: '10.0.0.5',
    port: 9090
  }
]
[2026-05-16T09:45:26.382Z] error: <httpProxy> Error calling http://10.0.0.5:9090/api/v1/query...
[2026-05-16T09:45:26.382Z] error: <httpProxy> [
  500,
  Error: connect ECONNREFUSED 10.0.0.5:9090
      at <unknown> (Error: connect ECONNREFUSED 10.0.0.5:9090) {
    errno: -111,
    code: 'ECONNREFUSED',
    syscall: 'connect',
    address: '10.0.0.5',
    port: 9090
  }
]
[2026-05-16T09:45:26.383Z] error: <httpProxy> Error calling http://10.0.0.5:9090/api/v1/query...
[2026-05-16T09:45:26.383Z] error: <httpProxy> [
  500,
  Error: connect ECONNREFUSED 10.0.0.5:9090
      at <unknown> (Error: connect ECONNREFUSED 10.0.0.5:9090) {
    errno: -111,
    code: 'ECONNREFUSED',
    syscall: 'connect',
    address: '10.0.0.5',
    port: 9090
  }
]
[2026-05-16T09:45:26.383Z] error: <httpProxy> Error calling http://10.0.0.5:9090/api/v1/query...
[2026-05-16T09:45:26.384Z] error: <httpProxy> [
  500,
  Error: connect ECONNREFUSED 10.0.0.5:9090
      at <unknown> (Error: connect ECONNREFUSED 10.0.0.5:9090) {
    errno: -111,
    code: 'ECONNREFUSED',
    syscall: 'connect',
    address: '10.0.0.5',
    port: 9090
  }
]
[2026-05-16T09:45:26.384Z] error: <httpProxy> Error calling http://10.0.0.5:9090/api/v1/query...
[2026-05-16T09:45:26.384Z] error: <httpProxy> [
  500,
  Error: connect ECONNREFUSED 10.0.0.5:9090
      at <unknown> (Error: connect ECONNREFUSED 10.0.0.5:9090) {
    errno: -111,
    code: 'ECONNREFUSED',
    syscall: 'connect',
    address: '10.0.0.5',
    port: 9090
  }
]
[2026-05-16T09:45:31.933Z] error: <httpProxy> Error calling http://10.0.0.5:9090/api/v1/query...
[2026-05-16T09:45:31.933Z] error: <httpProxy> [
  500,
  Error: connect ECONNREFUSED 10.0.0.5:9090
      at <unknown> (Error: connect ECONNREFUSED 10.0.0.5:9090) {
    errno: -111,
    code: 'ECONNREFUSED',
    syscall: 'connect',
    address: '10.0.0.5',
    port: 9090
  }
]
[2026-05-16T09:45:31.935Z] error: <httpProxy> Error calling http://10.0.0.5:9090/api/v1/query...
[2026-05-16T09:45:31.935Z] error: <httpProxy> [
  500,
  Error: connect ECONNREFUSED 10.0.0.5:9090
      at <unknown> (Error: connect ECONNREFUSED 10.0.0.5:9090) {
    errno: -111,
    code: 'ECONNREFUSED',
    syscall: 'connect',
    address: '10.0.0.5',
    port: 9090
  }
]
[2026-05-16T09:45:31.937Z] error: <httpProxy> Error calling http://10.0.0.5:9090/api/v1/query...
[2026-05-16T09:45:31.937Z] error: <httpProxy> [
  500,
  Error: connect ECONNREFUSED 10.0.0.5:9090
      at <unknown> (Error: connect ECONNREFUSED 10.0.0.5:9090) {
    errno: -111,
    code: 'ECONNREFUSED',
    syscall: 'connect',
    address: '10.0.0.5',
    port: 9090
  }
]
[2026-05-16T09:45:31.939Z] error: <httpProxy> Error calling http://10.0.0.5:9090/api/v1/query...
[2026-05-16T09:45:31.939Z] error: <httpProxy> [
  500,
  Error: connect ECONNREFUSED 10.0.0.5:9090
      at <unknown> (Error: connect ECONNREFUSED 10.0.0.5:9090) {
    errno: -111,
    code: 'ECONNREFUSED',
    syscall: 'connect',
    address: '10.0.0.5',
    port: 9090
  }
]
[2026-05-16T09:45:31.941Z] error: <httpProxy> Error calling http://10.0.0.5:9090/api/v1/query...
[2026-05-16T09:45:31.941Z] error: <httpProxy> [
  500,
  Error: connect ECONNREFUSED 10.0.0.5:9090
      at <unknown> (Error: connect ECONNREFUSED 10.0.0.5:9090) {
    errno: -111,
    code: 'ECONNREFUSED',
    syscall: 'connect',
    address: '10.0.0.5',
    port: 9090
  }
]
[2026-05-16T09:45:31.942Z] error: <httpProxy> Error calling http://10.0.0.5:9090/api/v1/query...
[2026-05-16T09:45:31.942Z] error: <httpProxy> [
  500,
  Error: connect ECONNREFUSED 10.0.0.5:9090
      at <unknown> (Error: connect ECONNREFUSED 10.0.0.5:9090) {
    errno: -111,
    code: 'ECONNREFUSED',
    syscall: 'connect',
    address: '10.0.0.5',
    port: 9090
  }
]
[2026-05-16T09:45:31.943Z] error: <httpProxy> Error calling http://10.0.0.5:9090/api/v1/query...
[2026-05-16T09:45:31.943Z] error: <httpProxy> [
  500,
  Error: connect ECONNREFUSED 10.0.0.5:9090
      at <unknown> (Error: connect ECONNREFUSED 10.0.0.5:9090) {
    errno: -111,
    code: 'ECONNREFUSED',
    syscall: 'connect',
    address: '10.0.0.5',
    port: 9090
  }
]
[2026-05-16T09:45:31.944Z] error: <httpProxy> Error calling http://10.0.0.5:9090/api/v1/query...
[2026-05-16T09:45:31.944Z] error: <httpProxy> [
  500,
  Error: connect ECONNREFUSED 10.0.0.5:9090
      at <unknown> (Error: connect ECONNREFUSED 10.0.0.5:9090) {
    errno: -111,
    code: 'ECONNREFUSED',
    syscall: 'connect',
    address: '10.0.0.5',
    port: 9090
  }
]
[2026-05-16T09:45:31.945Z] error: <httpProxy> Error calling http://10.0.0.5:9090/api/v1/query...
[2026-05-16T09:45:31.945Z] error: <httpProxy> [
  500,
  Error: connect ECONNREFUSED 10.0.0.5:9090
      at <unknown> (Error: connect ECONNREFUSED 10.0.0.5:9090) {
    errno: -111,
    code: 'ECONNREFUSED',
    syscall: 'connect',
    address: '10.0.0.5',
    port: 9090
  }
]
[2026-05-16T09:45:31.946Z] error: <httpProxy> Error calling http://10.0.0.5:9090/api/v1/query...
[2026-05-16T09:45:31.946Z] error: <httpProxy> [
  500,
  Error: connect ECONNREFUSED 10.0.0.5:9090
      at <unknown> (Error: connect ECONNREFUSED 10.0.0.5:9090) {
    errno: -111,
    code: 'ECONNREFUSED',
    syscall: 'connect',
    address: '10.0.0.5',
    port: 9090
  }
]
[2026-05-16T09:45:31.946Z] error: <httpProxy> Error calling http://10.0.0.5:9090/api/v1/query...
[2026-05-16T09:45:31.946Z] error: <httpProxy> [
  500,
  Error: connect ECONNREFUSED 10.0.0.5:9090
      at <unknown> (Error: connect ECONNREFUSED 10.0.0.5:9090) {
    errno: -111,
    code: 'ECONNREFUSED',
    syscall: 'connect',
    address: '10.0.0.5',
    port: 9090
  }
]
[2026-05-16T09:45:31.947Z] error: <httpProxy> Error calling http://10.0.0.5:9090/api/v1/query...
[2026-05-16T09:45:31.947Z] error: <httpProxy> [
  500,
  Error: connect ECONNREFUSED 10.0.0.5:9090
      at <unknown> (Error: connect ECONNREFUSED 10.0.0.5:9090) {
    errno: -111,
    code: 'ECONNREFUSED',
    syscall: 'connect',
    address: '10.0.0.5',
    port: 9090
  }
]
[2026-05-16T09:45:31.948Z] error: <httpProxy> Error calling http://10.0.0.5:9090/api/v1/query...
[2026-05-16T09:45:31.948Z] error: <httpProxy> [
  500,
  Error: connect ECONNREFUSED 10.0.0.5:9090
      at <unknown> (Error: connect ECONNREFUSED 10.0.0.5:9090) {
    errno: -111,
    code: 'ECONNREFUSED',
    syscall: 'connect',
    address: '10.0.0.5',
    port: 9090
  }
]
[2026-05-16T09:45:31.948Z] error: <httpProxy> Error calling http://10.0.0.5:9090/api/v1/query...
[2026-05-16T09:45:31.948Z] error: <httpProxy> [
  500,
  Error: connect ECONNREFUSED 10.0.0.5:9090
      at <unknown> (Error: connect ECONNREFUSED 10.0.0.5:9090) {
    errno: -111,
    code: 'ECONNREFUSED',
    syscall: 'connect',
    address: '10.0.0.5',
    port: 9090
  }
]
[2026-05-16T09:45:41.385Z] error: <httpProxy> Error calling http://10.0.0.5:9090/api/v1/query...
[2026-05-16T09:45:41.385Z] error: <httpProxy> [
  500,
  Error: connect ECONNREFUSED 10.0.0.5:9090
      at <unknown> (Error: connect ECONNREFUSED 10.0.0.5:9090) {
    errno: -111,
    code: 'ECONNREFUSED',
    syscall: 'connect',
    address: '10.0.0.5',
    port: 9090
  }
]
[2026-05-16T09:45:41.387Z] error: <httpProxy> Error calling http://10.0.0.5:9090/api/v1/query...
[2026-05-16T09:45:41.387Z] error: <httpProxy> [
  500,
  Error: connect ECONNREFUSED 10.0.0.5:9090
      at <unknown> (Error: connect ECONNREFUSED 10.0.0.5:9090) {
    errno: -111,
    code: 'ECONNREFUSED',
    syscall: 'connect',
    address: '10.0.0.5',
    port: 9090
  }
]
[2026-05-16T09:45:41.390Z] error: <httpProxy> Error calling http://10.0.0.5:9090/api/v1/query...
[2026-05-16T09:45:41.390Z] error: <httpProxy> [
  500,
  Error: connect ECONNREFUSED 10.0.0.5:9090
      at <unknown> (Error: connect ECONNREFUSED 10.0.0.5:9090) {
    errno: -111,
    code: 'ECONNREFUSED',
    syscall: 'connect',
    address: '10.0.0.5',
    port: 9090
  }
]
[2026-05-16T09:45:41.392Z] error: <httpProxy> Error calling http://10.0.0.5:9090/api/v1/query...
[2026-05-16T09:45:41.392Z] error: <httpProxy> [
  500,
  Error: connect ECONNREFUSED 10.0.0.5:9090
      at <unknown> (Error: connect ECONNREFUSED 10.0.0.5:9090) {
    errno: -111,
    code: 'ECONNREFUSED',
    syscall: 'connect',
    address: '10.0.0.5',
    port: 9090
  }
]
[2026-05-16T09:45:41.394Z] error: <httpProxy> Error calling http://10.0.0.5:9090/api/v1/query...
[2026-05-16T09:45:41.394Z] error: <httpProxy> [
  500,
  Error: connect ECONNREFUSED 10.0.0.5:9090
      at <unknown> (Error: connect ECONNREFUSED 10.0.0.5:9090) {
    errno: -111,
    code: 'ECONNREFUSED',
    syscall: 'connect',
    address: '10.0.0.5',
    port: 9090
  }
]
[2026-05-16T09:45:41.396Z] error: <httpProxy> Error calling http://10.0.0.5:9090/api/v1/query...
[2026-05-16T09:45:41.396Z] error: <httpProxy> [
  500,
  Error: connect ECONNREFUSED 10.0.0.5:9090
      at <unknown> (Error: connect ECONNREFUSED 10.0.0.5:9090) {
    errno: -111,
    code: 'ECONNREFUSED',
    syscall: 'connect',
    address: '10.0.0.5',
    port: 9090
  }
]
[2026-05-16T09:45:41.397Z] error: <httpProxy> Error calling http://10.0.0.5:9090/api/v1/query...
[2026-05-16T09:45:41.397Z] error: <httpProxy> [
  500,
  Error: connect ECONNREFUSED 10.0.0.5:9090
      at <unknown> (Error: connect ECONNREFUSED 10.0.0.5:9090) {
    errno: -111,
    code: 'ECONNREFUSED',
    syscall: 'connect',
    address: '10.0.0.5',
    port: 9090
  }
]
[2026-05-16T09:45:41.398Z] error: <httpProxy> Error calling http://10.0.0.5:9090/api/v1/query...
[2026-05-16T09:45:41.398Z] error: <httpProxy> [
  500,
  Error: connect ECONNREFUSED 10.0.0.5:9090
      at <unknown> (Error: connect ECONNREFUSED 10.0.0.5:9090) {
    errno: -111,
    code: 'ECONNREFUSED',
    syscall: 'connect',
    address: '10.0.0.5',
    port: 9090
  }
]
[2026-05-16T09:45:41.399Z] error: <httpProxy> Error calling http://10.0.0.5:9090/api/v1/query...
[2026-05-16T09:45:41.400Z] error: <httpProxy> [
  500,
  Error: connect ECONNREFUSED 10.0.0.5:9090
      at <unknown> (Error: connect ECONNREFUSED 10.0.0.5:9090) {
    errno: -111,
    code: 'ECONNREFUSED',
    syscall: 'connect',
    address: '10.0.0.5',
    port: 9090
  }
]
[2026-05-16T09:45:41.400Z] error: <httpProxy> Error calling http://10.0.0.5:9090/api/v1/query...
[2026-05-16T09:45:41.400Z] error: <httpProxy> [
  500,
  Error: connect ECONNREFUSED 10.0.0.5:9090
      at <unknown> (Error: connect ECONNREFUSED 10.0.0.5:9090) {
    errno: -111,
    code: 'ECONNREFUSED',
    syscall: 'connect',
    address: '10.0.0.5',
    port: 9090
  }
]
[2026-05-16T09:45:41.402Z] error: <httpProxy> Error calling http://10.0.0.5:9090/api/v1/query...
[2026-05-16T09:45:41.402Z] error: <httpProxy> [
  500,
  Error: connect ECONNREFUSED 10.0.0.5:9090
      at <unknown> (Error: connect ECONNREFUSED 10.0.0.5:9090) {
    errno: -111,
    code: 'ECONNREFUSED',
    syscall: 'connect',
    address: '10.0.0.5',
    port: 9090
  }
]
[2026-05-16T09:45:41.402Z] error: <httpProxy> Error calling http://10.0.0.5:9090/api/v1/query...
[2026-05-16T09:45:41.403Z] error: <httpProxy> [
  500,
  Error: connect ECONNREFUSED 10.0.0.5:9090
      at <unknown> (Error: connect ECONNREFUSED 10.0.0.5:9090) {
    errno: -111,
    code: 'ECONNREFUSED',
    syscall: 'connect',
    address: '10.0.0.5',
    port: 9090
  }
]
[2026-05-16T09:45:41.403Z] error: <httpProxy> Error calling http://10.0.0.5:9090/api/v1/query...
[2026-05-16T09:45:41.403Z] error: <httpProxy> [
  500,
  Error: connect ECONNREFUSED 10.0.0.5:9090
      at <unknown> (Error: connect ECONNREFUSED 10.0.0.5:9090) {
    errno: -111,
    code: 'ECONNREFUSED',
    syscall: 'connect',
    address: '10.0.0.5',
    port: 9090
  }
]
[2026-05-16T09:45:41.404Z] error: <httpProxy> Error calling http://10.0.0.5:9090/api/v1/query...
[2026-05-16T09:45:41.404Z] error: <httpProxy> [
  500,
  Error: connect ECONNREFUSED 10.0.0.5:9090
      at <unknown> (Error: connect ECONNREFUSED 10.0.0.5:9090) {
    errno: -111,
    code: 'ECONNREFUSED',
    syscall: 'connect',
    address: '10.0.0.5',
    port: 9090
  }
]
[2026-05-16T09:45:45.650Z] error: <httpProxy> Error calling http://10.0.0.5:9090/api/v1/query...
[2026-05-16T09:45:45.650Z] error: <httpProxy> [
  500,
  Error: connect ECONNREFUSED 10.0.0.5:9090
      at <unknown> (Error: connect ECONNREFUSED 10.0.0.5:9090) {
    errno: -111,
    code: 'ECONNREFUSED',
    syscall: 'connect',
    address: '10.0.0.5',
    port: 9090
  }
]
[2026-05-16T09:45:45.652Z] error: <httpProxy> Error calling http://10.0.0.5:9090/api/v1/query...
[2026-05-16T09:45:45.653Z] error: <httpProxy> [
  500,
  Error: connect ECONNREFUSED 10.0.0.5:9090
      at <unknown> (Error: connect ECONNREFUSED 10.0.0.5:9090) {
    errno: -111,
    code: 'ECONNREFUSED',
    syscall: 'connect',
    address: '10.0.0.5',
    port: 9090
  }
]
[2026-05-16T09:45:45.654Z] error: <httpProxy> Error calling http://10.0.0.5:9090/api/v1/query...
[2026-05-16T09:45:45.655Z] error: <httpProxy> [
  500,
  Error: connect ECONNREFUSED 10.0.0.5:9090
      at <unknown> (Error: connect ECONNREFUSED 10.0.0.5:9090) {
    errno: -111,
    code: 'ECONNREFUSED',
    syscall: 'connect',
    address: '10.0.0.5',
    port: 9090
  }
]
[2026-05-16T09:45:45.656Z] error: <httpProxy> Error calling http://10.0.0.5:9090/api/v1/query...
[2026-05-16T09:45:45.656Z] error: <httpProxy> [
  500,
  Error: connect ECONNREFUSED 10.0.0.5:9090
      at <unknown> (Error: connect ECONNREFUSED 10.0.0.5:9090) {
    errno: -111,
    code: 'ECONNREFUSED',
    syscall: 'connect',
    address: '10.0.0.5',
    port: 9090
  }
]
[2026-05-16T09:45:45.658Z] error: <httpProxy> Error calling http://10.0.0.5:9090/api/v1/query...
[2026-05-16T09:45:45.658Z] error: <httpProxy> [
  500,
  Error: connect ECONNREFUSED 10.0.0.5:9090
      at <unknown> (Error: connect ECONNREFUSED 10.0.0.5:9090) {
    errno: -111,
    code: 'ECONNREFUSED',
    syscall: 'connect',
    address: '10.0.0.5',
    port: 9090
  }
]
[2026-05-16T09:45:45.660Z] error: <httpProxy> Error calling http://10.0.0.5:9090/api/v1/query...
[2026-05-16T09:45:45.660Z] error: <httpProxy> [
  500,
  Error: connect ECONNREFUSED 10.0.0.5:9090
      at <unknown> (Error: connect ECONNREFUSED 10.0.0.5:9090) {
    errno: -111,
    code: 'ECONNREFUSED',
    syscall: 'connect',
    address: '10.0.0.5',
    port: 9090
  }
]
[2026-05-16T09:45:45.661Z] error: <httpProxy> Error calling http://10.0.0.5:9090/api/v1/query...
[2026-05-16T09:45:45.661Z] error: <httpProxy> [
  500,
  Error: connect ECONNREFUSED 10.0.0.5:9090
      at <unknown> (Error: connect ECONNREFUSED 10.0.0.5:9090) {
    errno: -111,
    code: 'ECONNREFUSED',
    syscall: 'connect',
    address: '10.0.0.5',
    port: 9090
  }
]
[2026-05-16T09:45:45.662Z] error: <httpProxy> Error calling http://10.0.0.5:9090/api/v1/query...
[2026-05-16T09:45:45.662Z] error: <httpProxy> [
  500,
  Error: connect ECONNREFUSED 10.0.0.5:9090
      at <unknown> (Error: connect ECONNREFUSED 10.0.0.5:9090) {
    errno: -111,
    code: 'ECONNREFUSED',
    syscall: 'connect',
    address: '10.0.0.5',
    port: 9090
  }
]
[2026-05-16T09:45:45.663Z] error: <httpProxy> Error calling http://10.0.0.5:9090/api/v1/query...
[2026-05-16T09:45:45.663Z] error: <httpProxy> [
  500,
  Error: connect ECONNREFUSED 10.0.0.5:9090
      at <unknown> (Error: connect ECONNREFUSED 10.0.0.5:9090) {
    errno: -111,
    code: 'ECONNREFUSED',
    syscall: 'connect',
    address: '10.0.0.5',
    port: 9090
  }
]
[2026-05-16T09:45:45.663Z] error: <httpProxy> Error calling http://10.0.0.5:9090/api/v1/query...
[2026-05-16T09:45:45.664Z] error: <httpProxy> [
  500,
  Error: connect ECONNREFUSED 10.0.0.5:9090
      at <unknown> (Error: connect ECONNREFUSED 10.0.0.5:9090) {
    errno: -111,
    code: 'ECONNREFUSED',
    syscall: 'connect',
    address: '10.0.0.5',
    port: 9090
  }
]
[2026-05-16T09:45:45.664Z] error: <httpProxy> Error calling http://10.0.0.5:9090/api/v1/query...
[2026-05-16T09:45:45.664Z] error: <httpProxy> [
  500,
  Error: connect ECONNREFUSED 10.0.0.5:9090
      at <unknown> (Error: connect ECONNREFUSED 10.0.0.5:9090) {
    errno: -111,
    code: 'ECONNREFUSED',
    syscall: 'connect',
    address: '10.0.0.5',
    port: 9090
  }
]
[2026-05-16T09:45:45.665Z] error: <httpProxy> Error calling http://10.0.0.5:9090/api/v1/query...
[2026-05-16T09:45:45.665Z] error: <httpProxy> [
  500,
  Error: connect ECONNREFUSED 10.0.0.5:9090
      at <unknown> (Error: connect ECONNREFUSED 10.0.0.5:9090) {
    errno: -111,
    code: 'ECONNREFUSED',
    syscall: 'connect',
    address: '10.0.0.5',
    port: 9090
  }
]
[2026-05-16T09:45:45.666Z] error: <httpProxy> Error calling http://10.0.0.5:9090/api/v1/query...
[2026-05-16T09:45:45.666Z] error: <httpProxy> [
  500,
  Error: connect ECONNREFUSED 10.0.0.5:9090
      at <unknown> (Error: connect ECONNREFUSED 10.0.0.5:9090) {
    errno: -111,
    code: 'ECONNREFUSED',
    syscall: 'connect',
    address: '10.0.0.5',
    port: 9090
  }
]
[2026-05-16T09:45:45.666Z] error: <httpProxy> Error calling http://10.0.0.5:9090/api/v1/query...
[2026-05-16T09:45:45.666Z] error: <httpProxy> [
  500,
  Error: connect ECONNREFUSED 10.0.0.5:9090
      at <unknown> (Error: connect ECONNREFUSED 10.0.0.5:9090) {
    errno: -111,
    code: 'ECONNREFUSED',
    syscall: 'connect',
    address: '10.0.0.5',
    port: 9090
  }
]
[2026-05-16T09:45:56.399Z] error: <httpProxy> Error calling http://10.0.0.5:9090/api/v1/query...
[2026-05-16T09:45:56.400Z] error: <httpProxy> [
  500,
  Error: connect ECONNREFUSED 10.0.0.5:9090
      at <unknown> (Error: connect ECONNREFUSED 10.0.0.5:9090) {
    errno: -111,
    code: 'ECONNREFUSED',
    syscall: 'connect',
    address: '10.0.0.5',
    port: 9090
  }
]
[2026-05-16T09:45:56.401Z] error: <httpProxy> Error calling http://10.0.0.5:9090/api/v1/query...
[2026-05-16T09:45:56.401Z] error: <httpProxy> [
  500,
  Error: connect ECONNREFUSED 10.0.0.5:9090
      at <unknown> (Error: connect ECONNREFUSED 10.0.0.5:9090) {
    errno: -111,
    code: 'ECONNREFUSED',
    syscall: 'connect',
    address: '10.0.0.5',
    port: 9090
  }
]
[2026-05-16T09:45:56.401Z] error: <httpProxy> Error calling http://10.0.0.5:9090/api/v1/query...
[2026-05-16T09:45:56.401Z] error: <httpProxy> [
  500,
  Error: connect ECONNREFUSED 10.0.0.5:9090
      at <unknown> (Error: connect ECONNREFUSED 10.0.0.5:9090) {
    errno: -111,
    code: 'ECONNREFUSED',
    syscall: 'connect',
    address: '10.0.0.5',
    port: 9090
  }
]
[2026-05-16T09:45:56.415Z] error: <httpProxy> Error calling http://10.0.0.5:9090/api/v1/query...
[2026-05-16T09:45:56.416Z] error: <httpProxy> [
  500,
  Error: connect ECONNREFUSED 10.0.0.5:9090
      at <unknown> (Error: connect ECONNREFUSED 10.0.0.5:9090) {
    errno: -111,
    code: 'ECONNREFUSED',
    syscall: 'connect',
    address: '10.0.0.5',
    port: 9090
  }
]
[2026-05-16T09:45:56.416Z] error: <httpProxy> Error calling http://10.0.0.5:9090/api/v1/query...
[2026-05-16T09:45:56.416Z] error: <httpProxy> [
  500,
  Error: connect ECONNREFUSED 10.0.0.5:9090
      at <unknown> (Error: connect ECONNREFUSED 10.0.0.5:9090) {
    errno: -111,
    code: 'ECONNREFUSED',
    syscall: 'connect',
    address: '10.0.0.5',
    port: 9090
  }
]
[2026-05-16T09:45:56.416Z] error: <httpProxy> Error calling http://10.0.0.5:9090/api/v1/query...
[2026-05-16T09:45:56.416Z] error: <httpProxy> [
  500,
  Error: connect ECONNREFUSED 10.0.0.5:9090
      at <unknown> (Error: connect ECONNREFUSED 10.0.0.5:9090) {
    errno: -111,
    code: 'ECONNREFUSED',
    syscall: 'connect',
    address: '10.0.0.5',
    port: 9090
  }
]
[2026-05-16T09:45:56.418Z] error: <httpProxy> Error calling http://10.0.0.5:9090/api/v1/query...
[2026-05-16T09:45:56.418Z] error: <httpProxy> [
  500,
  Error: connect ECONNREFUSED 10.0.0.5:9090
      at <unknown> (Error: connect ECONNREFUSED 10.0.0.5:9090) {
    errno: -111,
    code: 'ECONNREFUSED',
    syscall: 'connect',
    address: '10.0.0.5',
    port: 9090
  }
]
[2026-05-16T09:45:56.420Z] error: <httpProxy> Error calling http://10.0.0.5:9090/api/v1/query...
[2026-05-16T09:45:56.420Z] error: <httpProxy> [
  500,
  Error: connect ECONNREFUSED 10.0.0.5:9090
      at <unknown> (Error: connect ECONNREFUSED 10.0.0.5:9090) {
    errno: -111,
    code: 'ECONNREFUSED',
    syscall: 'connect',
    address: '10.0.0.5',
    port: 9090
  }
]
[2026-05-16T09:45:56.421Z] error: <httpProxy> Error calling http://10.0.0.5:9090/api/v1/query...
[2026-05-16T09:45:56.421Z] error: <httpProxy> [
  500,
  Error: connect ECONNREFUSED 10.0.0.5:9090
      at <unknown> (Error: connect ECONNREFUSED 10.0.0.5:9090) {
    errno: -111,
    code: 'ECONNREFUSED',
    syscall: 'connect',
    address: '10.0.0.5',
    port: 9090
  }
]
[2026-05-16T09:45:56.421Z] error: <httpProxy> Error calling http://10.0.0.5:9090/api/v1/query...
[2026-05-16T09:45:56.422Z] error: <httpProxy> [
  500,
  Error: connect ECONNREFUSED 10.0.0.5:9090
      at <unknown> (Error: connect ECONNREFUSED 10.0.0.5:9090) {
    errno: -111,
    code: 'ECONNREFUSED',
    syscall: 'connect',
    address: '10.0.0.5',
    port: 9090
  }
]
[2026-05-16T09:45:56.423Z] error: <httpProxy> Error calling http://10.0.0.5:9090/api/v1/query...
[2026-05-16T09:45:56.423Z] error: <httpProxy> [
  500,
  Error: connect ECONNREFUSED 10.0.0.5:9090
      at <unknown> (Error: connect ECONNREFUSED 10.0.0.5:9090) {
    errno: -111,
    code: 'ECONNREFUSED',
    syscall: 'connect',
    address: '10.0.0.5',
    port: 9090
  }
]
[2026-05-16T09:45:56.423Z] error: <httpProxy> Error calling http://10.0.0.5:9090/api/v1/query...
[2026-05-16T09:45:56.424Z] error: <httpProxy> [
  500,
  Error: connect ECONNREFUSED 10.0.0.5:9090
      at <unknown> (Error: connect ECONNREFUSED 10.0.0.5:9090) {
    errno: -111,
    code: 'ECONNREFUSED',
    syscall: 'connect',
    address: '10.0.0.5',
    port: 9090
  }
]
[2026-05-16T09:45:56.424Z] error: <httpProxy> Error calling http://10.0.0.5:9090/api/v1/query...
[2026-05-16T09:45:56.424Z] error: <httpProxy> [
  500,
  Error: connect ECONNREFUSED 10.0.0.5:9090
      at <unknown> (Error: connect ECONNREFUSED 10.0.0.5:9090) {
    errno: -111,
    code: 'ECONNREFUSED',
    syscall: 'connect',
    address: '10.0.0.5',
    port: 9090
  }
]
[2026-05-16T09:45:56.425Z] error: <httpProxy> Error calling http://10.0.0.5:9090/api/v1/query...
[2026-05-16T09:45:56.425Z] error: <httpProxy> [
  500,
  Error: connect ECONNREFUSED 10.0.0.5:9090
      at <unknown> (Error: connect ECONNREFUSED 10.0.0.5:9090) {
    errno: -111,
    code: 'ECONNREFUSED',
    syscall: 'connect',
    address: '10.0.0.5',
    port: 9090
  }
]
[2026-05-16T09:46:11.412Z] error: <httpProxy> Error calling http://10.0.0.5:9090/api/v1/query...
[2026-05-16T09:46:11.412Z] error: <httpProxy> [
  500,
  Error: connect ECONNREFUSED 10.0.0.5:9090
      at <unknown> (Error: connect ECONNREFUSED 10.0.0.5:9090) {
    errno: -111,
    code: 'ECONNREFUSED',
    syscall: 'connect',
    address: '10.0.0.5',
    port: 9090
  }
]
[2026-05-16T09:46:11.413Z] error: <httpProxy> Error calling http://10.0.0.5:9090/api/v1/query...
[2026-05-16T09:46:11.413Z] error: <httpProxy> [
  500,
  Error: connect ECONNREFUSED 10.0.0.5:9090
      at <unknown> (Error: connect ECONNREFUSED 10.0.0.5:9090) {
    errno: -111,
    code: 'ECONNREFUSED',
    syscall: 'connect',
    address: '10.0.0.5',
    port: 9090
  }
]
[2026-05-16T09:46:11.413Z] error: <httpProxy> Error calling http://10.0.0.5:9090/api/v1/query...
[2026-05-16T09:46:11.414Z] error: <httpProxy> [
  500,
  Error: connect ECONNREFUSED 10.0.0.5:9090
      at <unknown> (Error: connect ECONNREFUSED 10.0.0.5:9090) {
    errno: -111,
    code: 'ECONNREFUSED',
    syscall: 'connect',
    address: '10.0.0.5',
    port: 9090
  }
]
[2026-05-16T09:46:11.429Z] error: <httpProxy> Error calling http://10.0.0.5:9090/api/v1/query...
[2026-05-16T09:46:11.429Z] error: <httpProxy> [
  500,
  Error: connect ECONNREFUSED 10.0.0.5:9090
      at <unknown> (Error: connect ECONNREFUSED 10.0.0.5:9090) {
    errno: -111,
    code: 'ECONNREFUSED',
    syscall: 'connect',
    address: '10.0.0.5',
    port: 9090
  }
]
[2026-05-16T09:46:11.443Z] error: <httpProxy> Error calling http://10.0.0.5:9090/api/v1/query...
[2026-05-16T09:46:11.444Z] error: <httpProxy> [
  500,
  Error: connect ECONNREFUSED 10.0.0.5:9090
      at <unknown> (Error: connect ECONNREFUSED 10.0.0.5:9090) {
    errno: -111,
    code: 'ECONNREFUSED',
    syscall: 'connect',
    address: '10.0.0.5',
    port: 9090
  }
]
[2026-05-16T09:46:11.444Z] error: <httpProxy> Error calling http://10.0.0.5:9090/api/v1/query...
[2026-05-16T09:46:11.444Z] error: <httpProxy> [
  500,
  Error: connect ECONNREFUSED 10.0.0.5:9090
      at <unknown> (Error: connect ECONNREFUSED 10.0.0.5:9090) {
    errno: -111,
    code: 'ECONNREFUSED',
    syscall: 'connect',
    address: '10.0.0.5',
    port: 9090
  }
]
[2026-05-16T09:46:11.445Z] error: <httpProxy> Error calling http://10.0.0.5:9090/api/v1/query...
[2026-05-16T09:46:11.445Z] error: <httpProxy> [
  500,
  Error: connect ECONNREFUSED 10.0.0.5:9090
      at <unknown> (Error: connect ECONNREFUSED 10.0.0.5:9090) {
    errno: -111,
    code: 'ECONNREFUSED',
    syscall: 'connect',
    address: '10.0.0.5',
    port: 9090
  }
]
[2026-05-16T09:46:11.445Z] error: <httpProxy> Error calling http://10.0.0.5:9090/api/v1/query...
[2026-05-16T09:46:11.445Z] error: <httpProxy> [
  500,
  Error: connect ECONNREFUSED 10.0.0.5:9090
      at <unknown> (Error: connect ECONNREFUSED 10.0.0.5:9090) {
    errno: -111,
    code: 'ECONNREFUSED',
    syscall: 'connect',
    address: '10.0.0.5',
    port: 9090
  }
]
[2026-05-16T09:46:11.446Z] error: <httpProxy> Error calling http://10.0.0.5:9090/api/v1/query...
[2026-05-16T09:46:11.446Z] error: <httpProxy> [
  500,
  Error: connect ECONNREFUSED 10.0.0.5:9090
      at <unknown> (Error: connect ECONNREFUSED 10.0.0.5:9090) {
    errno: -111,
    code: 'ECONNREFUSED',
    syscall: 'connect',
    address: '10.0.0.5',
    port: 9090
  }
]
[2026-05-16T09:46:11.447Z] error: <httpProxy> Error calling http://10.0.0.5:9090/api/v1/query...
[2026-05-16T09:46:11.447Z] error: <httpProxy> [
  500,
  Error: connect ECONNREFUSED 10.0.0.5:9090
      at <unknown> (Error: connect ECONNREFUSED 10.0.0.5:9090) {
    errno: -111,
    code: 'ECONNREFUSED',
    syscall: 'connect',
    address: '10.0.0.5',
    port: 9090
  }
]
[2026-05-16T09:46:11.448Z] error: <httpProxy> Error calling http://10.0.0.5:9090/api/v1/query...
[2026-05-16T09:46:11.448Z] error: <httpProxy> [
  500,
  Error: connect ECONNREFUSED 10.0.0.5:9090
      at <unknown> (Error: connect ECONNREFUSED 10.0.0.5:9090) {
    errno: -111,
    code: 'ECONNREFUSED',
    syscall: 'connect',
    address: '10.0.0.5',
    port: 9090
  }
]
[2026-05-16T09:46:11.448Z] error: <httpProxy> Error calling http://10.0.0.5:9090/api/v1/query...
[2026-05-16T09:46:11.449Z] error: <httpProxy> [
  500,
  Error: connect ECONNREFUSED 10.0.0.5:9090
      at <unknown> (Error: connect ECONNREFUSED 10.0.0.5:9090) {
    errno: -111,
    code: 'ECONNREFUSED',
    syscall: 'connect',
    address: '10.0.0.5',
    port: 9090
  }
]
[2026-05-16T09:46:11.449Z] error: <httpProxy> Error calling http://10.0.0.5:9090/api/v1/query...
[2026-05-16T09:46:11.449Z] error: <httpProxy> [
  500,
  Error: connect ECONNREFUSED 10.0.0.5:9090
      at <unknown> (Error: connect ECONNREFUSED 10.0.0.5:9090) {
    errno: -111,
    code: 'ECONNREFUSED',
    syscall: 'connect',
    address: '10.0.0.5',
    port: 9090
  }
]
[2026-05-16T09:46:11.449Z] error: <httpProxy> Error calling http://10.0.0.5:9090/api/v1/query...
[2026-05-16T09:46:11.450Z] error: <httpProxy> [
  500,
  Error: connect ECONNREFUSED 10.0.0.5:9090
      at <unknown> (Error: connect ECONNREFUSED 10.0.0.5:9090) {
    errno: -111,
    code: 'ECONNREFUSED',
    syscall: 'connect',
    address: '10.0.0.5',
    port: 9090
  }
]
[2026-05-16T09:46:26.434Z] error: <httpProxy> Error calling http://10.0.0.5:9090/api/v1/query...
[2026-05-16T09:46:26.435Z] error: <httpProxy> [
  500,
  Error: connect ECONNREFUSED 10.0.0.5:9090
      at <unknown> (Error: connect ECONNREFUSED 10.0.0.5:9090) {
    errno: -111,
    code: 'ECONNREFUSED',
    syscall: 'connect',
    address: '10.0.0.5',
    port: 9090
  }
]
[2026-05-16T09:46:26.436Z] error: <httpProxy> Error calling http://10.0.0.5:9090/api/v1/query...
[2026-05-16T09:46:26.437Z] error: <httpProxy> [
  500,
  Error: connect ECONNREFUSED 10.0.0.5:9090
      at <unknown> (Error: connect ECONNREFUSED 10.0.0.5:9090) {
    errno: -111,
    code: 'ECONNREFUSED',
    syscall: 'connect',
    address: '10.0.0.5',
    port: 9090
  }
]
[2026-05-16T09:46:26.437Z] error: <httpProxy> Error calling http://10.0.0.5:9090/api/v1/query...
[2026-05-16T09:46:26.437Z] error: <httpProxy> [
  500,
  Error: connect ECONNREFUSED 10.0.0.5:9090
      at <unknown> (Error: connect ECONNREFUSED 10.0.0.5:9090) {
    errno: -111,
    code: 'ECONNREFUSED',
    syscall: 'connect',
    address: '10.0.0.5',
    port: 9090
  }
]
[2026-05-16T09:46:26.440Z] error: <httpProxy> Error calling http://10.0.0.5:9090/api/v1/query...
[2026-05-16T09:46:26.440Z] error: <httpProxy> [
  500,
  Error: connect ECONNREFUSED 10.0.0.5:9090
      at <unknown> (Error: connect ECONNREFUSED 10.0.0.5:9090) {
    errno: -111,
    code: 'ECONNREFUSED',
    syscall: 'connect',
    address: '10.0.0.5',
    port: 9090
  }
]
[2026-05-16T09:46:26.473Z] error: <httpProxy> Error calling http://10.0.0.5:9090/api/v1/query...
[2026-05-16T09:46:26.473Z] error: <httpProxy> [
  500,
  Error: connect ECONNREFUSED 10.0.0.5:9090
      at <unknown> (Error: connect ECONNREFUSED 10.0.0.5:9090) {
    errno: -111,
    code: 'ECONNREFUSED',
    syscall: 'connect',
    address: '10.0.0.5',
    port: 9090
  }
]
[2026-05-16T09:46:26.477Z] error: <httpProxy> Error calling http://10.0.0.5:9090/api/v1/query...
[2026-05-16T09:46:26.477Z] error: <httpProxy> [
  500,
  Error: connect ECONNREFUSED 10.0.0.5:9090
      at <unknown> (Error: connect ECONNREFUSED 10.0.0.5:9090) {
    errno: -111,
    code: 'ECONNREFUSED',
    syscall: 'connect',
    address: '10.0.0.5',
    port: 9090
  }
]
[2026-05-16T09:46:26.478Z] error: <httpProxy> Error calling http://10.0.0.5:9090/api/v1/query...
[2026-05-16T09:46:26.479Z] error: <httpProxy> [
  500,
  Error: connect ECONNREFUSED 10.0.0.5:9090
      at <unknown> (Error: connect ECONNREFUSED 10.0.0.5:9090) {
    errno: -111,
    code: 'ECONNREFUSED',
    syscall: 'connect',
    address: '10.0.0.5',
    port: 9090
  }
]
[2026-05-16T09:46:26.479Z] error: <httpProxy> Error calling http://10.0.0.5:9090/api/v1/query...
[2026-05-16T09:46:26.480Z] error: <httpProxy> [
  500,
  Error: connect ECONNREFUSED 10.0.0.5:9090
      at <unknown> (Error: connect ECONNREFUSED 10.0.0.5:9090) {
    errno: -111,
    code: 'ECONNREFUSED',
    syscall: 'connect',
    address: '10.0.0.5',
    port: 9090
  }
]
[2026-05-16T09:46:26.482Z] error: <httpProxy> Error calling http://10.0.0.5:9090/api/v1/query...
[2026-05-16T09:46:26.482Z] error: <httpProxy> [
  500,
  Error: connect ECONNREFUSED 10.0.0.5:9090
      at <unknown> (Error: connect ECONNREFUSED 10.0.0.5:9090) {
    errno: -111,
    code: 'ECONNREFUSED',
    syscall: 'connect',
    address: '10.0.0.5',
    port: 9090
  }
]
[2026-05-16T09:46:26.482Z] error: <httpProxy> Error calling http://10.0.0.5:9090/api/v1/query...
[2026-05-16T09:46:26.482Z] error: <httpProxy> [
  500,
  Error: connect ECONNREFUSED 10.0.0.5:9090
      at <unknown> (Error: connect ECONNREFUSED 10.0.0.5:9090) {
    errno: -111,
    code: 'ECONNREFUSED',
    syscall: 'connect',
    address: '10.0.0.5',
    port: 9090
  }
]
[2026-05-16T09:46:26.484Z] error: <httpProxy> Error calling http://10.0.0.5:9090/api/v1/query...
[2026-05-16T09:46:26.484Z] error: <httpProxy> [
  500,
  Error: connect ECONNREFUSED 10.0.0.5:9090
      at <unknown> (Error: connect ECONNREFUSED 10.0.0.5:9090) {
    errno: -111,
    code: 'ECONNREFUSED',
    syscall: 'connect',
    address: '10.0.0.5',
    port: 9090
  }
]
[2026-05-16T09:46:26.485Z] error: <httpProxy> Error calling http://10.0.0.5:9090/api/v1/query...
[2026-05-16T09:46:26.485Z] error: <httpProxy> [
  500,
  Error: connect ECONNREFUSED 10.0.0.5:9090
      at <unknown> (Error: connect ECONNREFUSED 10.0.0.5:9090) {
    errno: -111,
    code: 'ECONNREFUSED',
    syscall: 'connect',
    address: '10.0.0.5',
    port: 9090
  }
]
[2026-05-16T09:46:26.485Z] error: <httpProxy> Error calling http://10.0.0.5:9090/api/v1/query...
[2026-05-16T09:46:26.486Z] error: <httpProxy> [
  500,
  Error: connect ECONNREFUSED 10.0.0.5:9090
      at <unknown> (Error: connect ECONNREFUSED 10.0.0.5:9090) {
    errno: -111,
    code: 'ECONNREFUSED',
    syscall: 'connect',
    address: '10.0.0.5',
    port: 9090
  }
]
[2026-05-16T09:46:26.486Z] error: <httpProxy> Error calling http://10.0.0.5:9090/api/v1/query...
[2026-05-16T09:46:26.486Z] error: <httpProxy> [
  500,
  Error: connect ECONNREFUSED 10.0.0.5:9090
      at <unknown> (Error: connect ECONNREFUSED 10.0.0.5:9090) {
    errno: -111,
    code: 'ECONNREFUSED',
    syscall: 'connect',
    address: '10.0.0.5',
    port: 9090
  }
]
[2026-05-16T09:46:41.449Z] error: <httpProxy> Error calling http://10.0.0.5:9090/api/v1/query...
[2026-05-16T09:46:41.449Z] error: <httpProxy> [
  500,
  Error: connect ECONNREFUSED 10.0.0.5:9090
      at <unknown> (Error: connect ECONNREFUSED 10.0.0.5:9090) {
    errno: -111,
    code: 'ECONNREFUSED',
    syscall: 'connect',
    address: '10.0.0.5',
    port: 9090
  }
]
[2026-05-16T09:46:41.449Z] error: <httpProxy> Error calling http://10.0.0.5:9090/api/v1/query...
[2026-05-16T09:46:41.450Z] error: <httpProxy> [
  500,
  Error: connect ECONNREFUSED 10.0.0.5:9090
      at <unknown> (Error: connect ECONNREFUSED 10.0.0.5:9090) {
    errno: -111,
    code: 'ECONNREFUSED',
    syscall: 'connect',
    address: '10.0.0.5',
    port: 9090
  }
]
[2026-05-16T09:46:41.450Z] error: <httpProxy> Error calling http://10.0.0.5:9090/api/v1/query...
[2026-05-16T09:46:41.450Z] error: <httpProxy> [
  500,
  Error: connect ECONNREFUSED 10.0.0.5:9090
      at <unknown> (Error: connect ECONNREFUSED 10.0.0.5:9090) {
    errno: -111,
    code: 'ECONNREFUSED',
    syscall: 'connect',
    address: '10.0.0.5',
    port: 9090
  }
]
[2026-05-16T09:46:41.453Z] error: <httpProxy> Error calling http://10.0.0.5:9090/api/v1/query...
[2026-05-16T09:46:41.453Z] error: <httpProxy> [
  500,
  Error: connect ECONNREFUSED 10.0.0.5:9090
      at <unknown> (Error: connect ECONNREFUSED 10.0.0.5:9090) {
    errno: -111,
    code: 'ECONNREFUSED',
    syscall: 'connect',
    address: '10.0.0.5',
    port: 9090
  }
]
[2026-05-16T09:46:41.486Z] error: <httpProxy> Error calling http://10.0.0.5:9090/api/v1/query...
[2026-05-16T09:46:41.486Z] error: <httpProxy> [
  500,
  Error: connect ECONNREFUSED 10.0.0.5:9090
      at <unknown> (Error: connect ECONNREFUSED 10.0.0.5:9090) {
    errno: -111,
    code: 'ECONNREFUSED',
    syscall: 'connect',
    address: '10.0.0.5',
    port: 9090
  }
]
[2026-05-16T09:46:41.486Z] error: <httpProxy> Error calling http://10.0.0.5:9090/api/v1/query...
[2026-05-16T09:46:41.487Z] error: <httpProxy> [
  500,
  Error: connect ECONNREFUSED 10.0.0.5:9090
      at <unknown> (Error: connect ECONNREFUSED 10.0.0.5:9090) {
    errno: -111,
    code: 'ECONNREFUSED',
    syscall: 'connect',
    address: '10.0.0.5',
    port: 9090
  }
]
[2026-05-16T09:46:41.499Z] error: <httpProxy> Error calling http://10.0.0.5:9090/api/v1/query...
[2026-05-16T09:46:41.499Z] error: <httpProxy> [
  500,
  Error: connect ECONNREFUSED 10.0.0.5:9090
      at <unknown> (Error: connect ECONNREFUSED 10.0.0.5:9090) {
    errno: -111,
    code: 'ECONNREFUSED',
    syscall: 'connect',
    address: '10.0.0.5',
    port: 9090
  }
]
[2026-05-16T09:46:41.499Z] error: <httpProxy> Error calling http://10.0.0.5:9090/api/v1/query...
[2026-05-16T09:46:41.500Z] error: <httpProxy> [
  500,
  Error: connect ECONNREFUSED 10.0.0.5:9090
      at <unknown> (Error: connect ECONNREFUSED 10.0.0.5:9090) {
    errno: -111,
    code: 'ECONNREFUSED',
    syscall: 'connect',
    address: '10.0.0.5',
    port: 9090
  }
]
[2026-05-16T09:46:41.500Z] error: <httpProxy> Error calling http://10.0.0.5:9090/api/v1/query...
[2026-05-16T09:46:41.500Z] error: <httpProxy> [
  500,
  Error: connect ECONNREFUSED 10.0.0.5:9090
      at <unknown> (Error: connect ECONNREFUSED 10.0.0.5:9090) {
    errno: -111,
    code: 'ECONNREFUSED',
    syscall: 'connect',
    address: '10.0.0.5',
    port: 9090
  }
]
[2026-05-16T09:46:41.501Z] error: <httpProxy> Error calling http://10.0.0.5:9090/api/v1/query...
[2026-05-16T09:46:41.501Z] error: <httpProxy> [
  500,
  Error: connect ECONNREFUSED 10.0.0.5:9090
      at <unknown> (Error: connect ECONNREFUSED 10.0.0.5:9090) {
    errno: -111,
    code: 'ECONNREFUSED',
    syscall: 'connect',
    address: '10.0.0.5',
    port: 9090
  }
]
[2026-05-16T09:46:41.501Z] error: <httpProxy> Error calling http://10.0.0.5:9090/api/v1/query...
[2026-05-16T09:46:41.501Z] error: <httpProxy> [
  500,
  Error: connect ECONNREFUSED 10.0.0.5:9090
      at <unknown> (Error: connect ECONNREFUSED 10.0.0.5:9090) {
    errno: -111,
    code: 'ECONNREFUSED',
    syscall: 'connect',
    address: '10.0.0.5',
    port: 9090
  }
]
[2026-05-16T09:46:41.502Z] error: <httpProxy> Error calling http://10.0.0.5:9090/api/v1/query...
[2026-05-16T09:46:41.502Z] error: <httpProxy> [
  500,
  Error: connect ECONNREFUSED 10.0.0.5:9090
      at <unknown> (Error: connect ECONNREFUSED 10.0.0.5:9090) {
    errno: -111,
    code: 'ECONNREFUSED',
    syscall: 'connect',
    address: '10.0.0.5',
    port: 9090
  }
]
[2026-05-16T09:46:41.502Z] error: <httpProxy> Error calling http://10.0.0.5:9090/api/v1/query...
[2026-05-16T09:46:41.503Z] error: <httpProxy> [
  500,
  Error: connect ECONNREFUSED 10.0.0.5:9090
      at <unknown> (Error: connect ECONNREFUSED 10.0.0.5:9090) {
    errno: -111,
    code: 'ECONNREFUSED',
    syscall: 'connect',
    address: '10.0.0.5',
    port: 9090
  }
]
[2026-05-16T09:46:41.503Z] error: <httpProxy> Error calling http://10.0.0.5:9090/api/v1/query...
[2026-05-16T09:46:41.503Z] error: <httpProxy> [
  500,
  Error: connect ECONNREFUSED 10.0.0.5:9090
      at <unknown> (Error: connect ECONNREFUSED 10.0.0.5:9090) {
    errno: -111,
    code: 'ECONNREFUSED',
    syscall: 'connect',
    address: '10.0.0.5',
    port: 9090
  }
]
[2026-05-16T09:46:56.469Z] error: <httpProxy> Error calling http://10.0.0.5:9090/api/v1/query...
[2026-05-16T09:46:56.469Z] error: <httpProxy> [
  500,
  Error: connect ECONNREFUSED 10.0.0.5:9090
      at <unknown> (Error: connect ECONNREFUSED 10.0.0.5:9090) {
    errno: -111,
    code: 'ECONNREFUSED',
    syscall: 'connect',
    address: '10.0.0.5',
    port: 9090
  }
]
[2026-05-16T09:46:56.470Z] error: <httpProxy> Error calling http://10.0.0.5:9090/api/v1/query...
[2026-05-16T09:46:56.470Z] error: <httpProxy> [
  500,
  Error: connect ECONNREFUSED 10.0.0.5:9090
      at <unknown> (Error: connect ECONNREFUSED 10.0.0.5:9090) {
    errno: -111,
    code: 'ECONNREFUSED',
    syscall: 'connect',
    address: '10.0.0.5',
    port: 9090
  }
]
[2026-05-16T09:46:56.470Z] error: <httpProxy> Error calling http://10.0.0.5:9090/api/v1/query...
[2026-05-16T09:46:56.470Z] error: <httpProxy> [
  500,
  Error: connect ECONNREFUSED 10.0.0.5:9090
      at <unknown> (Error: connect ECONNREFUSED 10.0.0.5:9090) {
    errno: -111,
    code: 'ECONNREFUSED',
    syscall: 'connect',
    address: '10.0.0.5',
    port: 9090
  }
]
[2026-05-16T09:46:56.471Z] error: <httpProxy> Error calling http://10.0.0.5:9090/api/v1/query...
[2026-05-16T09:46:56.471Z] error: <httpProxy> [
  500,
  Error: connect ECONNREFUSED 10.0.0.5:9090
      at <unknown> (Error: connect ECONNREFUSED 10.0.0.5:9090) {
    errno: -111,
    code: 'ECONNREFUSED',
    syscall: 'connect',
    address: '10.0.0.5',
    port: 9090
  }
]
[2026-05-16T09:46:56.497Z] error: <httpProxy> Error calling http://10.0.0.5:9090/api/v1/query...
[2026-05-16T09:46:56.498Z] error: <httpProxy> [
  500,
  Error: connect ECONNREFUSED 10.0.0.5:9090
      at <unknown> (Error: connect ECONNREFUSED 10.0.0.5:9090) {
    errno: -111,
    code: 'ECONNREFUSED',
    syscall: 'connect',
    address: '10.0.0.5',
    port: 9090
  }
]
[2026-05-16T09:46:56.498Z] error: <httpProxy> Error calling http://10.0.0.5:9090/api/v1/query...
[2026-05-16T09:46:56.498Z] error: <httpProxy> [
  500,
  Error: connect ECONNREFUSED 10.0.0.5:9090
      at <unknown> (Error: connect ECONNREFUSED 10.0.0.5:9090) {
    errno: -111,
    code: 'ECONNREFUSED',
    syscall: 'connect',
    address: '10.0.0.5',
    port: 9090
  }
]
[2026-05-16T09:46:56.519Z] error: <httpProxy> Error calling http://10.0.0.5:9090/api/v1/query...
[2026-05-16T09:46:56.519Z] error: <httpProxy> [
  500,
  Error: connect ECONNREFUSED 10.0.0.5:9090
      at <unknown> (Error: connect ECONNREFUSED 10.0.0.5:9090) {
    errno: -111,
    code: 'ECONNREFUSED',
    syscall: 'connect',
    address: '10.0.0.5',
    port: 9090
  }
]
[2026-05-16T09:46:56.520Z] error: <httpProxy> Error calling http://10.0.0.5:9090/api/v1/query...
[2026-05-16T09:46:56.521Z] error: <httpProxy> [
  500,
  Error: connect ECONNREFUSED 10.0.0.5:9090
      at <unknown> (Error: connect ECONNREFUSED 10.0.0.5:9090) {
    errno: -111,
    code: 'ECONNREFUSED',
    syscall: 'connect',
    address: '10.0.0.5',
    port: 9090
  }
]
[2026-05-16T09:46:56.522Z] error: <httpProxy> Error calling http://10.0.0.5:9090/api/v1/query...
[2026-05-16T09:46:56.522Z] error: <httpProxy> [
  500,
  Error: connect ECONNREFUSED 10.0.0.5:9090
      at <unknown> (Error: connect ECONNREFUSED 10.0.0.5:9090) {
    errno: -111,
    code: 'ECONNREFUSED',
    syscall: 'connect',
    address: '10.0.0.5',
    port: 9090
  }
]
[2026-05-16T09:46:56.523Z] error: <httpProxy> Error calling http://10.0.0.5:9090/api/v1/query...
[2026-05-16T09:46:56.523Z] error: <httpProxy> [
  500,
  Error: connect ECONNREFUSED 10.0.0.5:9090
      at <unknown> (Error: connect ECONNREFUSED 10.0.0.5:9090) {
    errno: -111,
    code: 'ECONNREFUSED',
    syscall: 'connect',
    address: '10.0.0.5',
    port: 9090
  }
]
[2026-05-16T09:46:56.524Z] error: <httpProxy> Error calling http://10.0.0.5:9090/api/v1/query...
[2026-05-16T09:46:56.524Z] error: <httpProxy> [
  500,
  Error: connect ECONNREFUSED 10.0.0.5:9090
      at <unknown> (Error: connect ECONNREFUSED 10.0.0.5:9090) {
    errno: -111,
    code: 'ECONNREFUSED',
    syscall: 'connect',
    address: '10.0.0.5',
    port: 9090
  }
]
[2026-05-16T09:46:56.524Z] error: <httpProxy> Error calling http://10.0.0.5:9090/api/v1/query...
[2026-05-16T09:46:56.524Z] error: <httpProxy> [
  500,
  Error: connect ECONNREFUSED 10.0.0.5:9090
      at <unknown> (Error: connect ECONNREFUSED 10.0.0.5:9090) {
    errno: -111,
    code: 'ECONNREFUSED',
    syscall: 'connect',
    address: '10.0.0.5',
    port: 9090
  }
]
[2026-05-16T09:46:56.525Z] error: <httpProxy> Error calling http://10.0.0.5:9090/api/v1/query...
[2026-05-16T09:46:56.525Z] error: <httpProxy> [
  500,
  Error: connect ECONNREFUSED 10.0.0.5:9090
      at <unknown> (Error: connect ECONNREFUSED 10.0.0.5:9090) {
    errno: -111,
    code: 'ECONNREFUSED',
    syscall: 'connect',
    address: '10.0.0.5',
    port: 9090
  }
]
[2026-05-16T09:46:56.525Z] error: <httpProxy> Error calling http://10.0.0.5:9090/api/v1/query...
[2026-05-16T09:46:56.526Z] error: <httpProxy> [
  500,
  Error: connect ECONNREFUSED 10.0.0.5:9090
      at <unknown> (Error: connect ECONNREFUSED 10.0.0.5:9090) {
    errno: -111,
    code: 'ECONNREFUSED',
    syscall: 'connect',
    address: '10.0.0.5',
    port: 9090
  }
]
[2026-05-16T09:47:11.489Z] error: <httpProxy> Error calling http://10.0.0.5:9090/api/v1/query...
[2026-05-16T09:47:11.490Z] error: <httpProxy> [
  500,
  Error: connect ECONNREFUSED 10.0.0.5:9090
      at <unknown> (Error: connect ECONNREFUSED 10.0.0.5:9090) {
    errno: -111,
    code: 'ECONNREFUSED',
    syscall: 'connect',
    address: '10.0.0.5',
    port: 9090
  }
]
[2026-05-16T09:47:11.490Z] error: <httpProxy> Error calling http://10.0.0.5:9090/api/v1/query...
[2026-05-16T09:47:11.490Z] error: <httpProxy> [
  500,
  Error: connect ECONNREFUSED 10.0.0.5:9090
      at <unknown> (Error: connect ECONNREFUSED 10.0.0.5:9090) {
    errno: -111,
    code: 'ECONNREFUSED',
    syscall: 'connect',
    address: '10.0.0.5',
    port: 9090
  }
]
[2026-05-16T09:47:11.491Z] error: <httpProxy> Error calling http://10.0.0.5:9090/api/v1/query...
[2026-05-16T09:47:11.491Z] error: <httpProxy> [
  500,
  Error: connect ECONNREFUSED 10.0.0.5:9090
      at <unknown> (Error: connect ECONNREFUSED 10.0.0.5:9090) {
    errno: -111,
    code: 'ECONNREFUSED',
    syscall: 'connect',
    address: '10.0.0.5',
    port: 9090
  }
]
[2026-05-16T09:47:11.491Z] error: <httpProxy> Error calling http://10.0.0.5:9090/api/v1/query...
[2026-05-16T09:47:11.491Z] error: <httpProxy> [
  500,
  Error: connect ECONNREFUSED 10.0.0.5:9090
      at <unknown> (Error: connect ECONNREFUSED 10.0.0.5:9090) {
    errno: -111,
    code: 'ECONNREFUSED',
    syscall: 'connect',
    address: '10.0.0.5',
    port: 9090
  }
]
[2026-05-16T09:47:11.512Z] error: <httpProxy> Error calling http://10.0.0.5:9090/api/v1/query...
[2026-05-16T09:47:11.513Z] error: <httpProxy> [
  500,
  Error: connect ECONNREFUSED 10.0.0.5:9090
      at <unknown> (Error: connect ECONNREFUSED 10.0.0.5:9090) {
    errno: -111,
    code: 'ECONNREFUSED',
    syscall: 'connect',
    address: '10.0.0.5',
    port: 9090
  }
]
[2026-05-16T09:47:11.513Z] error: <httpProxy> Error calling http://10.0.0.5:9090/api/v1/query...
[2026-05-16T09:47:11.513Z] error: <httpProxy> [
  500,
  Error: connect ECONNREFUSED 10.0.0.5:9090
      at <unknown> (Error: connect ECONNREFUSED 10.0.0.5:9090) {
    errno: -111,
    code: 'ECONNREFUSED',
    syscall: 'connect',
    address: '10.0.0.5',
    port: 9090
  }
]
[2026-05-16T09:47:11.540Z] error: <httpProxy> Error calling http://10.0.0.5:9090/api/v1/query...
[2026-05-16T09:47:11.540Z] error: <httpProxy> [
  500,
  Error: connect ECONNREFUSED 10.0.0.5:9090
      at <unknown> (Error: connect ECONNREFUSED 10.0.0.5:9090) {
    errno: -111,
    code: 'ECONNREFUSED',
    syscall: 'connect',
    address: '10.0.0.5',
    port: 9090
  }
]
[2026-05-16T09:47:11.541Z] error: <httpProxy> Error calling http://10.0.0.5:9090/api/v1/query...
[2026-05-16T09:47:11.541Z] error: <httpProxy> [
  500,
  Error: connect ECONNREFUSED 10.0.0.5:9090
      at <unknown> (Error: connect ECONNREFUSED 10.0.0.5:9090) {
    errno: -111,
    code: 'ECONNREFUSED',
    syscall: 'connect',
    address: '10.0.0.5',
    port: 9090
  }
]
[2026-05-16T09:47:11.542Z] error: <httpProxy> Error calling http://10.0.0.5:9090/api/v1/query...
[2026-05-16T09:47:11.542Z] error: <httpProxy> [
  500,
  Error: connect ECONNREFUSED 10.0.0.5:9090
      at <unknown> (Error: connect ECONNREFUSED 10.0.0.5:9090) {
    errno: -111,
    code: 'ECONNREFUSED',
    syscall: 'connect',
    address: '10.0.0.5',
    port: 9090
  }
]
[2026-05-16T09:47:11.542Z] error: <httpProxy> Error calling http://10.0.0.5:9090/api/v1/query...
[2026-05-16T09:47:11.543Z] error: <httpProxy> [
  500,
  Error: connect ECONNREFUSED 10.0.0.5:9090
      at <unknown> (Error: connect ECONNREFUSED 10.0.0.5:9090) {
    errno: -111,
    code: 'ECONNREFUSED',
    syscall: 'connect',
    address: '10.0.0.5',
    port: 9090
  }
]
[2026-05-16T09:47:11.543Z] error: <httpProxy> Error calling http://10.0.0.5:9090/api/v1/query...
[2026-05-16T09:47:11.543Z] error: <httpProxy> [
  500,
  Error: connect ECONNREFUSED 10.0.0.5:9090
      at <unknown> (Error: connect ECONNREFUSED 10.0.0.5:9090) {
    errno: -111,
    code: 'ECONNREFUSED',
    syscall: 'connect',
    address: '10.0.0.5',
    port: 9090
  }
]
[2026-05-16T09:47:11.544Z] error: <httpProxy> Error calling http://10.0.0.5:9090/api/v1/query...
[2026-05-16T09:47:11.544Z] error: <httpProxy> [
  500,
  Error: connect ECONNREFUSED 10.0.0.5:9090
      at <unknown> (Error: connect ECONNREFUSED 10.0.0.5:9090) {
    errno: -111,
    code: 'ECONNREFUSED',
    syscall: 'connect',
    address: '10.0.0.5',
    port: 9090
  }
]
[2026-05-16T09:47:11.545Z] error: <httpProxy> Error calling http://10.0.0.5:9090/api/v1/query...
[2026-05-16T09:47:11.545Z] error: <httpProxy> [
  500,
  Error: connect ECONNREFUSED 10.0.0.5:9090
      at <unknown> (Error: connect ECONNREFUSED 10.0.0.5:9090) {
    errno: -111,
    code: 'ECONNREFUSED',
    syscall: 'connect',
    address: '10.0.0.5',
    port: 9090
  }
]
[2026-05-16T09:47:11.545Z] error: <httpProxy> Error calling http://10.0.0.5:9090/api/v1/query...
[2026-05-16T09:47:11.545Z] error: <httpProxy> [
  500,
  Error: connect ECONNREFUSED 10.0.0.5:9090
      at <unknown> (Error: connect ECONNREFUSED 10.0.0.5:9090) {
    errno: -111,
    code: 'ECONNREFUSED',
    syscall: 'connect',
    address: '10.0.0.5',
    port: 9090
  }
]
[2026-05-16T09:47:26.507Z] error: <httpProxy> Error calling http://10.0.0.5:9090/api/v1/query...
[2026-05-16T09:47:26.507Z] error: <httpProxy> [
  500,
  Error: connect ECONNREFUSED 10.0.0.5:9090
      at <unknown> (Error: connect ECONNREFUSED 10.0.0.5:9090) {
    errno: -111,
    code: 'ECONNREFUSED',
    syscall: 'connect',
    address: '10.0.0.5',
    port: 9090
  }
]
[2026-05-16T09:47:26.507Z] error: <httpProxy> Error calling http://10.0.0.5:9090/api/v1/query...
[2026-05-16T09:47:26.507Z] error: <httpProxy> [
  500,
  Error: connect ECONNREFUSED 10.0.0.5:9090
      at <unknown> (Error: connect ECONNREFUSED 10.0.0.5:9090) {
    errno: -111,
    code: 'ECONNREFUSED',
    syscall: 'connect',
    address: '10.0.0.5',
    port: 9090
  }
]
[2026-05-16T09:47:26.508Z] error: <httpProxy> Error calling http://10.0.0.5:9090/api/v1/query...
[2026-05-16T09:47:26.508Z] error: <httpProxy> [
  500,
  Error: connect ECONNREFUSED 10.0.0.5:9090
      at <unknown> (Error: connect ECONNREFUSED 10.0.0.5:9090) {
    errno: -111,
    code: 'ECONNREFUSED',
    syscall: 'connect',
    address: '10.0.0.5',
    port: 9090
  }
]
[2026-05-16T09:47:26.509Z] error: <httpProxy> Error calling http://10.0.0.5:9090/api/v1/query...
[2026-05-16T09:47:26.509Z] error: <httpProxy> [
  500,
  Error: connect ECONNREFUSED 10.0.0.5:9090
      at <unknown> (Error: connect ECONNREFUSED 10.0.0.5:9090) {
    errno: -111,
    code: 'ECONNREFUSED',
    syscall: 'connect',
    address: '10.0.0.5',
    port: 9090
  }
]
[2026-05-16T09:47:26.524Z] error: <httpProxy> Error calling http://10.0.0.5:9090/api/v1/query...
[2026-05-16T09:47:26.524Z] error: <httpProxy> [
  500,
  Error: connect ECONNREFUSED 10.0.0.5:9090
      at <unknown> (Error: connect ECONNREFUSED 10.0.0.5:9090) {
    errno: -111,
    code: 'ECONNREFUSED',
    syscall: 'connect',
    address: '10.0.0.5',
    port: 9090
  }
]
[2026-05-16T09:47:26.524Z] error: <httpProxy> Error calling http://10.0.0.5:9090/api/v1/query...
[2026-05-16T09:47:26.525Z] error: <httpProxy> [
  500,
  Error: connect ECONNREFUSED 10.0.0.5:9090
      at <unknown> (Error: connect ECONNREFUSED 10.0.0.5:9090) {
    errno: -111,
    code: 'ECONNREFUSED',
    syscall: 'connect',
    address: '10.0.0.5',
    port: 9090
  }
]
[2026-05-16T09:47:26.547Z] error: <httpProxy> Error calling http://10.0.0.5:9090/api/v1/query...
[2026-05-16T09:47:26.547Z] error: <httpProxy> [
  500,
  Error: connect ECONNREFUSED 10.0.0.5:9090
      at <unknown> (Error: connect ECONNREFUSED 10.0.0.5:9090) {
    errno: -111,
    code: 'ECONNREFUSED',
    syscall: 'connect',
    address: '10.0.0.5',
    port: 9090
  }
]
[2026-05-16T09:47:26.549Z] error: <httpProxy> Error calling http://10.0.0.5:9090/api/v1/query...
[2026-05-16T09:47:26.549Z] error: <httpProxy> [
  500,
  Error: connect ECONNREFUSED 10.0.0.5:9090
      at <unknown> (Error: connect ECONNREFUSED 10.0.0.5:9090) {
    errno: -111,
    code: 'ECONNREFUSED',
    syscall: 'connect',
    address: '10.0.0.5',
    port: 9090
  }
]
[2026-05-16T09:47:26.556Z] error: <httpProxy> Error calling http://10.0.0.5:9090/api/v1/query...
[2026-05-16T09:47:26.556Z] error: <httpProxy> [
  500,
  Error: connect ECONNREFUSED 10.0.0.5:9090
      at <unknown> (Error: connect ECONNREFUSED 10.0.0.5:9090) {
    errno: -111,
    code: 'ECONNREFUSED',
    syscall: 'connect',
    address: '10.0.0.5',
    port: 9090
  }
]
[2026-05-16T09:47:26.557Z] error: <httpProxy> Error calling http://10.0.0.5:9090/api/v1/query...
[2026-05-16T09:47:26.557Z] error: <httpProxy> [
  500,
  Error: connect ECONNREFUSED 10.0.0.5:9090
      at <unknown> (Error: connect ECONNREFUSED 10.0.0.5:9090) {
    errno: -111,
    code: 'ECONNREFUSED',
    syscall: 'connect',
    address: '10.0.0.5',
    port: 9090
  }
]
[2026-05-16T09:47:26.557Z] error: <httpProxy> Error calling http://10.0.0.5:9090/api/v1/query...
[2026-05-16T09:47:26.557Z] error: <httpProxy> [
  500,
  Error: connect ECONNREFUSED 10.0.0.5:9090
      at <unknown> (Error: connect ECONNREFUSED 10.0.0.5:9090) {
    errno: -111,
    code: 'ECONNREFUSED',
    syscall: 'connect',
    address: '10.0.0.5',
    port: 9090
  }
]
[2026-05-16T09:47:26.558Z] error: <httpProxy> Error calling http://10.0.0.5:9090/api/v1/query...
[2026-05-16T09:47:26.558Z] error: <httpProxy> [
  500,
  Error: connect ECONNREFUSED 10.0.0.5:9090
      at <unknown> (Error: connect ECONNREFUSED 10.0.0.5:9090) {
    errno: -111,
    code: 'ECONNREFUSED',
    syscall: 'connect',
    address: '10.0.0.5',
    port: 9090
  }
]
[2026-05-16T09:47:26.558Z] error: <httpProxy> Error calling http://10.0.0.5:9090/api/v1/query...
[2026-05-16T09:47:26.559Z] error: <httpProxy> [
  500,
  Error: connect ECONNREFUSED 10.0.0.5:9090
      at <unknown> (Error: connect ECONNREFUSED 10.0.0.5:9090) {
    errno: -111,
    code: 'ECONNREFUSED',
    syscall: 'connect',
    address: '10.0.0.5',
    port: 9090
  }
]
[2026-05-16T09:47:26.559Z] error: <httpProxy> Error calling http://10.0.0.5:9090/api/v1/query...
[2026-05-16T09:47:26.559Z] error: <httpProxy> [
  500,
  Error: connect ECONNREFUSED 10.0.0.5:9090
      at <unknown> (Error: connect ECONNREFUSED 10.0.0.5:9090) {
    errno: -111,
    code: 'ECONNREFUSED',
    syscall: 'connect',
    address: '10.0.0.5',
    port: 9090
  }
]
[2026-05-16T09:47:41.521Z] error: <httpProxy> Error calling http://10.0.0.5:9090/api/v1/query...
[2026-05-16T09:47:41.521Z] error: <httpProxy> [
  500,
  Error: connect ECONNREFUSED 10.0.0.5:9090
      at <unknown> (Error: connect ECONNREFUSED 10.0.0.5:9090) {
    errno: -111,
    code: 'ECONNREFUSED',
    syscall: 'connect',
    address: '10.0.0.5',
    port: 9090
  }
]
[2026-05-16T09:47:41.521Z] error: <httpProxy> Error calling http://10.0.0.5:9090/api/v1/query...
[2026-05-16T09:47:41.521Z] error: <httpProxy> [
  500,
  Error: connect ECONNREFUSED 10.0.0.5:9090
      at <unknown> (Error: connect ECONNREFUSED 10.0.0.5:9090) {
    errno: -111,
    code: 'ECONNREFUSED',
    syscall: 'connect',
    address: '10.0.0.5',
    port: 9090
  }
]
[2026-05-16T09:47:41.523Z] error: <httpProxy> Error calling http://10.0.0.5:9090/api/v1/query...
[2026-05-16T09:47:41.523Z] error: <httpProxy> [
  500,
  Error: connect ECONNREFUSED 10.0.0.5:9090
      at <unknown> (Error: connect ECONNREFUSED 10.0.0.5:9090) {
    errno: -111,
    code: 'ECONNREFUSED',
    syscall: 'connect',
    address: '10.0.0.5',
    port: 9090
  }
]
[2026-05-16T09:47:41.523Z] error: <httpProxy> Error calling http://10.0.0.5:9090/api/v1/query...
[2026-05-16T09:47:41.523Z] error: <httpProxy> [
  500,
  Error: connect ECONNREFUSED 10.0.0.5:9090
      at <unknown> (Error: connect ECONNREFUSED 10.0.0.5:9090) {
    errno: -111,
    code: 'ECONNREFUSED',
    syscall: 'connect',
    address: '10.0.0.5',
    port: 9090
  }
]
[2026-05-16T09:47:41.536Z] error: <httpProxy> Error calling http://10.0.0.5:9090/api/v1/query...
[2026-05-16T09:47:41.536Z] error: <httpProxy> [
  500,
  Error: connect ECONNREFUSED 10.0.0.5:9090
      at <unknown> (Error: connect ECONNREFUSED 10.0.0.5:9090) {
    errno: -111,
    code: 'ECONNREFUSED',
    syscall: 'connect',
    address: '10.0.0.5',
    port: 9090
  }
]
[2026-05-16T09:47:41.537Z] error: <httpProxy> Error calling http://10.0.0.5:9090/api/v1/query...
[2026-05-16T09:47:41.537Z] error: <httpProxy> [
  500,
  Error: connect ECONNREFUSED 10.0.0.5:9090
      at <unknown> (Error: connect ECONNREFUSED 10.0.0.5:9090) {
    errno: -111,
    code: 'ECONNREFUSED',
    syscall: 'connect',
    address: '10.0.0.5',
    port: 9090
  }
]
[2026-05-16T09:47:41.556Z] error: <httpProxy> Error calling http://10.0.0.5:9090/api/v1/query...
[2026-05-16T09:47:41.556Z] error: <httpProxy> [
  500,
  Error: connect ECONNREFUSED 10.0.0.5:9090
      at <unknown> (Error: connect ECONNREFUSED 10.0.0.5:9090) {
    errno: -111,
    code: 'ECONNREFUSED',
    syscall: 'connect',
    address: '10.0.0.5',
    port: 9090
  }
]
[2026-05-16T09:47:41.557Z] error: <httpProxy> Error calling http://10.0.0.5:9090/api/v1/query...
[2026-05-16T09:47:41.557Z] error: <httpProxy> [
  500,
  Error: connect ECONNREFUSED 10.0.0.5:9090
      at <unknown> (Error: connect ECONNREFUSED 10.0.0.5:9090) {
    errno: -111,
    code: 'ECONNREFUSED',
    syscall: 'connect',
    address: '10.0.0.5',
    port: 9090
  }
]
[2026-05-16T09:47:41.561Z] error: <httpProxy> Error calling http://10.0.0.5:9090/api/v1/query...
[2026-05-16T09:47:41.561Z] error: <httpProxy> [
  500,
  Error: connect ECONNREFUSED 10.0.0.5:9090
      at <unknown> (Error: connect ECONNREFUSED 10.0.0.5:9090) {
    errno: -111,
    code: 'ECONNREFUSED',
    syscall: 'connect',
    address: '10.0.0.5',
    port: 9090
  }
]
[2026-05-16T09:47:41.570Z] error: <httpProxy> Error calling http://10.0.0.5:9090/api/v1/query...
[2026-05-16T09:47:41.570Z] error: <httpProxy> [
  500,
  Error: connect ECONNREFUSED 10.0.0.5:9090
      at <unknown> (Error: connect ECONNREFUSED 10.0.0.5:9090) {
    errno: -111,
    code: 'ECONNREFUSED',
    syscall: 'connect',
    address: '10.0.0.5',
    port: 9090
  }
]
[2026-05-16T09:47:41.571Z] error: <httpProxy> Error calling http://10.0.0.5:9090/api/v1/query...
[2026-05-16T09:47:41.571Z] error: <httpProxy> [
  500,
  Error: connect ECONNREFUSED 10.0.0.5:9090
      at <unknown> (Error: connect ECONNREFUSED 10.0.0.5:9090) {
    errno: -111,
    code: 'ECONNREFUSED',
    syscall: 'connect',
    address: '10.0.0.5',
    port: 9090
  }
]
[2026-05-16T09:47:41.572Z] error: <httpProxy> Error calling http://10.0.0.5:9090/api/v1/query...
[2026-05-16T09:47:41.572Z] error: <httpProxy> [
  500,
  Error: connect ECONNREFUSED 10.0.0.5:9090
      at <unknown> (Error: connect ECONNREFUSED 10.0.0.5:9090) {
    errno: -111,
    code: 'ECONNREFUSED',
    syscall: 'connect',
    address: '10.0.0.5',
    port: 9090
  }
]
[2026-05-16T09:47:41.573Z] error: <httpProxy> Error calling http://10.0.0.5:9090/api/v1/query...
[2026-05-16T09:47:41.573Z] error: <httpProxy> [
  500,
  Error: connect ECONNREFUSED 10.0.0.5:9090
      at <unknown> (Error: connect ECONNREFUSED 10.0.0.5:9090) {
    errno: -111,
    code: 'ECONNREFUSED',
    syscall: 'connect',
    address: '10.0.0.5',
    port: 9090
  }
]
[2026-05-16T09:47:41.573Z] error: <httpProxy> Error calling http://10.0.0.5:9090/api/v1/query...
[2026-05-16T09:47:41.573Z] error: <httpProxy> [
  500,
  Error: connect ECONNREFUSED 10.0.0.5:9090
      at <unknown> (Error: connect ECONNREFUSED 10.0.0.5:9090) {
    errno: -111,
    code: 'ECONNREFUSED',
    syscall: 'connect',
    address: '10.0.0.5',
    port: 9090
  }
]
[2026-05-16T09:47:56.535Z] error: <httpProxy> Error calling http://10.0.0.5:9090/api/v1/query...
[2026-05-16T09:47:56.536Z] error: <httpProxy> [
  500,
  Error: connect ECONNREFUSED 10.0.0.5:9090
      at <unknown> (Error: connect ECONNREFUSED 10.0.0.5:9090) {
    errno: -111,
    code: 'ECONNREFUSED',
    syscall: 'connect',
    address: '10.0.0.5',
    port: 9090
  }
]
[2026-05-16T09:47:56.536Z] error: <httpProxy> Error calling http://10.0.0.5:9090/api/v1/query...
[2026-05-16T09:47:56.536Z] error: <httpProxy> [
  500,
  Error: connect ECONNREFUSED 10.0.0.5:9090
      at <unknown> (Error: connect ECONNREFUSED 10.0.0.5:9090) {
    errno: -111,
    code: 'ECONNREFUSED',
    syscall: 'connect',
    address: '10.0.0.5',
    port: 9090
  }
]
[2026-05-16T09:47:56.536Z] error: <httpProxy> Error calling http://10.0.0.5:9090/api/v1/query...
[2026-05-16T09:47:56.537Z] error: <httpProxy> [
  500,
  Error: connect ECONNREFUSED 10.0.0.5:9090
      at <unknown> (Error: connect ECONNREFUSED 10.0.0.5:9090) {
    errno: -111,
    code: 'ECONNREFUSED',
    syscall: 'connect',
    address: '10.0.0.5',
    port: 9090
  }
]
[2026-05-16T09:47:56.537Z] error: <httpProxy> Error calling http://10.0.0.5:9090/api/v1/query...
[2026-05-16T09:47:56.538Z] error: <httpProxy> [
  500,
  Error: connect ECONNREFUSED 10.0.0.5:9090
      at <unknown> (Error: connect ECONNREFUSED 10.0.0.5:9090) {
    errno: -111,
    code: 'ECONNREFUSED',
    syscall: 'connect',
    address: '10.0.0.5',
    port: 9090
  }
]
[2026-05-16T09:47:56.546Z] error: <httpProxy> Error calling http://10.0.0.5:9090/api/v1/query...
[2026-05-16T09:47:56.546Z] error: <httpProxy> [
  500,
  Error: connect ECONNREFUSED 10.0.0.5:9090
      at <unknown> (Error: connect ECONNREFUSED 10.0.0.5:9090) {
    errno: -111,
    code: 'ECONNREFUSED',
    syscall: 'connect',
    address: '10.0.0.5',
    port: 9090
  }
]
[2026-05-16T09:47:56.547Z] error: <httpProxy> Error calling http://10.0.0.5:9090/api/v1/query...
[2026-05-16T09:47:56.547Z] error: <httpProxy> [
  500,
  Error: connect ECONNREFUSED 10.0.0.5:9090
      at <unknown> (Error: connect ECONNREFUSED 10.0.0.5:9090) {
    errno: -111,
    code: 'ECONNREFUSED',
    syscall: 'connect',
    address: '10.0.0.5',
    port: 9090
  }
]
[2026-05-16T09:47:56.571Z] error: <httpProxy> Error calling http://10.0.0.5:9090/api/v1/query...
[2026-05-16T09:47:56.571Z] error: <httpProxy> [
  500,
  Error: connect ECONNREFUSED 10.0.0.5:9090
      at <unknown> (Error: connect ECONNREFUSED 10.0.0.5:9090) {
    errno: -111,
    code: 'ECONNREFUSED',
    syscall: 'connect',
    address: '10.0.0.5',
    port: 9090
  }
]
[2026-05-16T09:47:56.572Z] error: <httpProxy> Error calling http://10.0.0.5:9090/api/v1/query...
[2026-05-16T09:47:56.572Z] error: <httpProxy> [
  500,
  Error: connect ECONNREFUSED 10.0.0.5:9090
      at <unknown> (Error: connect ECONNREFUSED 10.0.0.5:9090) {
    errno: -111,
    code: 'ECONNREFUSED',
    syscall: 'connect',
    address: '10.0.0.5',
    port: 9090
  }
]
[2026-05-16T09:47:56.573Z] error: <httpProxy> Error calling http://10.0.0.5:9090/api/v1/query...
[2026-05-16T09:47:56.573Z] error: <httpProxy> [
  500,
  Error: connect ECONNREFUSED 10.0.0.5:9090
      at <unknown> (Error: connect ECONNREFUSED 10.0.0.5:9090) {
    errno: -111,
    code: 'ECONNREFUSED',
    syscall: 'connect',
    address: '10.0.0.5',
    port: 9090
  }
]
[2026-05-16T09:47:56.581Z] error: <httpProxy> Error calling http://10.0.0.5:9090/api/v1/query...
[2026-05-16T09:47:56.581Z] error: <httpProxy> [
  500,
  Error: connect ECONNREFUSED 10.0.0.5:9090
      at <unknown> (Error: connect ECONNREFUSED 10.0.0.5:9090) {
    errno: -111,
    code: 'ECONNREFUSED',
    syscall: 'connect',
    address: '10.0.0.5',
    port: 9090
  }
]
[2026-05-16T09:47:56.582Z] error: <httpProxy> Error calling http://10.0.0.5:9090/api/v1/query...
[2026-05-16T09:47:56.582Z] error: <httpProxy> [
  500,
  Error: connect ECONNREFUSED 10.0.0.5:9090
      at <unknown> (Error: connect ECONNREFUSED 10.0.0.5:9090) {
    errno: -111,
    code: 'ECONNREFUSED',
    syscall: 'connect',
    address: '10.0.0.5',
    port: 9090
  }
]
[2026-05-16T09:47:56.583Z] error: <httpProxy> Error calling http://10.0.0.5:9090/api/v1/query...
[2026-05-16T09:47:56.583Z] error: <httpProxy> [
  500,
  Error: connect ECONNREFUSED 10.0.0.5:9090
      at <unknown> (Error: connect ECONNREFUSED 10.0.0.5:9090) {
    errno: -111,
    code: 'ECONNREFUSED',
    syscall: 'connect',
    address: '10.0.0.5',
    port: 9090
  }
]
[2026-05-16T09:47:56.583Z] error: <httpProxy> Error calling http://10.0.0.5:9090/api/v1/query...
[2026-05-16T09:47:56.583Z] error: <httpProxy> [
  500,
  Error: connect ECONNREFUSED 10.0.0.5:9090
      at <unknown> (Error: connect ECONNREFUSED 10.0.0.5:9090) {
    errno: -111,
    code: 'ECONNREFUSED',
    syscall: 'connect',
    address: '10.0.0.5',
    port: 9090
  }
]
[2026-05-16T09:47:56.584Z] error: <httpProxy> Error calling http://10.0.0.5:9090/api/v1/query...
[2026-05-16T09:47:56.584Z] error: <httpProxy> [
  500,
  Error: connect ECONNREFUSED 10.0.0.5:9090
      at <unknown> (Error: connect ECONNREFUSED 10.0.0.5:9090) {
    errno: -111,
    code: 'ECONNREFUSED',
    syscall: 'connect',
    address: '10.0.0.5',
    port: 9090
  }
]
[2026-05-16T09:48:11.560Z] error: <httpProxy> Error calling http://10.0.0.5:9090/api/v1/query...
[2026-05-16T09:48:11.561Z] error: <httpProxy> [
  500,
  Error: connect ECONNREFUSED 10.0.0.5:9090
      at <unknown> (Error: connect ECONNREFUSED 10.0.0.5:9090) {
    errno: -111,
    code: 'ECONNREFUSED',
    syscall: 'connect',
    address: '10.0.0.5',
    port: 9090
  }
]
[2026-05-16T09:48:11.561Z] error: <httpProxy> Error calling http://10.0.0.5:9090/api/v1/query...
[2026-05-16T09:48:11.561Z] error: <httpProxy> [
  500,
  Error: connect ECONNREFUSED 10.0.0.5:9090
      at <unknown> (Error: connect ECONNREFUSED 10.0.0.5:9090) {
    errno: -111,
    code: 'ECONNREFUSED',
    syscall: 'connect',
    address: '10.0.0.5',
    port: 9090
  }
]
[2026-05-16T09:48:11.561Z] error: <httpProxy> Error calling http://10.0.0.5:9090/api/v1/query...
[2026-05-16T09:48:11.561Z] error: <httpProxy> [
  500,
  Error: connect ECONNREFUSED 10.0.0.5:9090
      at <unknown> (Error: connect ECONNREFUSED 10.0.0.5:9090) {
    errno: -111,
    code: 'ECONNREFUSED',
    syscall: 'connect',
    address: '10.0.0.5',
    port: 9090
  }
]
[2026-05-16T09:48:11.562Z] error: <httpProxy> Error calling http://10.0.0.5:9090/api/v1/query...
[2026-05-16T09:48:11.563Z] error: <httpProxy> [
  500,
  Error: connect ECONNREFUSED 10.0.0.5:9090
      at <unknown> (Error: connect ECONNREFUSED 10.0.0.5:9090) {
    errno: -111,
    code: 'ECONNREFUSED',
    syscall: 'connect',
    address: '10.0.0.5',
    port: 9090
  }
]
[2026-05-16T09:48:11.563Z] error: <httpProxy> Error calling http://10.0.0.5:9090/api/v1/query...
[2026-05-16T09:48:11.563Z] error: <httpProxy> [
  500,
  Error: connect ECONNREFUSED 10.0.0.5:9090
      at <unknown> (Error: connect ECONNREFUSED 10.0.0.5:9090) {
    errno: -111,
    code: 'ECONNREFUSED',
    syscall: 'connect',
    address: '10.0.0.5',
    port: 9090
  }
]
[2026-05-16T09:48:11.565Z] error: <httpProxy> Error calling http://10.0.0.5:9090/api/v1/query...
[2026-05-16T09:48:11.565Z] error: <httpProxy> [
  500,
  Error: connect ECONNREFUSED 10.0.0.5:9090
      at <unknown> (Error: connect ECONNREFUSED 10.0.0.5:9090) {
    errno: -111,
    code: 'ECONNREFUSED',
    syscall: 'connect',
    address: '10.0.0.5',
    port: 9090
  }
]
[2026-05-16T09:48:11.585Z] error: <httpProxy> Error calling http://10.0.0.5:9090/api/v1/query...
[2026-05-16T09:48:11.585Z] error: <httpProxy> [
  500,
  Error: connect ECONNREFUSED 10.0.0.5:9090
      at <unknown> (Error: connect ECONNREFUSED 10.0.0.5:9090) {
    errno: -111,
    code: 'ECONNREFUSED',
    syscall: 'connect',
    address: '10.0.0.5',
    port: 9090
  }
]
[2026-05-16T09:48:11.586Z] error: <httpProxy> Error calling http://10.0.0.5:9090/api/v1/query...
[2026-05-16T09:48:11.586Z] error: <httpProxy> [
  500,
  Error: connect ECONNREFUSED 10.0.0.5:9090
      at <unknown> (Error: connect ECONNREFUSED 10.0.0.5:9090) {
    errno: -111,
    code: 'ECONNREFUSED',
    syscall: 'connect',
    address: '10.0.0.5',
    port: 9090
  }
]
[2026-05-16T09:48:11.586Z] error: <httpProxy> Error calling http://10.0.0.5:9090/api/v1/query...
[2026-05-16T09:48:11.586Z] error: <httpProxy> [
  500,
  Error: connect ECONNREFUSED 10.0.0.5:9090
      at <unknown> (Error: connect ECONNREFUSED 10.0.0.5:9090) {
    errno: -111,
    code: 'ECONNREFUSED',
    syscall: 'connect',
    address: '10.0.0.5',
    port: 9090
  }
]
[2026-05-16T09:48:11.594Z] error: <httpProxy> Error calling http://10.0.0.5:9090/api/v1/query...
[2026-05-16T09:48:11.594Z] error: <httpProxy> [
  500,
  Error: connect ECONNREFUSED 10.0.0.5:9090
      at <unknown> (Error: connect ECONNREFUSED 10.0.0.5:9090) {
    errno: -111,
    code: 'ECONNREFUSED',
    syscall: 'connect',
    address: '10.0.0.5',
    port: 9090
  }
]
[2026-05-16T09:48:11.595Z] error: <httpProxy> Error calling http://10.0.0.5:9090/api/v1/query...
[2026-05-16T09:48:11.595Z] error: <httpProxy> [
  500,
  Error: connect ECONNREFUSED 10.0.0.5:9090
      at <unknown> (Error: connect ECONNREFUSED 10.0.0.5:9090) {
    errno: -111,
    code: 'ECONNREFUSED',
    syscall: 'connect',
    address: '10.0.0.5',
    port: 9090
  }
]
[2026-05-16T09:48:11.596Z] error: <httpProxy> Error calling http://10.0.0.5:9090/api/v1/query...
[2026-05-16T09:48:11.596Z] error: <httpProxy> [
  500,
  Error: connect ECONNREFUSED 10.0.0.5:9090
      at <unknown> (Error: connect ECONNREFUSED 10.0.0.5:9090) {
    errno: -111,
    code: 'ECONNREFUSED',
    syscall: 'connect',
    address: '10.0.0.5',
    port: 9090
  }
]
[2026-05-16T09:48:11.597Z] error: <httpProxy> Error calling http://10.0.0.5:9090/api/v1/query...
[2026-05-16T09:48:11.597Z] error: <httpProxy> [
  500,
  Error: connect ECONNREFUSED 10.0.0.5:9090
      at <unknown> (Error: connect ECONNREFUSED 10.0.0.5:9090) {
    errno: -111,
    code: 'ECONNREFUSED',
    syscall: 'connect',
    address: '10.0.0.5',
    port: 9090
  }
]
[2026-05-16T09:48:11.597Z] error: <httpProxy> Error calling http://10.0.0.5:9090/api/v1/query...
[2026-05-16T09:48:11.597Z] error: <httpProxy> [
  500,
  Error: connect ECONNREFUSED 10.0.0.5:9090
      at <unknown> (Error: connect ECONNREFUSED 10.0.0.5:9090) {
    errno: -111,
    code: 'ECONNREFUSED',
    syscall: 'connect',
    address: '10.0.0.5',
    port: 9090
  }
]
[2026-05-16T09:48:18.401Z] error: <httpProxy> Error calling http://10.0.0.5:9090/api/v1/query...
[2026-05-16T09:48:18.401Z] error: <httpProxy> [
  500,
  Error: connect ECONNREFUSED 10.0.0.5:9090
      at <unknown> (Error: connect ECONNREFUSED 10.0.0.5:9090) {
    errno: -111,
    code: 'ECONNREFUSED',
    syscall: 'connect',
    address: '10.0.0.5',
    port: 9090
  }
]
[2026-05-16T09:48:18.403Z] error: <httpProxy> Error calling http://10.0.0.5:9090/api/v1/query...
[2026-05-16T09:48:18.404Z] error: <httpProxy> [
  500,
  Error: connect ECONNREFUSED 10.0.0.5:9090
      at <unknown> (Error: connect ECONNREFUSED 10.0.0.5:9090) {
    errno: -111,
    code: 'ECONNREFUSED',
    syscall: 'connect',
    address: '10.0.0.5',
    port: 9090
  }
]
[2026-05-16T09:48:18.405Z] error: <httpProxy> Error calling http://10.0.0.5:9090/api/v1/query...
[2026-05-16T09:48:18.405Z] error: <httpProxy> [
  500,
  Error: connect ECONNREFUSED 10.0.0.5:9090
      at <unknown> (Error: connect ECONNREFUSED 10.0.0.5:9090) {
    errno: -111,
    code: 'ECONNREFUSED',
    syscall: 'connect',
    address: '10.0.0.5',
    port: 9090
  }
]
[2026-05-16T09:48:18.407Z] error: <httpProxy> Error calling http://10.0.0.5:9090/api/v1/query...
[2026-05-16T09:48:18.407Z] error: <httpProxy> [
  500,
  Error: connect ECONNREFUSED 10.0.0.5:9090
      at <unknown> (Error: connect ECONNREFUSED 10.0.0.5:9090) {
    errno: -111,
    code: 'ECONNREFUSED',
    syscall: 'connect',
    address: '10.0.0.5',
    port: 9090
  }
]
[2026-05-16T09:48:18.409Z] error: <httpProxy> Error calling http://10.0.0.5:9090/api/v1/query...
[2026-05-16T09:48:18.409Z] error: <httpProxy> [
  500,
  Error: connect ECONNREFUSED 10.0.0.5:9090
      at <unknown> (Error: connect ECONNREFUSED 10.0.0.5:9090) {
    errno: -111,
    code: 'ECONNREFUSED',
    syscall: 'connect',
    address: '10.0.0.5',
    port: 9090
  }
]
[2026-05-16T09:48:18.411Z] error: <httpProxy> Error calling http://10.0.0.5:9090/api/v1/query...
[2026-05-16T09:48:18.411Z] error: <httpProxy> [
  500,
  Error: connect ECONNREFUSED 10.0.0.5:9090
      at <unknown> (Error: connect ECONNREFUSED 10.0.0.5:9090) {
    errno: -111,
    code: 'ECONNREFUSED',
    syscall: 'connect',
    address: '10.0.0.5',
    port: 9090
  }
]
[2026-05-16T09:48:18.412Z] error: <httpProxy> Error calling http://10.0.0.5:9090/api/v1/query...
[2026-05-16T09:48:18.412Z] error: <httpProxy> [
  500,
  Error: connect ECONNREFUSED 10.0.0.5:9090
      at <unknown> (Error: connect ECONNREFUSED 10.0.0.5:9090) {
    errno: -111,
    code: 'ECONNREFUSED',
    syscall: 'connect',
    address: '10.0.0.5',
    port: 9090
  }
]
[2026-05-16T09:48:18.412Z] error: <httpProxy> Error calling http://10.0.0.5:9090/api/v1/query...
[2026-05-16T09:48:18.413Z] error: <httpProxy> [
  500,
  Error: connect ECONNREFUSED 10.0.0.5:9090
      at <unknown> (Error: connect ECONNREFUSED 10.0.0.5:9090) {
    errno: -111,
    code: 'ECONNREFUSED',
    syscall: 'connect',
    address: '10.0.0.5',
    port: 9090
  }
]
[2026-05-16T09:48:18.413Z] error: <httpProxy> Error calling http://10.0.0.5:9090/api/v1/query...
[2026-05-16T09:48:18.414Z] error: <httpProxy> [
  500,
  Error: connect ECONNREFUSED 10.0.0.5:9090
      at <unknown> (Error: connect ECONNREFUSED 10.0.0.5:9090) {
    errno: -111,
    code: 'ECONNREFUSED',
    syscall: 'connect',
    address: '10.0.0.5',
    port: 9090
  }
]
[2026-05-16T09:48:18.414Z] error: <httpProxy> Error calling http://10.0.0.5:9090/api/v1/query...
[2026-05-16T09:48:18.414Z] error: <httpProxy> [
  500,
  Error: connect ECONNREFUSED 10.0.0.5:9090
      at <unknown> (Error: connect ECONNREFUSED 10.0.0.5:9090) {
    errno: -111,
    code: 'ECONNREFUSED',
    syscall: 'connect',
    address: '10.0.0.5',
    port: 9090
  }
]
[2026-05-16T09:48:18.415Z] error: <httpProxy> Error calling http://10.0.0.5:9090/api/v1/query...
[2026-05-16T09:48:18.415Z] error: <httpProxy> [
  500,
  Error: connect ECONNREFUSED 10.0.0.5:9090
      at <unknown> (Error: connect ECONNREFUSED 10.0.0.5:9090) {
    errno: -111,
    code: 'ECONNREFUSED',
    syscall: 'connect',
    address: '10.0.0.5',
    port: 9090
  }
]
[2026-05-16T09:48:18.416Z] error: <httpProxy> Error calling http://10.0.0.5:9090/api/v1/query...
[2026-05-16T09:48:18.416Z] error: <httpProxy> [
  500,
  Error: connect ECONNREFUSED 10.0.0.5:9090
      at <unknown> (Error: connect ECONNREFUSED 10.0.0.5:9090) {
    errno: -111,
    code: 'ECONNREFUSED',
    syscall: 'connect',
    address: '10.0.0.5',
    port: 9090
  }
]
[2026-05-16T09:48:18.417Z] error: <httpProxy> Error calling http://10.0.0.5:9090/api/v1/query...
[2026-05-16T09:48:18.417Z] error: <httpProxy> [
  500,
  Error: connect ECONNREFUSED 10.0.0.5:9090
      at <unknown> (Error: connect ECONNREFUSED 10.0.0.5:9090) {
    errno: -111,
    code: 'ECONNREFUSED',
    syscall: 'connect',
    address: '10.0.0.5',
    port: 9090
  }
]
[2026-05-16T09:48:18.417Z] error: <httpProxy> Error calling http://10.0.0.5:9090/api/v1/query...
[2026-05-16T09:48:18.417Z] error: <httpProxy> [
  500,
  Error: connect ECONNREFUSED 10.0.0.5:9090
      at <unknown> (Error: connect ECONNREFUSED 10.0.0.5:9090) {
    errno: -111,
    code: 'ECONNREFUSED',
    syscall: 'connect',
    address: '10.0.0.5',
    port: 9090
  }
]
[2026-05-16T09:48:18.758Z] error: <httpProxy> Error calling http://10.0.0.5:9090/api/v1/query...
[2026-05-16T09:48:18.758Z] error: <httpProxy> [
  500,
  Error: connect ECONNREFUSED 10.0.0.5:9090
      at <unknown> (Error: connect ECONNREFUSED 10.0.0.5:9090) {
    errno: -111,
    code: 'ECONNREFUSED',
    syscall: 'connect',
    address: '10.0.0.5',
    port: 9090
  }
]
[2026-05-16T09:48:18.767Z] error: <httpProxy> Error calling http://10.0.0.5:9090/api/v1/query...
[2026-05-16T09:48:18.767Z] error: <httpProxy> [
  500,
  Error: connect ECONNREFUSED 10.0.0.5:9090
      at <unknown> (Error: connect ECONNREFUSED 10.0.0.5:9090) {
    errno: -111,
    code: 'ECONNREFUSED',
    syscall: 'connect',
    address: '10.0.0.5',
    port: 9090
  }
]
[2026-05-16T09:48:18.767Z] error: <httpProxy> Error calling http://10.0.0.5:9090/api/v1/query...
[2026-05-16T09:48:18.767Z] error: <httpProxy> [
  500,
  Error: connect ECONNREFUSED 10.0.0.5:9090
      at <unknown> (Error: connect ECONNREFUSED 10.0.0.5:9090) {
    errno: -111,
    code: 'ECONNREFUSED',
    syscall: 'connect',
    address: '10.0.0.5',
    port: 9090
  }
]
[2026-05-16T09:48:18.769Z] error: <httpProxy> Error calling http://10.0.0.5:9090/api/v1/query...
[2026-05-16T09:48:18.769Z] error: <httpProxy> [
  500,
  Error: connect ECONNREFUSED 10.0.0.5:9090
      at <unknown> (Error: connect ECONNREFUSED 10.0.0.5:9090) {
    errno: -111,
    code: 'ECONNREFUSED',
    syscall: 'connect',
    address: '10.0.0.5',
    port: 9090
  }
]
[2026-05-16T09:48:18.771Z] error: <httpProxy> Error calling http://10.0.0.5:9090/api/v1/query...
[2026-05-16T09:48:18.771Z] error: <httpProxy> [
  500,
  Error: connect ECONNREFUSED 10.0.0.5:9090
      at <unknown> (Error: connect ECONNREFUSED 10.0.0.5:9090) {
    errno: -111,
    code: 'ECONNREFUSED',
    syscall: 'connect',
    address: '10.0.0.5',
    port: 9090
  }
]
[2026-05-16T09:48:18.773Z] error: <httpProxy> Error calling http://10.0.0.5:9090/api/v1/query...
[2026-05-16T09:48:18.773Z] error: <httpProxy> [
  500,
  Error: connect ECONNREFUSED 10.0.0.5:9090
      at <unknown> (Error: connect ECONNREFUSED 10.0.0.5:9090) {
    errno: -111,
    code: 'ECONNREFUSED',
    syscall: 'connect',
    address: '10.0.0.5',
    port: 9090
  }
]
[2026-05-16T09:48:18.774Z] error: <httpProxy> Error calling http://10.0.0.5:9090/api/v1/query...
[2026-05-16T09:48:18.774Z] error: <httpProxy> [
  500,
  Error: connect ECONNREFUSED 10.0.0.5:9090
      at <unknown> (Error: connect ECONNREFUSED 10.0.0.5:9090) {
    errno: -111,
    code: 'ECONNREFUSED',
    syscall: 'connect',
    address: '10.0.0.5',
    port: 9090
  }
]
[2026-05-16T09:48:18.775Z] error: <httpProxy> Error calling http://10.0.0.5:9090/api/v1/query...
[2026-05-16T09:48:18.775Z] error: <httpProxy> [
  500,
  Error: connect ECONNREFUSED 10.0.0.5:9090
      at <unknown> (Error: connect ECONNREFUSED 10.0.0.5:9090) {
    errno: -111,
    code: 'ECONNREFUSED',
    syscall: 'connect',
    address: '10.0.0.5',
    port: 9090
  }
]
[2026-05-16T09:48:18.776Z] error: <httpProxy> Error calling http://10.0.0.5:9090/api/v1/query...
[2026-05-16T09:48:18.776Z] error: <httpProxy> [
  500,
  Error: connect ECONNREFUSED 10.0.0.5:9090
      at <unknown> (Error: connect ECONNREFUSED 10.0.0.5:9090) {
    errno: -111,
    code: 'ECONNREFUSED',
    syscall: 'connect',
    address: '10.0.0.5',
    port: 9090
  }
]
[2026-05-16T09:48:18.777Z] error: <httpProxy> Error calling http://10.0.0.5:9090/api/v1/query...
[2026-05-16T09:48:18.777Z] error: <httpProxy> [
  500,
  Error: connect ECONNREFUSED 10.0.0.5:9090
      at <unknown> (Error: connect ECONNREFUSED 10.0.0.5:9090) {
    errno: -111,
    code: 'ECONNREFUSED',
    syscall: 'connect',
    address: '10.0.0.5',
    port: 9090
  }
]
[2026-05-16T09:48:18.777Z] error: <httpProxy> Error calling http://10.0.0.5:9090/api/v1/query...
[2026-05-16T09:48:18.777Z] error: <httpProxy> [
  500,
  Error: connect ECONNREFUSED 10.0.0.5:9090
      at <unknown> (Error: connect ECONNREFUSED 10.0.0.5:9090) {
    errno: -111,
    code: 'ECONNREFUSED',
    syscall: 'connect',
    address: '10.0.0.5',
    port: 9090
  }
]
[2026-05-16T09:48:18.778Z] error: <httpProxy> Error calling http://10.0.0.5:9090/api/v1/query...
[2026-05-16T09:48:18.778Z] error: <httpProxy> [
  500,
  Error: connect ECONNREFUSED 10.0.0.5:9090
      at <unknown> (Error: connect ECONNREFUSED 10.0.0.5:9090) {
    errno: -111,
    code: 'ECONNREFUSED',
    syscall: 'connect',
    address: '10.0.0.5',
    port: 9090
  }
]
[2026-05-16T09:48:18.778Z] error: <httpProxy> Error calling http://10.0.0.5:9090/api/v1/query...
[2026-05-16T09:48:18.779Z] error: <httpProxy> [
  500,
  Error: connect ECONNREFUSED 10.0.0.5:9090
      at <unknown> (Error: connect ECONNREFUSED 10.0.0.5:9090) {
    errno: -111,
    code: 'ECONNREFUSED',
    syscall: 'connect',
    address: '10.0.0.5',
    port: 9090
  }
]
[2026-05-16T09:48:18.779Z] error: <httpProxy> Error calling http://10.0.0.5:9090/api/v1/query...
[2026-05-16T09:48:18.779Z] error: <httpProxy> [
  500,
  Error: connect ECONNREFUSED 10.0.0.5:9090
      at <unknown> (Error: connect ECONNREFUSED 10.0.0.5:9090) {
    errno: -111,
    code: 'ECONNREFUSED',
    syscall: 'connect',
    address: '10.0.0.5',
    port: 9090
  }
]
[2026-05-16T09:48:19.307Z] error: <httpProxy> Error calling http://10.0.0.5:9090/api/v1/query...
[2026-05-16T09:48:19.307Z] error: <httpProxy> [
  500,
  Error: connect ECONNREFUSED 10.0.0.5:9090
      at <unknown> (Error: connect ECONNREFUSED 10.0.0.5:9090) {
    errno: -111,
    code: 'ECONNREFUSED',
    syscall: 'connect',
    address: '10.0.0.5',
    port: 9090
  }
]
[2026-05-16T09:48:19.309Z] error: <httpProxy> Error calling http://10.0.0.5:9090/api/v1/query...
[2026-05-16T09:48:19.309Z] error: <httpProxy> [
  500,
  Error: connect ECONNREFUSED 10.0.0.5:9090
      at <unknown> (Error: connect ECONNREFUSED 10.0.0.5:9090) {
    errno: -111,
    code: 'ECONNREFUSED',
    syscall: 'connect',
    address: '10.0.0.5',
    port: 9090
  }
]
[2026-05-16T09:48:19.311Z] error: <httpProxy> Error calling http://10.0.0.5:9090/api/v1/query...
[2026-05-16T09:48:19.311Z] error: <httpProxy> [
  500,
  Error: connect ECONNREFUSED 10.0.0.5:9090
      at <unknown> (Error: connect ECONNREFUSED 10.0.0.5:9090) {
    errno: -111,
    code: 'ECONNREFUSED',
    syscall: 'connect',
    address: '10.0.0.5',
    port: 9090
  }
]
[2026-05-16T09:48:19.313Z] error: <httpProxy> Error calling http://10.0.0.5:9090/api/v1/query...
[2026-05-16T09:48:19.313Z] error: <httpProxy> [
  500,
  Error: connect ECONNREFUSED 10.0.0.5:9090
      at <unknown> (Error: connect ECONNREFUSED 10.0.0.5:9090) {
    errno: -111,
    code: 'ECONNREFUSED',
    syscall: 'connect',
    address: '10.0.0.5',
    port: 9090
  }
]
[2026-05-16T09:48:19.315Z] error: <httpProxy> Error calling http://10.0.0.5:9090/api/v1/query...
[2026-05-16T09:48:19.315Z] error: <httpProxy> [
  500,
  Error: connect ECONNREFUSED 10.0.0.5:9090
      at <unknown> (Error: connect ECONNREFUSED 10.0.0.5:9090) {
    errno: -111,
    code: 'ECONNREFUSED',
    syscall: 'connect',
    address: '10.0.0.5',
    port: 9090
  }
]
[2026-05-16T09:48:19.316Z] error: <httpProxy> Error calling http://10.0.0.5:9090/api/v1/query...
[2026-05-16T09:48:19.316Z] error: <httpProxy> [
  500,
  Error: connect ECONNREFUSED 10.0.0.5:9090
      at <unknown> (Error: connect ECONNREFUSED 10.0.0.5:9090) {
    errno: -111,
    code: 'ECONNREFUSED',
    syscall: 'connect',
    address: '10.0.0.5',
    port: 9090
  }
]
[2026-05-16T09:48:19.317Z] error: <httpProxy> Error calling http://10.0.0.5:9090/api/v1/query...
[2026-05-16T09:48:19.317Z] error: <httpProxy> [
  500,
  Error: connect ECONNREFUSED 10.0.0.5:9090
      at <unknown> (Error: connect ECONNREFUSED 10.0.0.5:9090) {
    errno: -111,
    code: 'ECONNREFUSED',
    syscall: 'connect',
    address: '10.0.0.5',
    port: 9090
  }
]
[2026-05-16T09:48:19.318Z] error: <httpProxy> Error calling http://10.0.0.5:9090/api/v1/query...
[2026-05-16T09:48:19.318Z] error: <httpProxy> [
  500,
  Error: connect ECONNREFUSED 10.0.0.5:9090
      at <unknown> (Error: connect ECONNREFUSED 10.0.0.5:9090) {
    errno: -111,
    code: 'ECONNREFUSED',
    syscall: 'connect',
    address: '10.0.0.5',
    port: 9090
  }
]
[2026-05-16T09:48:19.319Z] error: <httpProxy> Error calling http://10.0.0.5:9090/api/v1/query...
[2026-05-16T09:48:19.319Z] error: <httpProxy> [
  500,
  Error: connect ECONNREFUSED 10.0.0.5:9090
      at <unknown> (Error: connect ECONNREFUSED 10.0.0.5:9090) {
    errno: -111,
    code: 'ECONNREFUSED',
    syscall: 'connect',
    address: '10.0.0.5',
    port: 9090
  }
]
[2026-05-16T09:48:19.320Z] error: <httpProxy> Error calling http://10.0.0.5:9090/api/v1/query...
[2026-05-16T09:48:19.320Z] error: <httpProxy> [
  500,
  Error: connect ECONNREFUSED 10.0.0.5:9090
      at <unknown> (Error: connect ECONNREFUSED 10.0.0.5:9090) {
    errno: -111,
    code: 'ECONNREFUSED',
    syscall: 'connect',
    address: '10.0.0.5',
    port: 9090
  }
]
[2026-05-16T09:48:19.320Z] error: <httpProxy> Error calling http://10.0.0.5:9090/api/v1/query...
[2026-05-16T09:48:19.321Z] error: <httpProxy> [
  500,
  Error: connect ECONNREFUSED 10.0.0.5:9090
      at <unknown> (Error: connect ECONNREFUSED 10.0.0.5:9090) {
    errno: -111,
    code: 'ECONNREFUSED',
    syscall: 'connect',
    address: '10.0.0.5',
    port: 9090
  }
]
[2026-05-16T09:48:19.321Z] error: <httpProxy> Error calling http://10.0.0.5:9090/api/v1/query...
[2026-05-16T09:48:19.321Z] error: <httpProxy> [
  500,
  Error: connect ECONNREFUSED 10.0.0.5:9090
      at <unknown> (Error: connect ECONNREFUSED 10.0.0.5:9090) {
    errno: -111,
    code: 'ECONNREFUSED',
    syscall: 'connect',
    address: '10.0.0.5',
    port: 9090
  }
]
[2026-05-16T09:48:19.322Z] error: <httpProxy> Error calling http://10.0.0.5:9090/api/v1/query...
[2026-05-16T09:48:19.322Z] error: <httpProxy> [
  500,
  Error: connect ECONNREFUSED 10.0.0.5:9090
      at <unknown> (Error: connect ECONNREFUSED 10.0.0.5:9090) {
    errno: -111,
    code: 'ECONNREFUSED',
    syscall: 'connect',
    address: '10.0.0.5',
    port: 9090
  }
]
[2026-05-16T09:48:19.322Z] error: <httpProxy> Error calling http://10.0.0.5:9090/api/v1/query...
[2026-05-16T09:48:19.322Z] error: <httpProxy> [
  500,
  Error: connect ECONNREFUSED 10.0.0.5:9090
      at <unknown> (Error: connect ECONNREFUSED 10.0.0.5:9090) {
    errno: -111,
    code: 'ECONNREFUSED',
    syscall: 'connect',
    address: '10.0.0.5',
    port: 9090
  }
]
[2026-05-16T09:48:34.316Z] error: <httpProxy> Error calling http://10.0.0.5:9090/api/v1/query...
[2026-05-16T09:48:34.317Z] error: <httpProxy> [
  500,
  Error: connect ECONNREFUSED 10.0.0.5:9090
      at <unknown> (Error: connect ECONNREFUSED 10.0.0.5:9090) {
    errno: -111,
    code: 'ECONNREFUSED',
    syscall: 'connect',
    address: '10.0.0.5',
    port: 9090
  }
]
[2026-05-16T09:48:34.319Z] error: <httpProxy> Error calling http://10.0.0.5:9090/api/v1/query...
[2026-05-16T09:48:34.319Z] error: <httpProxy> [
  500,
  Error: connect ECONNREFUSED 10.0.0.5:9090
      at <unknown> (Error: connect ECONNREFUSED 10.0.0.5:9090) {
    errno: -111,
    code: 'ECONNREFUSED',
    syscall: 'connect',
    address: '10.0.0.5',
    port: 9090
  }
]
[2026-05-16T09:48:34.320Z] error: <httpProxy> Error calling http://10.0.0.5:9090/api/v1/query...
[2026-05-16T09:48:34.320Z] error: <httpProxy> [
  500,
  Error: connect ECONNREFUSED 10.0.0.5:9090
      at <unknown> (Error: connect ECONNREFUSED 10.0.0.5:9090) {
    errno: -111,
    code: 'ECONNREFUSED',
    syscall: 'connect',
    address: '10.0.0.5',
    port: 9090
  }
]
[2026-05-16T09:48:34.322Z] error: <httpProxy> Error calling http://10.0.0.5:9090/api/v1/query...
[2026-05-16T09:48:34.322Z] error: <httpProxy> [
  500,
  Error: connect ECONNREFUSED 10.0.0.5:9090
      at <unknown> (Error: connect ECONNREFUSED 10.0.0.5:9090) {
    errno: -111,
    code: 'ECONNREFUSED',
    syscall: 'connect',
    address: '10.0.0.5',
    port: 9090
  }
]
[2026-05-16T09:48:34.324Z] error: <httpProxy> Error calling http://10.0.0.5:9090/api/v1/query...
[2026-05-16T09:48:34.324Z] error: <httpProxy> [
  500,
  Error: connect ECONNREFUSED 10.0.0.5:9090
      at <unknown> (Error: connect ECONNREFUSED 10.0.0.5:9090) {
    errno: -111,
    code: 'ECONNREFUSED',
    syscall: 'connect',
    address: '10.0.0.5',
    port: 9090
  }
]
[2026-05-16T09:48:34.326Z] error: <httpProxy> Error calling http://10.0.0.5:9090/api/v1/query...
[2026-05-16T09:48:34.326Z] error: <httpProxy> [
  500,
  Error: connect ECONNREFUSED 10.0.0.5:9090
      at <unknown> (Error: connect ECONNREFUSED 10.0.0.5:9090) {
    errno: -111,
    code: 'ECONNREFUSED',
    syscall: 'connect',
    address: '10.0.0.5',
    port: 9090
  }
]
[2026-05-16T09:48:34.327Z] error: <httpProxy> Error calling http://10.0.0.5:9090/api/v1/query...
[2026-05-16T09:48:34.327Z] error: <httpProxy> [
  500,
  Error: connect ECONNREFUSED 10.0.0.5:9090
      at <unknown> (Error: connect ECONNREFUSED 10.0.0.5:9090) {
    errno: -111,
    code: 'ECONNREFUSED',
    syscall: 'connect',
    address: '10.0.0.5',
    port: 9090
  }
]
[2026-05-16T09:48:34.328Z] error: <httpProxy> Error calling http://10.0.0.5:9090/api/v1/query...
[2026-05-16T09:48:34.328Z] error: <httpProxy> [
  500,
  Error: connect ECONNREFUSED 10.0.0.5:9090
      at <unknown> (Error: connect ECONNREFUSED 10.0.0.5:9090) {
    errno: -111,
    code: 'ECONNREFUSED',
    syscall: 'connect',
    address: '10.0.0.5',
    port: 9090
  }
]
[2026-05-16T09:48:34.328Z] error: <httpProxy> Error calling http://10.0.0.5:9090/api/v1/query...
[2026-05-16T09:48:34.329Z] error: <httpProxy> [
  500,
  Error: connect ECONNREFUSED 10.0.0.5:9090
      at <unknown> (Error: connect ECONNREFUSED 10.0.0.5:9090) {
    errno: -111,
    code: 'ECONNREFUSED',
    syscall: 'connect',
    address: '10.0.0.5',
    port: 9090
  }
]
[2026-05-16T09:48:34.329Z] error: <httpProxy> Error calling http://10.0.0.5:9090/api/v1/query...
[2026-05-16T09:48:34.329Z] error: <httpProxy> [
  500,
  Error: connect ECONNREFUSED 10.0.0.5:9090
      at <unknown> (Error: connect ECONNREFUSED 10.0.0.5:9090) {
    errno: -111,
    code: 'ECONNREFUSED',
    syscall: 'connect',
    address: '10.0.0.5',
    port: 9090
  }
]
[2026-05-16T09:48:34.330Z] error: <httpProxy> Error calling http://10.0.0.5:9090/api/v1/query...
[2026-05-16T09:48:34.330Z] error: <httpProxy> [
  500,
  Error: connect ECONNREFUSED 10.0.0.5:9090
      at <unknown> (Error: connect ECONNREFUSED 10.0.0.5:9090) {
    errno: -111,
    code: 'ECONNREFUSED',
    syscall: 'connect',
    address: '10.0.0.5',
    port: 9090
  }
]
[2026-05-16T09:48:34.331Z] error: <httpProxy> Error calling http://10.0.0.5:9090/api/v1/query...
[2026-05-16T09:48:34.331Z] error: <httpProxy> [
  500,
  Error: connect ECONNREFUSED 10.0.0.5:9090
      at <unknown> (Error: connect ECONNREFUSED 10.0.0.5:9090) {
    errno: -111,
    code: 'ECONNREFUSED',
    syscall: 'connect',
    address: '10.0.0.5',
    port: 9090
  }
]
[2026-05-16T09:48:34.331Z] error: <httpProxy> Error calling http://10.0.0.5:9090/api/v1/query...
[2026-05-16T09:48:34.332Z] error: <httpProxy> [
  500,
  Error: connect ECONNREFUSED 10.0.0.5:9090
      at <unknown> (Error: connect ECONNREFUSED 10.0.0.5:9090) {
    errno: -111,
    code: 'ECONNREFUSED',
    syscall: 'connect',
    address: '10.0.0.5',
    port: 9090
  }
]
[2026-05-16T09:48:34.332Z] error: <httpProxy> Error calling http://10.0.0.5:9090/api/v1/query...
[2026-05-16T09:48:34.332Z] error: <httpProxy> [
  500,
  Error: connect ECONNREFUSED 10.0.0.5:9090
      at <unknown> (Error: connect ECONNREFUSED 10.0.0.5:9090) {
    errno: -111,
    code: 'ECONNREFUSED',
    syscall: 'connect',
    address: '10.0.0.5',
    port: 9090
  }
]
[2026-05-16T09:48:49.333Z] error: <httpProxy> Error calling http://10.0.0.5:9090/api/v1/query...
[2026-05-16T09:48:49.333Z] error: <httpProxy> [
  500,
  Error: connect ECONNREFUSED 10.0.0.5:9090
      at <unknown> (Error: connect ECONNREFUSED 10.0.0.5:9090) {
    errno: -111,
    code: 'ECONNREFUSED',
    syscall: 'connect',
    address: '10.0.0.5',
    port: 9090
  }
]
[2026-05-16T09:48:49.334Z] error: <httpProxy> Error calling http://10.0.0.5:9090/api/v1/query...
[2026-05-16T09:48:49.334Z] error: <httpProxy> [
  500,
  Error: connect ECONNREFUSED 10.0.0.5:9090
      at <unknown> (Error: connect ECONNREFUSED 10.0.0.5:9090) {
    errno: -111,
    code: 'ECONNREFUSED',
    syscall: 'connect',
    address: '10.0.0.5',
    port: 9090
  }
]
[2026-05-16T09:48:49.334Z] error: <httpProxy> Error calling http://10.0.0.5:9090/api/v1/query...
[2026-05-16T09:48:49.335Z] error: <httpProxy> [
  500,
  Error: connect ECONNREFUSED 10.0.0.5:9090
      at <unknown> (Error: connect ECONNREFUSED 10.0.0.5:9090) {
    errno: -111,
    code: 'ECONNREFUSED',
    syscall: 'connect',
    address: '10.0.0.5',
    port: 9090
  }
]
[2026-05-16T09:48:49.335Z] error: <httpProxy> Error calling http://10.0.0.5:9090/api/v1/query...
[2026-05-16T09:48:49.335Z] error: <httpProxy> [
  500,
  Error: connect ECONNREFUSED 10.0.0.5:9090
      at <unknown> (Error: connect ECONNREFUSED 10.0.0.5:9090) {
    errno: -111,
    code: 'ECONNREFUSED',
    syscall: 'connect',
    address: '10.0.0.5',
    port: 9090
  }
]
[2026-05-16T09:48:49.347Z] error: <httpProxy> Error calling http://10.0.0.5:9090/api/v1/query...
[2026-05-16T09:48:49.347Z] error: <httpProxy> [
  500,
  Error: connect ECONNREFUSED 10.0.0.5:9090
      at <unknown> (Error: connect ECONNREFUSED 10.0.0.5:9090) {
    errno: -111,
    code: 'ECONNREFUSED',
    syscall: 'connect',
    address: '10.0.0.5',
    port: 9090
  }
]
[2026-05-16T09:48:49.349Z] error: <httpProxy> Error calling http://10.0.0.5:9090/api/v1/query...
[2026-05-16T09:48:49.349Z] error: <httpProxy> [
  500,
  Error: connect ECONNREFUSED 10.0.0.5:9090
      at <unknown> (Error: connect ECONNREFUSED 10.0.0.5:9090) {
    errno: -111,
    code: 'ECONNREFUSED',
    syscall: 'connect',
    address: '10.0.0.5',
    port: 9090
  }
]
[2026-05-16T09:48:49.350Z] error: <httpProxy> Error calling http://10.0.0.5:9090/api/v1/query...
[2026-05-16T09:48:49.350Z] error: <httpProxy> [
  500,
  Error: connect ECONNREFUSED 10.0.0.5:9090
      at <unknown> (Error: connect ECONNREFUSED 10.0.0.5:9090) {
    errno: -111,
    code: 'ECONNREFUSED',
    syscall: 'connect',
    address: '10.0.0.5',
    port: 9090
  }
]
[2026-05-16T09:48:49.351Z] error: <httpProxy> Error calling http://10.0.0.5:9090/api/v1/query...
[2026-05-16T09:48:49.351Z] error: <httpProxy> [
  500,
  Error: connect ECONNREFUSED 10.0.0.5:9090
      at <unknown> (Error: connect ECONNREFUSED 10.0.0.5:9090) {
    errno: -111,
    code: 'ECONNREFUSED',
    syscall: 'connect',
    address: '10.0.0.5',
    port: 9090
  }
]
[2026-05-16T09:48:49.352Z] error: <httpProxy> Error calling http://10.0.0.5:9090/api/v1/query...
[2026-05-16T09:48:49.352Z] error: <httpProxy> [
  500,
  Error: connect ECONNREFUSED 10.0.0.5:9090
      at <unknown> (Error: connect ECONNREFUSED 10.0.0.5:9090) {
    errno: -111,
    code: 'ECONNREFUSED',
    syscall: 'connect',
    address: '10.0.0.5',
    port: 9090
  }
]
[2026-05-16T09:48:49.353Z] error: <httpProxy> Error calling http://10.0.0.5:9090/api/v1/query...
[2026-05-16T09:48:49.353Z] error: <httpProxy> [
  500,
  Error: connect ECONNREFUSED 10.0.0.5:9090
      at <unknown> (Error: connect ECONNREFUSED 10.0.0.5:9090) {
    errno: -111,
    code: 'ECONNREFUSED',
    syscall: 'connect',
    address: '10.0.0.5',
    port: 9090
  }
]
[2026-05-16T09:48:49.354Z] error: <httpProxy> Error calling http://10.0.0.5:9090/api/v1/query...
[2026-05-16T09:48:49.354Z] error: <httpProxy> [
  500,
  Error: connect ECONNREFUSED 10.0.0.5:9090
      at <unknown> (Error: connect ECONNREFUSED 10.0.0.5:9090) {
    errno: -111,
    code: 'ECONNREFUSED',
    syscall: 'connect',
    address: '10.0.0.5',
    port: 9090
  }
]
[2026-05-16T09:48:49.354Z] error: <httpProxy> Error calling http://10.0.0.5:9090/api/v1/query...
[2026-05-16T09:48:49.355Z] error: <httpProxy> [
  500,
  Error: connect ECONNREFUSED 10.0.0.5:9090
      at <unknown> (Error: connect ECONNREFUSED 10.0.0.5:9090) {
    errno: -111,
    code: 'ECONNREFUSED',
    syscall: 'connect',
    address: '10.0.0.5',
    port: 9090
  }
]
[2026-05-16T09:48:49.355Z] error: <httpProxy> Error calling http://10.0.0.5:9090/api/v1/query...
[2026-05-16T09:48:49.356Z] error: <httpProxy> [
  500,
  Error: connect ECONNREFUSED 10.0.0.5:9090
      at <unknown> (Error: connect ECONNREFUSED 10.0.0.5:9090) {
    errno: -111,
    code: 'ECONNREFUSED',
    syscall: 'connect',
    address: '10.0.0.5',
    port: 9090
  }
]
[2026-05-16T09:48:49.356Z] error: <httpProxy> Error calling http://10.0.0.5:9090/api/v1/query...
[2026-05-16T09:48:49.356Z] error: <httpProxy> [
  500,
  Error: connect ECONNREFUSED 10.0.0.5:9090
      at <unknown> (Error: connect ECONNREFUSED 10.0.0.5:9090) {
    errno: -111,
    code: 'ECONNREFUSED',
    syscall: 'connect',
    address: '10.0.0.5',
    port: 9090
  }
]
[2026-05-16T09:49:04.349Z] error: <httpProxy> Error calling http://10.0.0.5:9090/api/v1/query...
[2026-05-16T09:49:04.349Z] error: <httpProxy> [
  500,
  Error: connect ECONNREFUSED 10.0.0.5:9090
      at <unknown> (Error: connect ECONNREFUSED 10.0.0.5:9090) {
    errno: -111,
    code: 'ECONNREFUSED',
    syscall: 'connect',
    address: '10.0.0.5',
    port: 9090
  }
]
[2026-05-16T09:49:04.350Z] error: <httpProxy> Error calling http://10.0.0.5:9090/api/v1/query...
[2026-05-16T09:49:04.350Z] error: <httpProxy> [
  500,
  Error: connect ECONNREFUSED 10.0.0.5:9090
      at <unknown> (Error: connect ECONNREFUSED 10.0.0.5:9090) {
    errno: -111,
    code: 'ECONNREFUSED',
    syscall: 'connect',
    address: '10.0.0.5',
    port: 9090
  }
]
[2026-05-16T09:49:04.351Z] error: <httpProxy> Error calling http://10.0.0.5:9090/api/v1/query...
[2026-05-16T09:49:04.351Z] error: <httpProxy> [
  500,
  Error: connect ECONNREFUSED 10.0.0.5:9090
      at <unknown> (Error: connect ECONNREFUSED 10.0.0.5:9090) {
    errno: -111,
    code: 'ECONNREFUSED',
    syscall: 'connect',
    address: '10.0.0.5',
    port: 9090
  }
]
[2026-05-16T09:49:04.351Z] error: <httpProxy> Error calling http://10.0.0.5:9090/api/v1/query...
[2026-05-16T09:49:04.352Z] error: <httpProxy> [
  500,
  Error: connect ECONNREFUSED 10.0.0.5:9090
      at <unknown> (Error: connect ECONNREFUSED 10.0.0.5:9090) {
    errno: -111,
    code: 'ECONNREFUSED',
    syscall: 'connect',
    address: '10.0.0.5',
    port: 9090
  }
]
[2026-05-16T09:49:04.356Z] error: <httpProxy> Error calling http://10.0.0.5:9090/api/v1/query...
[2026-05-16T09:49:04.356Z] error: <httpProxy> [
  500,
  Error: connect ECONNREFUSED 10.0.0.5:9090
      at <unknown> (Error: connect ECONNREFUSED 10.0.0.5:9090) {
    errno: -111,
    code: 'ECONNREFUSED',
    syscall: 'connect',
    address: '10.0.0.5',
    port: 9090
  }
]
[2026-05-16T09:49:04.362Z] error: <httpProxy> Error calling http://10.0.0.5:9090/api/v1/query...
[2026-05-16T09:49:04.362Z] error: <httpProxy> [
  500,
  Error: connect ECONNREFUSED 10.0.0.5:9090
      at <unknown> (Error: connect ECONNREFUSED 10.0.0.5:9090) {
    errno: -111,
    code: 'ECONNREFUSED',
    syscall: 'connect',
    address: '10.0.0.5',
    port: 9090
  }
]
[2026-05-16T09:49:04.364Z] error: <httpProxy> Error calling http://10.0.0.5:9090/api/v1/query...
[2026-05-16T09:49:04.364Z] error: <httpProxy> [
  500,
  Error: connect ECONNREFUSED 10.0.0.5:9090
      at <unknown> (Error: connect ECONNREFUSED 10.0.0.5:9090) {
    errno: -111,
    code: 'ECONNREFUSED',
    syscall: 'connect',
    address: '10.0.0.5',
    port: 9090
  }
]
[2026-05-16T09:49:04.365Z] error: <httpProxy> Error calling http://10.0.0.5:9090/api/v1/query...
[2026-05-16T09:49:04.365Z] error: <httpProxy> [
  500,
  Error: connect ECONNREFUSED 10.0.0.5:9090
      at <unknown> (Error: connect ECONNREFUSED 10.0.0.5:9090) {
    errno: -111,
    code: 'ECONNREFUSED',
    syscall: 'connect',
    address: '10.0.0.5',
    port: 9090
  }
]
[2026-05-16T09:49:04.367Z] error: <httpProxy> Error calling http://10.0.0.5:9090/api/v1/query...
[2026-05-16T09:49:04.367Z] error: <httpProxy> [
  500,
  Error: connect ECONNREFUSED 10.0.0.5:9090
      at <unknown> (Error: connect ECONNREFUSED 10.0.0.5:9090) {
    errno: -111,
    code: 'ECONNREFUSED',
    syscall: 'connect',
    address: '10.0.0.5',
    port: 9090
  }
]
[2026-05-16T09:49:04.368Z] error: <httpProxy> Error calling http://10.0.0.5:9090/api/v1/query...
[2026-05-16T09:49:04.368Z] error: <httpProxy> [
  500,
  Error: connect ECONNREFUSED 10.0.0.5:9090
      at <unknown> (Error: connect ECONNREFUSED 10.0.0.5:9090) {
    errno: -111,
    code: 'ECONNREFUSED',
    syscall: 'connect',
    address: '10.0.0.5',
    port: 9090
  }
]
[2026-05-16T09:49:04.369Z] error: <httpProxy> Error calling http://10.0.0.5:9090/api/v1/query...
[2026-05-16T09:49:04.369Z] error: <httpProxy> [
  500,
  Error: connect ECONNREFUSED 10.0.0.5:9090
      at <unknown> (Error: connect ECONNREFUSED 10.0.0.5:9090) {
    errno: -111,
    code: 'ECONNREFUSED',
    syscall: 'connect',
    address: '10.0.0.5',
    port: 9090
  }
]
[2026-05-16T09:49:04.370Z] error: <httpProxy> Error calling http://10.0.0.5:9090/api/v1/query...
[2026-05-16T09:49:04.370Z] error: <httpProxy> [
  500,
  Error: connect ECONNREFUSED 10.0.0.5:9090
      at <unknown> (Error: connect ECONNREFUSED 10.0.0.5:9090) {
    errno: -111,
    code: 'ECONNREFUSED',
    syscall: 'connect',
    address: '10.0.0.5',
    port: 9090
  }
]
[2026-05-16T09:49:04.370Z] error: <httpProxy> Error calling http://10.0.0.5:9090/api/v1/query...
[2026-05-16T09:49:04.370Z] error: <httpProxy> [
  500,
  Error: connect ECONNREFUSED 10.0.0.5:9090
      at <unknown> (Error: connect ECONNREFUSED 10.0.0.5:9090) {
    errno: -111,
    code: 'ECONNREFUSED',
    syscall: 'connect',
    address: '10.0.0.5',
    port: 9090
  }
]
[2026-05-16T09:49:04.371Z] error: <httpProxy> Error calling http://10.0.0.5:9090/api/v1/query...
[2026-05-16T09:49:04.371Z] error: <httpProxy> [
  500,
  Error: connect ECONNREFUSED 10.0.0.5:9090
      at <unknown> (Error: connect ECONNREFUSED 10.0.0.5:9090) {
    errno: -111,
    code: 'ECONNREFUSED',
    syscall: 'connect',
    address: '10.0.0.5',
    port: 9090
  }
]
[2026-05-16T09:49:19.379Z] error: <httpProxy> Error calling http://10.0.0.5:9090/api/v1/query...
[2026-05-16T09:49:19.379Z] error: <httpProxy> [
  500,
  Error: connect ECONNREFUSED 10.0.0.5:9090
      at <unknown> (Error: connect ECONNREFUSED 10.0.0.5:9090) {
    errno: -111,
    code: 'ECONNREFUSED',
    syscall: 'connect',
    address: '10.0.0.5',
    port: 9090
  }
]
[2026-05-16T09:49:19.380Z] error: <httpProxy> Error calling http://10.0.0.5:9090/api/v1/query...
[2026-05-16T09:49:19.380Z] error: <httpProxy> [
  500,
  Error: connect ECONNREFUSED 10.0.0.5:9090
      at <unknown> (Error: connect ECONNREFUSED 10.0.0.5:9090) {
    errno: -111,
    code: 'ECONNREFUSED',
    syscall: 'connect',
    address: '10.0.0.5',
    port: 9090
  }
]
[2026-05-16T09:49:19.380Z] error: <httpProxy> Error calling http://10.0.0.5:9090/api/v1/query...
[2026-05-16T09:49:19.380Z] error: <httpProxy> [
  500,
  Error: connect ECONNREFUSED 10.0.0.5:9090
      at <unknown> (Error: connect ECONNREFUSED 10.0.0.5:9090) {
    errno: -111,
    code: 'ECONNREFUSED',
    syscall: 'connect',
    address: '10.0.0.5',
    port: 9090
  }
]
[2026-05-16T09:49:19.380Z] error: <httpProxy> Error calling http://10.0.0.5:9090/api/v1/query...
[2026-05-16T09:49:19.380Z] error: <httpProxy> [
  500,
  Error: connect ECONNREFUSED 10.0.0.5:9090
      at <unknown> (Error: connect ECONNREFUSED 10.0.0.5:9090) {
    errno: -111,
    code: 'ECONNREFUSED',
    syscall: 'connect',
    address: '10.0.0.5',
    port: 9090
  }
]
[2026-05-16T09:49:19.381Z] error: <httpProxy> Error calling http://10.0.0.5:9090/api/v1/query...
[2026-05-16T09:49:19.381Z] error: <httpProxy> [
  500,
  Error: connect ECONNREFUSED 10.0.0.5:9090
      at <unknown> (Error: connect ECONNREFUSED 10.0.0.5:9090) {
    errno: -111,
    code: 'ECONNREFUSED',
    syscall: 'connect',
    address: '10.0.0.5',
    port: 9090
  }
]
[2026-05-16T09:49:19.381Z] error: <httpProxy> Error calling http://10.0.0.5:9090/api/v1/query...
[2026-05-16T09:49:19.381Z] error: <httpProxy> [
  500,
  Error: connect ECONNREFUSED 10.0.0.5:9090
      at <unknown> (Error: connect ECONNREFUSED 10.0.0.5:9090) {
    errno: -111,
    code: 'ECONNREFUSED',
    syscall: 'connect',
    address: '10.0.0.5',
    port: 9090
  }
]
[2026-05-16T09:49:19.381Z] error: <httpProxy> Error calling http://10.0.0.5:9090/api/v1/query...
[2026-05-16T09:49:19.382Z] error: <httpProxy> [
  500,
  Error: connect ECONNREFUSED 10.0.0.5:9090
      at <unknown> (Error: connect ECONNREFUSED 10.0.0.5:9090) {
    errno: -111,
    code: 'ECONNREFUSED',
    syscall: 'connect',
    address: '10.0.0.5',
    port: 9090
  }
]
[2026-05-16T09:49:19.397Z] error: <httpProxy> Error calling http://10.0.0.5:9090/api/v1/query...
[2026-05-16T09:49:19.397Z] error: <httpProxy> [
  500,
  Error: connect ECONNREFUSED 10.0.0.5:9090
      at <unknown> (Error: connect ECONNREFUSED 10.0.0.5:9090) {
    errno: -111,
    code: 'ECONNREFUSED',
    syscall: 'connect',
    address: '10.0.0.5',
    port: 9090
  }
]
[2026-05-16T09:49:19.398Z] error: <httpProxy> Error calling http://10.0.0.5:9090/api/v1/query...
[2026-05-16T09:49:19.398Z] error: <httpProxy> [
  500,
  Error: connect ECONNREFUSED 10.0.0.5:9090
      at <unknown> (Error: connect ECONNREFUSED 10.0.0.5:9090) {
    errno: -111,
    code: 'ECONNREFUSED',
    syscall: 'connect',
    address: '10.0.0.5',
    port: 9090
  }
]
[2026-05-16T09:49:19.398Z] error: <httpProxy> Error calling http://10.0.0.5:9090/api/v1/query...
[2026-05-16T09:49:19.399Z] error: <httpProxy> [
  500,
  Error: connect ECONNREFUSED 10.0.0.5:9090
      at <unknown> (Error: connect ECONNREFUSED 10.0.0.5:9090) {
    errno: -111,
    code: 'ECONNREFUSED',
    syscall: 'connect',
    address: '10.0.0.5',
    port: 9090
  }
]
[2026-05-16T09:49:19.399Z] error: <httpProxy> Error calling http://10.0.0.5:9090/api/v1/query...
[2026-05-16T09:49:19.399Z] error: <httpProxy> [
  500,
  Error: connect ECONNREFUSED 10.0.0.5:9090
      at <unknown> (Error: connect ECONNREFUSED 10.0.0.5:9090) {
    errno: -111,
    code: 'ECONNREFUSED',
    syscall: 'connect',
    address: '10.0.0.5',
    port: 9090
  }
]
[2026-05-16T09:49:19.400Z] error: <httpProxy> Error calling http://10.0.0.5:9090/api/v1/query...
[2026-05-16T09:49:19.400Z] error: <httpProxy> [
  500,
  Error: connect ECONNREFUSED 10.0.0.5:9090
      at <unknown> (Error: connect ECONNREFUSED 10.0.0.5:9090) {
    errno: -111,
    code: 'ECONNREFUSED',
    syscall: 'connect',
    address: '10.0.0.5',
    port: 9090
  }
]
[2026-05-16T09:49:19.401Z] error: <httpProxy> Error calling http://10.0.0.5:9090/api/v1/query...
[2026-05-16T09:49:19.401Z] error: <httpProxy> [
  500,
  Error: connect ECONNREFUSED 10.0.0.5:9090
      at <unknown> (Error: connect ECONNREFUSED 10.0.0.5:9090) {
    errno: -111,
    code: 'ECONNREFUSED',
    syscall: 'connect',
    address: '10.0.0.5',
    port: 9090
  }
]
[2026-05-16T09:49:19.401Z] error: <httpProxy> Error calling http://10.0.0.5:9090/api/v1/query...
[2026-05-16T09:49:19.401Z] error: <httpProxy> [
  500,
  Error: connect ECONNREFUSED 10.0.0.5:9090
      at <unknown> (Error: connect ECONNREFUSED 10.0.0.5:9090) {
    errno: -111,
    code: 'ECONNREFUSED',
    syscall: 'connect',
    address: '10.0.0.5',
    port: 9090
  }
]
[2026-05-16T09:49:34.388Z] error: <httpProxy> Error calling http://10.0.0.5:9090/api/v1/query...
[2026-05-16T09:49:34.388Z] error: <httpProxy> [
  500,
  Error: connect ECONNREFUSED 10.0.0.5:9090
      at <unknown> (Error: connect ECONNREFUSED 10.0.0.5:9090) {
    errno: -111,
    code: 'ECONNREFUSED',
    syscall: 'connect',
    address: '10.0.0.5',
    port: 9090
  }
]
[2026-05-16T09:49:34.396Z] error: <httpProxy> Error calling http://10.0.0.5:9090/api/v1/query...
[2026-05-16T09:49:34.396Z] error: <httpProxy> [
  500,
  Error: connect ECONNREFUSED 10.0.0.5:9090
      at <unknown> (Error: connect ECONNREFUSED 10.0.0.5:9090) {
    errno: -111,
    code: 'ECONNREFUSED',
    syscall: 'connect',
    address: '10.0.0.5',
    port: 9090
  }
]
[2026-05-16T09:49:34.397Z] error: <httpProxy> Error calling http://10.0.0.5:9090/api/v1/query...
[2026-05-16T09:49:34.397Z] error: <httpProxy> [
  500,
  Error: connect ECONNREFUSED 10.0.0.5:9090
      at <unknown> (Error: connect ECONNREFUSED 10.0.0.5:9090) {
    errno: -111,
    code: 'ECONNREFUSED',
    syscall: 'connect',
    address: '10.0.0.5',
    port: 9090
  }
]
[2026-05-16T09:49:34.398Z] error: <httpProxy> Error calling http://10.0.0.5:9090/api/v1/query...
[2026-05-16T09:49:34.398Z] error: <httpProxy> [
  500,
  Error: connect ECONNREFUSED 10.0.0.5:9090
      at <unknown> (Error: connect ECONNREFUSED 10.0.0.5:9090) {
    errno: -111,
    code: 'ECONNREFUSED',
    syscall: 'connect',
    address: '10.0.0.5',
    port: 9090
  }
]
[2026-05-16T09:49:34.399Z] error: <httpProxy> Error calling http://10.0.0.5:9090/api/v1/query...
[2026-05-16T09:49:34.399Z] error: <httpProxy> [
  500,
  Error: connect ECONNREFUSED 10.0.0.5:9090
      at <unknown> (Error: connect ECONNREFUSED 10.0.0.5:9090) {
    errno: -111,
    code: 'ECONNREFUSED',
    syscall: 'connect',
    address: '10.0.0.5',
    port: 9090
  }
]
[2026-05-16T09:49:34.399Z] error: <httpProxy> Error calling http://10.0.0.5:9090/api/v1/query...
[2026-05-16T09:49:34.399Z] error: <httpProxy> [
  500,
  Error: connect ECONNREFUSED 10.0.0.5:9090
      at <unknown> (Error: connect ECONNREFUSED 10.0.0.5:9090) {
    errno: -111,
    code: 'ECONNREFUSED',
    syscall: 'connect',
    address: '10.0.0.5',
    port: 9090
  }
]
[2026-05-16T09:49:34.400Z] error: <httpProxy> Error calling http://10.0.0.5:9090/api/v1/query...
[2026-05-16T09:49:34.400Z] error: <httpProxy> [
  500,
  Error: connect ECONNREFUSED 10.0.0.5:9090
      at <unknown> (Error: connect ECONNREFUSED 10.0.0.5:9090) {
    errno: -111,
    code: 'ECONNREFUSED',
    syscall: 'connect',
    address: '10.0.0.5',
    port: 9090
  }
]
[2026-05-16T09:49:34.411Z] error: <httpProxy> Error calling http://10.0.0.5:9090/api/v1/query...
[2026-05-16T09:49:34.411Z] error: <httpProxy> [
  500,
  Error: connect ECONNREFUSED 10.0.0.5:9090
      at <unknown> (Error: connect ECONNREFUSED 10.0.0.5:9090) {
    errno: -111,
    code: 'ECONNREFUSED',
    syscall: 'connect',
    address: '10.0.0.5',
    port: 9090
  }
]
[2026-05-16T09:49:34.412Z] error: <httpProxy> Error calling http://10.0.0.5:9090/api/v1/query...
[2026-05-16T09:49:34.412Z] error: <httpProxy> [
  500,
  Error: connect ECONNREFUSED 10.0.0.5:9090
      at <unknown> (Error: connect ECONNREFUSED 10.0.0.5:9090) {
    errno: -111,
    code: 'ECONNREFUSED',
    syscall: 'connect',
    address: '10.0.0.5',
    port: 9090
  }
]
[2026-05-16T09:49:34.413Z] error: <httpProxy> Error calling http://10.0.0.5:9090/api/v1/query...
[2026-05-16T09:49:34.413Z] error: <httpProxy> [
  500,
  Error: connect ECONNREFUSED 10.0.0.5:9090
      at <unknown> (Error: connect ECONNREFUSED 10.0.0.5:9090) {
    errno: -111,
    code: 'ECONNREFUSED',
    syscall: 'connect',
    address: '10.0.0.5',
    port: 9090
  }
]
[2026-05-16T09:49:34.413Z] error: <httpProxy> Error calling http://10.0.0.5:9090/api/v1/query...
[2026-05-16T09:49:34.414Z] error: <httpProxy> [
  500,
  Error: connect ECONNREFUSED 10.0.0.5:9090
      at <unknown> (Error: connect ECONNREFUSED 10.0.0.5:9090) {
    errno: -111,
    code: 'ECONNREFUSED',
    syscall: 'connect',
    address: '10.0.0.5',
    port: 9090
  }
]
[2026-05-16T09:49:34.414Z] error: <httpProxy> Error calling http://10.0.0.5:9090/api/v1/query...
[2026-05-16T09:49:34.414Z] error: <httpProxy> [
  500,
  Error: connect ECONNREFUSED 10.0.0.5:9090
      at <unknown> (Error: connect ECONNREFUSED 10.0.0.5:9090) {
    errno: -111,
    code: 'ECONNREFUSED',
    syscall: 'connect',
    address: '10.0.0.5',
    port: 9090
  }
]
[2026-05-16T09:49:34.415Z] error: <httpProxy> Error calling http://10.0.0.5:9090/api/v1/query...
[2026-05-16T09:49:34.415Z] error: <httpProxy> [
  500,
  Error: connect ECONNREFUSED 10.0.0.5:9090
      at <unknown> (Error: connect ECONNREFUSED 10.0.0.5:9090) {
    errno: -111,
    code: 'ECONNREFUSED',
    syscall: 'connect',
    address: '10.0.0.5',
    port: 9090
  }
]
[2026-05-16T09:49:34.415Z] error: <httpProxy> Error calling http://10.0.0.5:9090/api/v1/query...
[2026-05-16T09:49:34.415Z] error: <httpProxy> [
  500,
  Error: connect ECONNREFUSED 10.0.0.5:9090
      at <unknown> (Error: connect ECONNREFUSED 10.0.0.5:9090) {
    errno: -111,
    code: 'ECONNREFUSED',
    syscall: 'connect',
    address: '10.0.0.5',
    port: 9090
  }
]
[2026-05-16T09:49:49.407Z] error: <httpProxy> Error calling http://10.0.0.5:9090/api/v1/query...
[2026-05-16T09:49:49.407Z] error: <httpProxy> [
  500,
  Error: connect ECONNREFUSED 10.0.0.5:9090
      at <unknown> (Error: connect ECONNREFUSED 10.0.0.5:9090) {
    errno: -111,
    code: 'ECONNREFUSED',
    syscall: 'connect',
    address: '10.0.0.5',
    port: 9090
  }
]
[2026-05-16T09:49:49.408Z] error: <httpProxy> Error calling http://10.0.0.5:9090/api/v1/query...
[2026-05-16T09:49:49.408Z] error: <httpProxy> [
  500,
  Error: connect ECONNREFUSED 10.0.0.5:9090
      at <unknown> (Error: connect ECONNREFUSED 10.0.0.5:9090) {
    errno: -111,
    code: 'ECONNREFUSED',
    syscall: 'connect',
    address: '10.0.0.5',
    port: 9090
  }
]
[2026-05-16T09:49:49.409Z] error: <httpProxy> Error calling http://10.0.0.5:9090/api/v1/query...
[2026-05-16T09:49:49.409Z] error: <httpProxy> [
  500,
  Error: connect ECONNREFUSED 10.0.0.5:9090
      at <unknown> (Error: connect ECONNREFUSED 10.0.0.5:9090) {
    errno: -111,
    code: 'ECONNREFUSED',
    syscall: 'connect',
    address: '10.0.0.5',
    port: 9090
  }
]
[2026-05-16T09:49:49.417Z] error: <httpProxy> Error calling http://10.0.0.5:9090/api/v1/query...
[2026-05-16T09:49:49.417Z] error: <httpProxy> [
  500,
  Error: connect ECONNREFUSED 10.0.0.5:9090
      at <unknown> (Error: connect ECONNREFUSED 10.0.0.5:9090) {
    errno: -111,
    code: 'ECONNREFUSED',
    syscall: 'connect',
    address: '10.0.0.5',
    port: 9090
  }
]
[2026-05-16T09:49:49.417Z] error: <httpProxy> Error calling http://10.0.0.5:9090/api/v1/query...
[2026-05-16T09:49:49.418Z] error: <httpProxy> [
  500,
  Error: connect ECONNREFUSED 10.0.0.5:9090
      at <unknown> (Error: connect ECONNREFUSED 10.0.0.5:9090) {
    errno: -111,
    code: 'ECONNREFUSED',
    syscall: 'connect',
    address: '10.0.0.5',
    port: 9090
  }
]
[2026-05-16T09:49:49.418Z] error: <httpProxy> Error calling http://10.0.0.5:9090/api/v1/query...
[2026-05-16T09:49:49.418Z] error: <httpProxy> [
  500,
  Error: connect ECONNREFUSED 10.0.0.5:9090
      at <unknown> (Error: connect ECONNREFUSED 10.0.0.5:9090) {
    errno: -111,
    code: 'ECONNREFUSED',
    syscall: 'connect',
    address: '10.0.0.5',
    port: 9090
  }
]
[2026-05-16T09:49:49.418Z] error: <httpProxy> Error calling http://10.0.0.5:9090/api/v1/query...
[2026-05-16T09:49:49.418Z] error: <httpProxy> [
  500,
  Error: connect ECONNREFUSED 10.0.0.5:9090
      at <unknown> (Error: connect ECONNREFUSED 10.0.0.5:9090) {
    errno: -111,
    code: 'ECONNREFUSED',
    syscall: 'connect',
    address: '10.0.0.5',
    port: 9090
  }
]
[2026-05-16T09:49:49.427Z] error: <httpProxy> Error calling http://10.0.0.5:9090/api/v1/query...
[2026-05-16T09:49:49.427Z] error: <httpProxy> [
  500,
  Error: connect ECONNREFUSED 10.0.0.5:9090
      at <unknown> (Error: connect ECONNREFUSED 10.0.0.5:9090) {
    errno: -111,
    code: 'ECONNREFUSED',
    syscall: 'connect',
    address: '10.0.0.5',
    port: 9090
  }
]
[2026-05-16T09:49:49.429Z] error: <httpProxy> Error calling http://10.0.0.5:9090/api/v1/query...
[2026-05-16T09:49:49.430Z] error: <httpProxy> [
  500,
  Error: connect ECONNREFUSED 10.0.0.5:9090
      at <unknown> (Error: connect ECONNREFUSED 10.0.0.5:9090) {
    errno: -111,
    code: 'ECONNREFUSED',
    syscall: 'connect',
    address: '10.0.0.5',
    port: 9090
  }
]
[2026-05-16T09:49:49.430Z] error: <httpProxy> Error calling http://10.0.0.5:9090/api/v1/query...
[2026-05-16T09:49:49.430Z] error: <httpProxy> [
  500,
  Error: connect ECONNREFUSED 10.0.0.5:9090
      at <unknown> (Error: connect ECONNREFUSED 10.0.0.5:9090) {
    errno: -111,
    code: 'ECONNREFUSED',
    syscall: 'connect',
    address: '10.0.0.5',
    port: 9090
  }
]
[2026-05-16T09:49:49.436Z] error: <httpProxy> Error calling http://10.0.0.5:9090/api/v1/query...
[2026-05-16T09:49:49.436Z] error: <httpProxy> [
  500,
  Error: connect ECONNREFUSED 10.0.0.5:9090
      at <unknown> (Error: connect ECONNREFUSED 10.0.0.5:9090) {
    errno: -111,
    code: 'ECONNREFUSED',
    syscall: 'connect',
    address: '10.0.0.5',
    port: 9090
  }
]
[2026-05-16T09:49:49.436Z] error: <httpProxy> Error calling http://10.0.0.5:9090/api/v1/query...
[2026-05-16T09:49:49.436Z] error: <httpProxy> [
  500,
  Error: connect ECONNREFUSED 10.0.0.5:9090
      at <unknown> (Error: connect ECONNREFUSED 10.0.0.5:9090) {
    errno: -111,
    code: 'ECONNREFUSED',
    syscall: 'connect',
    address: '10.0.0.5',
    port: 9090
  }
]
[2026-05-16T09:49:49.436Z] error: <httpProxy> Error calling http://10.0.0.5:9090/api/v1/query...
[2026-05-16T09:49:49.436Z] error: <httpProxy> [
  500,
  Error: connect ECONNREFUSED 10.0.0.5:9090
      at <unknown> (Error: connect ECONNREFUSED 10.0.0.5:9090) {
    errno: -111,
    code: 'ECONNREFUSED',
    syscall: 'connect',
    address: '10.0.0.5',
    port: 9090
  }
]
[2026-05-16T09:49:49.437Z] error: <httpProxy> Error calling http://10.0.0.5:9090/api/v1/query...
[2026-05-16T09:49:49.437Z] error: <httpProxy> [
  500,
  Error: connect ECONNREFUSED 10.0.0.5:9090
      at <unknown> (Error: connect ECONNREFUSED 10.0.0.5:9090) {
    errno: -111,
    code: 'ECONNREFUSED',
    syscall: 'connect',
    address: '10.0.0.5',
    port: 9090
  }
]
[2026-05-16T09:50:04.416Z] error: <httpProxy> Error calling http://10.0.0.5:9090/api/v1/query...
[2026-05-16T09:50:04.416Z] error: <httpProxy> [
  500,
  Error: connect ECONNREFUSED 10.0.0.5:9090
      at <unknown> (Error: connect ECONNREFUSED 10.0.0.5:9090) {
    errno: -111,
    code: 'ECONNREFUSED',
    syscall: 'connect',
    address: '10.0.0.5',
    port: 9090
  }
]
[2026-05-16T09:50:04.421Z] error: <httpProxy> Error calling http://10.0.0.5:9090/api/v1/query...
[2026-05-16T09:50:04.421Z] error: <httpProxy> [
  500,
  Error: connect ECONNREFUSED 10.0.0.5:9090
      at <unknown> (Error: connect ECONNREFUSED 10.0.0.5:9090) {
    errno: -111,
    code: 'ECONNREFUSED',
    syscall: 'connect',
    address: '10.0.0.5',
    port: 9090
  }
]
[2026-05-16T09:50:04.422Z] error: <httpProxy> Error calling http://10.0.0.5:9090/api/v1/query...
[2026-05-16T09:50:04.422Z] error: <httpProxy> [
  500,
  Error: connect ECONNREFUSED 10.0.0.5:9090
      at <unknown> (Error: connect ECONNREFUSED 10.0.0.5:9090) {
    errno: -111,
    code: 'ECONNREFUSED',
    syscall: 'connect',
    address: '10.0.0.5',
    port: 9090
  }
]
[2026-05-16T09:50:04.443Z] error: <httpProxy> Error calling http://10.0.0.5:9090/api/v1/query...
[2026-05-16T09:50:04.443Z] error: <httpProxy> [
  500,
  Error: connect ECONNREFUSED 10.0.0.5:9090
      at <unknown> (Error: connect ECONNREFUSED 10.0.0.5:9090) {
    errno: -111,
    code: 'ECONNREFUSED',
    syscall: 'connect',
    address: '10.0.0.5',
    port: 9090
  }
]
[2026-05-16T09:50:04.444Z] error: <httpProxy> Error calling http://10.0.0.5:9090/api/v1/query...
[2026-05-16T09:50:04.444Z] error: <httpProxy> [
  500,
  Error: connect ECONNREFUSED 10.0.0.5:9090
      at <unknown> (Error: connect ECONNREFUSED 10.0.0.5:9090) {
    errno: -111,
    code: 'ECONNREFUSED',
    syscall: 'connect',
    address: '10.0.0.5',
    port: 9090
  }
]
[2026-05-16T09:50:04.445Z] error: <httpProxy> Error calling http://10.0.0.5:9090/api/v1/query...
[2026-05-16T09:50:04.446Z] error: <httpProxy> [
  500,
  Error: connect ECONNREFUSED 10.0.0.5:9090
      at <unknown> (Error: connect ECONNREFUSED 10.0.0.5:9090) {
    errno: -111,
    code: 'ECONNREFUSED',
    syscall: 'connect',
    address: '10.0.0.5',
    port: 9090
  }
]
[2026-05-16T09:50:04.446Z] error: <httpProxy> Error calling http://10.0.0.5:9090/api/v1/query...
[2026-05-16T09:50:04.446Z] error: <httpProxy> [
  500,
  Error: connect ECONNREFUSED 10.0.0.5:9090
      at <unknown> (Error: connect ECONNREFUSED 10.0.0.5:9090) {
    errno: -111,
    code: 'ECONNREFUSED',
    syscall: 'connect',
    address: '10.0.0.5',
    port: 9090
  }
]
[2026-05-16T09:50:04.447Z] error: <httpProxy> Error calling http://10.0.0.5:9090/api/v1/query...
[2026-05-16T09:50:04.447Z] error: <httpProxy> [
  500,
  Error: connect ECONNREFUSED 10.0.0.5:9090
      at <unknown> (Error: connect ECONNREFUSED 10.0.0.5:9090) {
    errno: -111,
    code: 'ECONNREFUSED',
    syscall: 'connect',
    address: '10.0.0.5',
    port: 9090
  }
]
[2026-05-16T09:50:04.450Z] error: <httpProxy> Error calling http://10.0.0.5:9090/api/v1/query...
[2026-05-16T09:50:04.450Z] error: <httpProxy> [
  500,
  Error: connect ECONNREFUSED 10.0.0.5:9090
      at <unknown> (Error: connect ECONNREFUSED 10.0.0.5:9090) {
    errno: -111,
    code: 'ECONNREFUSED',
    syscall: 'connect',
    address: '10.0.0.5',
    port: 9090
  }
]
[2026-05-16T09:50:04.451Z] error: <httpProxy> Error calling http://10.0.0.5:9090/api/v1/query...
[2026-05-16T09:50:04.452Z] error: <httpProxy> [
  500,
  Error: connect ECONNREFUSED 10.0.0.5:9090
      at <unknown> (Error: connect ECONNREFUSED 10.0.0.5:9090) {
    errno: -111,
    code: 'ECONNREFUSED',
    syscall: 'connect',
    address: '10.0.0.5',
    port: 9090
  }
]
[2026-05-16T09:50:04.453Z] error: <httpProxy> Error calling http://10.0.0.5:9090/api/v1/query...
[2026-05-16T09:50:04.454Z] error: <httpProxy> [
  500,
  Error: connect ECONNREFUSED 10.0.0.5:9090
      at <unknown> (Error: connect ECONNREFUSED 10.0.0.5:9090) {
    errno: -111,
    code: 'ECONNREFUSED',
    syscall: 'connect',
    address: '10.0.0.5',
    port: 9090
  }
]
[2026-05-16T09:50:04.454Z] error: <httpProxy> Error calling http://10.0.0.5:9090/api/v1/query...
[2026-05-16T09:50:04.454Z] error: <httpProxy> [
  500,
  Error: connect ECONNREFUSED 10.0.0.5:9090
      at <unknown> (Error: connect ECONNREFUSED 10.0.0.5:9090) {
    errno: -111,
    code: 'ECONNREFUSED',
    syscall: 'connect',
    address: '10.0.0.5',
    port: 9090
  }
]
[2026-05-16T09:50:04.455Z] error: <httpProxy> Error calling http://10.0.0.5:9090/api/v1/query...
[2026-05-16T09:50:04.455Z] error: <httpProxy> [
  500,
  Error: connect ECONNREFUSED 10.0.0.5:9090
      at <unknown> (Error: connect ECONNREFUSED 10.0.0.5:9090) {
    errno: -111,
    code: 'ECONNREFUSED',
    syscall: 'connect',
    address: '10.0.0.5',
    port: 9090
  }
]
[2026-05-16T09:50:04.456Z] error: <httpProxy> Error calling http://10.0.0.5:9090/api/v1/query...
[2026-05-16T09:50:04.456Z] error: <httpProxy> [
  500,
  Error: connect ECONNREFUSED 10.0.0.5:9090
      at <unknown> (Error: connect ECONNREFUSED 10.0.0.5:9090) {
    errno: -111,
    code: 'ECONNREFUSED',
    syscall: 'connect',
    address: '10.0.0.5',
    port: 9090
  }
]
[2026-05-16T09:50:19.437Z] error: <httpProxy> Error calling http://10.0.0.5:9090/api/v1/query...
[2026-05-16T09:50:19.437Z] error: <httpProxy> [
  500,
  Error: connect ECONNREFUSED 10.0.0.5:9090
      at <unknown> (Error: connect ECONNREFUSED 10.0.0.5:9090) {
    errno: -111,
    code: 'ECONNREFUSED',
    syscall: 'connect',
    address: '10.0.0.5',
    port: 9090
  }
]
[2026-05-16T09:50:19.439Z] error: <httpProxy> Error calling http://10.0.0.5:9090/api/v1/query...
[2026-05-16T09:50:19.439Z] error: <httpProxy> [
  500,
  Error: connect ECONNREFUSED 10.0.0.5:9090
      at <unknown> (Error: connect ECONNREFUSED 10.0.0.5:9090) {
    errno: -111,
    code: 'ECONNREFUSED',
    syscall: 'connect',
    address: '10.0.0.5',
    port: 9090
  }
]
[2026-05-16T09:50:19.439Z] error: <httpProxy> Error calling http://10.0.0.5:9090/api/v1/query...
[2026-05-16T09:50:19.439Z] error: <httpProxy> [
  500,
  Error: connect ECONNREFUSED 10.0.0.5:9090
      at <unknown> (Error: connect ECONNREFUSED 10.0.0.5:9090) {
    errno: -111,
    code: 'ECONNREFUSED',
    syscall: 'connect',
    address: '10.0.0.5',
    port: 9090
  }
]
[2026-05-16T09:50:19.452Z] error: <httpProxy> Error calling http://10.0.0.5:9090/api/v1/query...
[2026-05-16T09:50:19.453Z] error: <httpProxy> [
  500,
  Error: connect ECONNREFUSED 10.0.0.5:9090
      at <unknown> (Error: connect ECONNREFUSED 10.0.0.5:9090) {
    errno: -111,
    code: 'ECONNREFUSED',
    syscall: 'connect',
    address: '10.0.0.5',
    port: 9090
  }
]
[2026-05-16T09:50:19.453Z] error: <httpProxy> Error calling http://10.0.0.5:9090/api/v1/query...
[2026-05-16T09:50:19.453Z] error: <httpProxy> [
  500,
  Error: connect ECONNREFUSED 10.0.0.5:9090
      at <unknown> (Error: connect ECONNREFUSED 10.0.0.5:9090) {
    errno: -111,
    code: 'ECONNREFUSED',
    syscall: 'connect',
    address: '10.0.0.5',
    port: 9090
  }
]
[2026-05-16T09:50:19.461Z] error: <httpProxy> Error calling http://10.0.0.5:9090/api/v1/query...
[2026-05-16T09:50:19.461Z] error: <httpProxy> [
  500,
  Error: connect ECONNREFUSED 10.0.0.5:9090
      at <unknown> (Error: connect ECONNREFUSED 10.0.0.5:9090) {
    errno: -111,
    code: 'ECONNREFUSED',
    syscall: 'connect',
    address: '10.0.0.5',
    port: 9090
  }
]
[2026-05-16T09:50:19.462Z] error: <httpProxy> Error calling http://10.0.0.5:9090/api/v1/query...
[2026-05-16T09:50:19.462Z] error: <httpProxy> [
  500,
  Error: connect ECONNREFUSED 10.0.0.5:9090
      at <unknown> (Error: connect ECONNREFUSED 10.0.0.5:9090) {
    errno: -111,
    code: 'ECONNREFUSED',
    syscall: 'connect',
    address: '10.0.0.5',
    port: 9090
  }
]
[2026-05-16T09:50:19.463Z] error: <httpProxy> Error calling http://10.0.0.5:9090/api/v1/query...
[2026-05-16T09:50:19.463Z] error: <httpProxy> [
  500,
  Error: connect ECONNREFUSED 10.0.0.5:9090
      at <unknown> (Error: connect ECONNREFUSED 10.0.0.5:9090) {
    errno: -111,
    code: 'ECONNREFUSED',
    syscall: 'connect',
    address: '10.0.0.5',
    port: 9090
  }
]
[2026-05-16T09:50:19.463Z] error: <httpProxy> Error calling http://10.0.0.5:9090/api/v1/query...
[2026-05-16T09:50:19.463Z] error: <httpProxy> [
  500,
  Error: connect ECONNREFUSED 10.0.0.5:9090
      at <unknown> (Error: connect ECONNREFUSED 10.0.0.5:9090) {
    errno: -111,
    code: 'ECONNREFUSED',
    syscall: 'connect',
    address: '10.0.0.5',
    port: 9090
  }
]
[2026-05-16T09:50:19.464Z] error: <httpProxy> Error calling http://10.0.0.5:9090/api/v1/query...
[2026-05-16T09:50:19.464Z] error: <httpProxy> [
  500,
  Error: connect ECONNREFUSED 10.0.0.5:9090
      at <unknown> (Error: connect ECONNREFUSED 10.0.0.5:9090) {
    errno: -111,
    code: 'ECONNREFUSED',
    syscall: 'connect',
    address: '10.0.0.5',
    port: 9090
  }
]
[2026-05-16T09:50:19.469Z] error: <httpProxy> Error calling http://10.0.0.5:9090/api/v1/query...
[2026-05-16T09:50:19.469Z] error: <httpProxy> [
  500,
  Error: connect ECONNREFUSED 10.0.0.5:9090
      at <unknown> (Error: connect ECONNREFUSED 10.0.0.5:9090) {
    errno: -111,
    code: 'ECONNREFUSED',
    syscall: 'connect',
    address: '10.0.0.5',
    port: 9090
  }
]
[2026-05-16T09:50:19.470Z] error: <httpProxy> Error calling http://10.0.0.5:9090/api/v1/query...
[2026-05-16T09:50:19.470Z] error: <httpProxy> [
  500,
  Error: connect ECONNREFUSED 10.0.0.5:9090
      at <unknown> (Error: connect ECONNREFUSED 10.0.0.5:9090) {
    errno: -111,
    code: 'ECONNREFUSED',
    syscall: 'connect',
    address: '10.0.0.5',
    port: 9090
  }
]
[2026-05-16T09:50:19.470Z] error: <httpProxy> Error calling http://10.0.0.5:9090/api/v1/query...
[2026-05-16T09:50:19.470Z] error: <httpProxy> [
  500,
  Error: connect ECONNREFUSED 10.0.0.5:9090
      at <unknown> (Error: connect ECONNREFUSED 10.0.0.5:9090) {
    errno: -111,
    code: 'ECONNREFUSED',
    syscall: 'connect',
    address: '10.0.0.5',
    port: 9090
  }
]
[2026-05-16T09:50:19.471Z] error: <httpProxy> Error calling http://10.0.0.5:9090/api/v1/query...
[2026-05-16T09:50:19.471Z] error: <httpProxy> [
  500,
  Error: connect ECONNREFUSED 10.0.0.5:9090
      at <unknown> (Error: connect ECONNREFUSED 10.0.0.5:9090) {
    errno: -111,
    code: 'ECONNREFUSED',
    syscall: 'connect',
    address: '10.0.0.5',
    port: 9090
  }
]
[2026-05-16T09:50:34.452Z] error: <httpProxy> Error calling http://10.0.0.5:9090/api/v1/query...
[2026-05-16T09:50:34.452Z] error: <httpProxy> [
  500,
  Error: connect ECONNREFUSED 10.0.0.5:9090
      at <unknown> (Error: connect ECONNREFUSED 10.0.0.5:9090) {
    errno: -111,
    code: 'ECONNREFUSED',
    syscall: 'connect',
    address: '10.0.0.5',
    port: 9090
  }
]
[2026-05-16T09:50:34.452Z] error: <httpProxy> Error calling http://10.0.0.5:9090/api/v1/query...
[2026-05-16T09:50:34.453Z] error: <httpProxy> [
  500,
  Error: connect ECONNREFUSED 10.0.0.5:9090
      at <unknown> (Error: connect ECONNREFUSED 10.0.0.5:9090) {
    errno: -111,
    code: 'ECONNREFUSED',
    syscall: 'connect',
    address: '10.0.0.5',
    port: 9090
  }
]
[2026-05-16T09:50:34.453Z] error: <httpProxy> Error calling http://10.0.0.5:9090/api/v1/query...
[2026-05-16T09:50:34.453Z] error: <httpProxy> [
  500,
  Error: connect ECONNREFUSED 10.0.0.5:9090
      at <unknown> (Error: connect ECONNREFUSED 10.0.0.5:9090) {
    errno: -111,
    code: 'ECONNREFUSED',
    syscall: 'connect',
    address: '10.0.0.5',
    port: 9090
  }
]
[2026-05-16T09:50:34.461Z] error: <httpProxy> Error calling http://10.0.0.5:9090/api/v1/query...
[2026-05-16T09:50:34.461Z] error: <httpProxy> [
  500,
  Error: connect ECONNREFUSED 10.0.0.5:9090
      at <unknown> (Error: connect ECONNREFUSED 10.0.0.5:9090) {
    errno: -111,
    code: 'ECONNREFUSED',
    syscall: 'connect',
    address: '10.0.0.5',
    port: 9090
  }
]
[2026-05-16T09:50:34.462Z] error: <httpProxy> Error calling http://10.0.0.5:9090/api/v1/query...
[2026-05-16T09:50:34.462Z] error: <httpProxy> [
  500,
  Error: connect ECONNREFUSED 10.0.0.5:9090
      at <unknown> (Error: connect ECONNREFUSED 10.0.0.5:9090) {
    errno: -111,
    code: 'ECONNREFUSED',
    syscall: 'connect',
    address: '10.0.0.5',
    port: 9090
  }
]
[2026-05-16T09:50:34.477Z] error: <httpProxy> Error calling http://10.0.0.5:9090/api/v1/query...
[2026-05-16T09:50:34.477Z] error: <httpProxy> [
  500,
  Error: connect ECONNREFUSED 10.0.0.5:9090
      at <unknown> (Error: connect ECONNREFUSED 10.0.0.5:9090) {
    errno: -111,
    code: 'ECONNREFUSED',
    syscall: 'connect',
    address: '10.0.0.5',
    port: 9090
  }
]
[2026-05-16T09:50:34.477Z] error: <httpProxy> Error calling http://10.0.0.5:9090/api/v1/query...
[2026-05-16T09:50:34.477Z] error: <httpProxy> [
  500,
  Error: connect ECONNREFUSED 10.0.0.5:9090
      at <unknown> (Error: connect ECONNREFUSED 10.0.0.5:9090) {
    errno: -111,
    code: 'ECONNREFUSED',
    syscall: 'connect',
    address: '10.0.0.5',
    port: 9090
  }
]
[2026-05-16T09:50:34.477Z] error: <httpProxy> Error calling http://10.0.0.5:9090/api/v1/query...
[2026-05-16T09:50:34.477Z] error: <httpProxy> [
  500,
  Error: connect ECONNREFUSED 10.0.0.5:9090
      at <unknown> (Error: connect ECONNREFUSED 10.0.0.5:9090) {
    errno: -111,
    code: 'ECONNREFUSED',
    syscall: 'connect',
    address: '10.0.0.5',
    port: 9090
  }
]
[2026-05-16T09:50:34.478Z] error: <httpProxy> Error calling http://10.0.0.5:9090/api/v1/query...
[2026-05-16T09:50:34.478Z] error: <httpProxy> [
  500,
  Error: connect ECONNREFUSED 10.0.0.5:9090
      at <unknown> (Error: connect ECONNREFUSED 10.0.0.5:9090) {
    errno: -111,
    code: 'ECONNREFUSED',
    syscall: 'connect',
    address: '10.0.0.5',
    port: 9090
  }
]
[2026-05-16T09:50:34.479Z] error: <httpProxy> Error calling http://10.0.0.5:9090/api/v1/query...
[2026-05-16T09:50:34.479Z] error: <httpProxy> [
  500,
  Error: connect ECONNREFUSED 10.0.0.5:9090
      at <unknown> (Error: connect ECONNREFUSED 10.0.0.5:9090) {
    errno: -111,
    code: 'ECONNREFUSED',
    syscall: 'connect',
    address: '10.0.0.5',
    port: 9090
  }
]
[2026-05-16T09:50:34.484Z] error: <httpProxy> Error calling http://10.0.0.5:9090/api/v1/query...
[2026-05-16T09:50:34.484Z] error: <httpProxy> [
  500,
  Error: connect ECONNREFUSED 10.0.0.5:9090
      at <unknown> (Error: connect ECONNREFUSED 10.0.0.5:9090) {
    errno: -111,
    code: 'ECONNREFUSED',
    syscall: 'connect',
    address: '10.0.0.5',
    port: 9090
  }
]
[2026-05-16T09:50:34.484Z] error: <httpProxy> Error calling http://10.0.0.5:9090/api/v1/query...
[2026-05-16T09:50:34.485Z] error: <httpProxy> [
  500,
  Error: connect ECONNREFUSED 10.0.0.5:9090
      at <unknown> (Error: connect ECONNREFUSED 10.0.0.5:9090) {
    errno: -111,
    code: 'ECONNREFUSED',
    syscall: 'connect',
    address: '10.0.0.5',
    port: 9090
  }
]
[2026-05-16T09:50:34.486Z] error: <httpProxy> Error calling http://10.0.0.5:9090/api/v1/query...
[2026-05-16T09:50:34.486Z] error: <httpProxy> [
  500,
  Error: connect ECONNREFUSED 10.0.0.5:9090
      at <unknown> (Error: connect ECONNREFUSED 10.0.0.5:9090) {
    errno: -111,
    code: 'ECONNREFUSED',
    syscall: 'connect',
    address: '10.0.0.5',
    port: 9090
  }
]
[2026-05-16T09:50:34.487Z] error: <httpProxy> Error calling http://10.0.0.5:9090/api/v1/query...
[2026-05-16T09:50:34.487Z] error: <httpProxy> [
  500,
  Error: connect ECONNREFUSED 10.0.0.5:9090
      at <unknown> (Error: connect ECONNREFUSED 10.0.0.5:9090) {
    errno: -111,
    code: 'ECONNREFUSED',
    syscall: 'connect',
    address: '10.0.0.5',
    port: 9090
  }
]
[2026-05-16T09:50:49.469Z] error: <httpProxy> Error calling http://10.0.0.5:9090/api/v1/query...
[2026-05-16T09:50:49.469Z] error: <httpProxy> [
  500,
  Error: connect ECONNREFUSED 10.0.0.5:9090
      at <unknown> (Error: connect ECONNREFUSED 10.0.0.5:9090) {
    errno: -111,
    code: 'ECONNREFUSED',
    syscall: 'connect',
    address: '10.0.0.5',
    port: 9090
  }
]
[2026-05-16T09:50:49.470Z] error: <httpProxy> Error calling http://10.0.0.5:9090/api/v1/query...
[2026-05-16T09:50:49.470Z] error: <httpProxy> [
  500,
  Error: connect ECONNREFUSED 10.0.0.5:9090
      at <unknown> (Error: connect ECONNREFUSED 10.0.0.5:9090) {
    errno: -111,
    code: 'ECONNREFUSED',
    syscall: 'connect',
    address: '10.0.0.5',
    port: 9090
  }
]
[2026-05-16T09:50:49.471Z] error: <httpProxy> Error calling http://10.0.0.5:9090/api/v1/query...
[2026-05-16T09:50:49.471Z] error: <httpProxy> [
  500,
  Error: connect ECONNREFUSED 10.0.0.5:9090
      at <unknown> (Error: connect ECONNREFUSED 10.0.0.5:9090) {
    errno: -111,
    code: 'ECONNREFUSED',
    syscall: 'connect',
    address: '10.0.0.5',
    port: 9090
  }
]
[2026-05-16T09:50:49.475Z] error: <httpProxy> Error calling http://10.0.0.5:9090/api/v1/query...
[2026-05-16T09:50:49.475Z] error: <httpProxy> [
  500,
  Error: connect ECONNREFUSED 10.0.0.5:9090
      at <unknown> (Error: connect ECONNREFUSED 10.0.0.5:9090) {
    errno: -111,
    code: 'ECONNREFUSED',
    syscall: 'connect',
    address: '10.0.0.5',
    port: 9090
  }
]
[2026-05-16T09:50:49.476Z] error: <httpProxy> Error calling http://10.0.0.5:9090/api/v1/query...
[2026-05-16T09:50:49.476Z] error: <httpProxy> [
  500,
  Error: connect ECONNREFUSED 10.0.0.5:9090
      at <unknown> (Error: connect ECONNREFUSED 10.0.0.5:9090) {
    errno: -111,
    code: 'ECONNREFUSED',
    syscall: 'connect',
    address: '10.0.0.5',
    port: 9090
  }
]
[2026-05-16T09:50:49.507Z] error: <httpProxy> Error calling http://10.0.0.5:9090/api/v1/query...
[2026-05-16T09:50:49.507Z] error: <httpProxy> [
  500,
  Error: connect ECONNREFUSED 10.0.0.5:9090
      at <unknown> (Error: connect ECONNREFUSED 10.0.0.5:9090) {
    errno: -111,
    code: 'ECONNREFUSED',
    syscall: 'connect',
    address: '10.0.0.5',
    port: 9090
  }
]
[2026-05-16T09:50:49.508Z] error: <httpProxy> Error calling http://10.0.0.5:9090/api/v1/query...
[2026-05-16T09:50:49.508Z] error: <httpProxy> [
  500,
  Error: connect ECONNREFUSED 10.0.0.5:9090
      at <unknown> (Error: connect ECONNREFUSED 10.0.0.5:9090) {
    errno: -111,
    code: 'ECONNREFUSED',
    syscall: 'connect',
    address: '10.0.0.5',
    port: 9090
  }
]
[2026-05-16T09:50:49.509Z] error: <httpProxy> Error calling http://10.0.0.5:9090/api/v1/query...
[2026-05-16T09:50:49.509Z] error: <httpProxy> [
  500,
  Error: connect ECONNREFUSED 10.0.0.5:9090
      at <unknown> (Error: connect ECONNREFUSED 10.0.0.5:9090) {
    errno: -111,
    code: 'ECONNREFUSED',
    syscall: 'connect',
    address: '10.0.0.5',
    port: 9090
  }
]
[2026-05-16T09:50:49.510Z] error: <httpProxy> Error calling http://10.0.0.5:9090/api/v1/query...
[2026-05-16T09:50:49.510Z] error: <httpProxy> [
  500,
  Error: connect ECONNREFUSED 10.0.0.5:9090
      at <unknown> (Error: connect ECONNREFUSED 10.0.0.5:9090) {
    errno: -111,
    code: 'ECONNREFUSED',
    syscall: 'connect',
    address: '10.0.0.5',
    port: 9090
  }
]
[2026-05-16T09:50:49.511Z] error: <httpProxy> Error calling http://10.0.0.5:9090/api/v1/query...
[2026-05-16T09:50:49.511Z] error: <httpProxy> [
  500,
  Error: connect ECONNREFUSED 10.0.0.5:9090
      at <unknown> (Error: connect ECONNREFUSED 10.0.0.5:9090) {
    errno: -111,
    code: 'ECONNREFUSED',
    syscall: 'connect',
    address: '10.0.0.5',
    port: 9090
  }
]
[2026-05-16T09:50:49.512Z] error: <httpProxy> Error calling http://10.0.0.5:9090/api/v1/query...
[2026-05-16T09:50:49.512Z] error: <httpProxy> [
  500,
  Error: connect ECONNREFUSED 10.0.0.5:9090
      at <unknown> (Error: connect ECONNREFUSED 10.0.0.5:9090) {
    errno: -111,
    code: 'ECONNREFUSED',
    syscall: 'connect',
    address: '10.0.0.5',
    port: 9090
  }
]
[2026-05-16T09:50:49.513Z] error: <httpProxy> Error calling http://10.0.0.5:9090/api/v1/query...
[2026-05-16T09:50:49.513Z] error: <httpProxy> [
  500,
  Error: connect ECONNREFUSED 10.0.0.5:9090
      at <unknown> (Error: connect ECONNREFUSED 10.0.0.5:9090) {
    errno: -111,
    code: 'ECONNREFUSED',
    syscall: 'connect',
    address: '10.0.0.5',
    port: 9090
  }
]
[2026-05-16T09:50:49.513Z] error: <httpProxy> Error calling http://10.0.0.5:9090/api/v1/query...
[2026-05-16T09:50:49.513Z] error: <httpProxy> [
  500,
  Error: connect ECONNREFUSED 10.0.0.5:9090
      at <unknown> (Error: connect ECONNREFUSED 10.0.0.5:9090) {
    errno: -111,
    code: 'ECONNREFUSED',
    syscall: 'connect',
    address: '10.0.0.5',
    port: 9090
  }
]
[2026-05-16T09:50:49.514Z] error: <httpProxy> Error calling http://10.0.0.5:9090/api/v1/query...
[2026-05-16T09:50:49.514Z] error: <httpProxy> [
  500,
  Error: connect ECONNREFUSED 10.0.0.5:9090
      at <unknown> (Error: connect ECONNREFUSED 10.0.0.5:9090) {
    errno: -111,
    code: 'ECONNREFUSED',
    syscall: 'connect',
    address: '10.0.0.5',
    port: 9090
  }
]
[2026-05-16T09:51:04.492Z] error: <httpProxy> Error calling http://10.0.0.5:9090/api/v1/query...
[2026-05-16T09:51:04.493Z] error: <httpProxy> [
  500,
  Error: connect ECONNREFUSED 10.0.0.5:9090
      at <unknown> (Error: connect ECONNREFUSED 10.0.0.5:9090) {
    errno: -111,
    code: 'ECONNREFUSED',
    syscall: 'connect',
    address: '10.0.0.5',
    port: 9090
  }
]
[2026-05-16T09:51:04.493Z] error: <httpProxy> Error calling http://10.0.0.5:9090/api/v1/query...
[2026-05-16T09:51:04.494Z] error: <httpProxy> [
  500,
  Error: connect ECONNREFUSED 10.0.0.5:9090
      at <unknown> (Error: connect ECONNREFUSED 10.0.0.5:9090) {
    errno: -111,
    code: 'ECONNREFUSED',
    syscall: 'connect',
    address: '10.0.0.5',
    port: 9090
  }
]
[2026-05-16T09:51:04.494Z] error: <httpProxy> Error calling http://10.0.0.5:9090/api/v1/query...
[2026-05-16T09:51:04.494Z] error: <httpProxy> [
  500,
  Error: connect ECONNREFUSED 10.0.0.5:9090
      at <unknown> (Error: connect ECONNREFUSED 10.0.0.5:9090) {
    errno: -111,
    code: 'ECONNREFUSED',
    syscall: 'connect',
    address: '10.0.0.5',
    port: 9090
  }
]
[2026-05-16T09:51:04.495Z] error: <httpProxy> Error calling http://10.0.0.5:9090/api/v1/query...
[2026-05-16T09:51:04.495Z] error: <httpProxy> [
  500,
  Error: connect ECONNREFUSED 10.0.0.5:9090
      at <unknown> (Error: connect ECONNREFUSED 10.0.0.5:9090) {
    errno: -111,
    code: 'ECONNREFUSED',
    syscall: 'connect',
    address: '10.0.0.5',
    port: 9090
  }
]
[2026-05-16T09:51:04.495Z] error: <httpProxy> Error calling http://10.0.0.5:9090/api/v1/query...
[2026-05-16T09:51:04.495Z] error: <httpProxy> [
  500,
  Error: connect ECONNREFUSED 10.0.0.5:9090
      at <unknown> (Error: connect ECONNREFUSED 10.0.0.5:9090) {
    errno: -111,
    code: 'ECONNREFUSED',
    syscall: 'connect',
    address: '10.0.0.5',
    port: 9090
  }
]
[2026-05-16T09:51:04.521Z] error: <httpProxy> Error calling http://10.0.0.5:9090/api/v1/query...
[2026-05-16T09:51:04.521Z] error: <httpProxy> [
  500,
  Error: connect ECONNREFUSED 10.0.0.5:9090
      at <unknown> (Error: connect ECONNREFUSED 10.0.0.5:9090) {
    errno: -111,
    code: 'ECONNREFUSED',
    syscall: 'connect',
    address: '10.0.0.5',
    port: 9090
  }
]
[2026-05-16T09:51:04.521Z] error: <httpProxy> Error calling http://10.0.0.5:9090/api/v1/query...
[2026-05-16T09:51:04.521Z] error: <httpProxy> [
  500,
  Error: connect ECONNREFUSED 10.0.0.5:9090
      at <unknown> (Error: connect ECONNREFUSED 10.0.0.5:9090) {
    errno: -111,
    code: 'ECONNREFUSED',
    syscall: 'connect',
    address: '10.0.0.5',
    port: 9090
  }
]
[2026-05-16T09:51:04.521Z] error: <httpProxy> Error calling http://10.0.0.5:9090/api/v1/query...
[2026-05-16T09:51:04.521Z] error: <httpProxy> [
  500,
  Error: connect ECONNREFUSED 10.0.0.5:9090
      at <unknown> (Error: connect ECONNREFUSED 10.0.0.5:9090) {
    errno: -111,
    code: 'ECONNREFUSED',
    syscall: 'connect',
    address: '10.0.0.5',
    port: 9090
  }
]
[2026-05-16T09:51:04.522Z] error: <httpProxy> Error calling http://10.0.0.5:9090/api/v1/query...
[2026-05-16T09:51:04.522Z] error: <httpProxy> [
  500,
  Error: connect ECONNREFUSED 10.0.0.5:9090
      at <unknown> (Error: connect ECONNREFUSED 10.0.0.5:9090) {
    errno: -111,
    code: 'ECONNREFUSED',
    syscall: 'connect',
    address: '10.0.0.5',
    port: 9090
  }
]
[2026-05-16T09:51:04.535Z] error: <httpProxy> Error calling http://10.0.0.5:9090/api/v1/query...
[2026-05-16T09:51:04.536Z] error: <httpProxy> [
  500,
  Error: connect ECONNREFUSED 10.0.0.5:9090
      at <unknown> (Error: connect ECONNREFUSED 10.0.0.5:9090) {
    errno: -111,
    code: 'ECONNREFUSED',
    syscall: 'connect',
    address: '10.0.0.5',
    port: 9090
  }
]
[2026-05-16T09:51:04.538Z] error: <httpProxy> Error calling http://10.0.0.5:9090/api/v1/query...
[2026-05-16T09:51:04.539Z] error: <httpProxy> [
  500,
  Error: connect ECONNREFUSED 10.0.0.5:9090
      at <unknown> (Error: connect ECONNREFUSED 10.0.0.5:9090) {
    errno: -111,
    code: 'ECONNREFUSED',
    syscall: 'connect',
    address: '10.0.0.5',
    port: 9090
  }
]
[2026-05-16T09:51:04.539Z] error: <httpProxy> Error calling http://10.0.0.5:9090/api/v1/query...
[2026-05-16T09:51:04.539Z] error: <httpProxy> [
  500,
  Error: connect ECONNREFUSED 10.0.0.5:9090
      at <unknown> (Error: connect ECONNREFUSED 10.0.0.5:9090) {
    errno: -111,
    code: 'ECONNREFUSED',
    syscall: 'connect',
    address: '10.0.0.5',
    port: 9090
  }
]
[2026-05-16T09:51:04.540Z] error: <httpProxy> Error calling http://10.0.0.5:9090/api/v1/query...
[2026-05-16T09:51:04.540Z] error: <httpProxy> [
  500,
  Error: connect ECONNREFUSED 10.0.0.5:9090
      at <unknown> (Error: connect ECONNREFUSED 10.0.0.5:9090) {
    errno: -111,
    code: 'ECONNREFUSED',
    syscall: 'connect',
    address: '10.0.0.5',
    port: 9090
  }
]
[2026-05-16T09:51:04.542Z] error: <httpProxy> Error calling http://10.0.0.5:9090/api/v1/query...
[2026-05-16T09:51:04.542Z] error: <httpProxy> [
  500,
  Error: connect ECONNREFUSED 10.0.0.5:9090
      at <unknown> (Error: connect ECONNREFUSED 10.0.0.5:9090) {
    errno: -111,
    code: 'ECONNREFUSED',
    syscall: 'connect',
    address: '10.0.0.5',
    port: 9090
  }
]
[2026-05-16T09:51:19.503Z] error: <httpProxy> Error calling http://10.0.0.5:9090/api/v1/query...
[2026-05-16T09:51:19.503Z] error: <httpProxy> [
  500,
  Error: connect ECONNREFUSED 10.0.0.5:9090
      at <unknown> (Error: connect ECONNREFUSED 10.0.0.5:9090) {
    errno: -111,
    code: 'ECONNREFUSED',
    syscall: 'connect',
    address: '10.0.0.5',
    port: 9090
  }
]
[2026-05-16T09:51:19.504Z] error: <httpProxy> Error calling http://10.0.0.5:9090/api/v1/query...
[2026-05-16T09:51:19.504Z] error: <httpProxy> [
  500,
  Error: connect ECONNREFUSED 10.0.0.5:9090
      at <unknown> (Error: connect ECONNREFUSED 10.0.0.5:9090) {
    errno: -111,
    code: 'ECONNREFUSED',
    syscall: 'connect',
    address: '10.0.0.5',
    port: 9090
  }
]
[2026-05-16T09:51:19.505Z] error: <httpProxy> Error calling http://10.0.0.5:9090/api/v1/query...
[2026-05-16T09:51:19.505Z] error: <httpProxy> [
  500,
  Error: connect ECONNREFUSED 10.0.0.5:9090
      at <unknown> (Error: connect ECONNREFUSED 10.0.0.5:9090) {
    errno: -111,
    code: 'ECONNREFUSED',
    syscall: 'connect',
    address: '10.0.0.5',
    port: 9090
  }
]
[2026-05-16T09:51:19.509Z] error: <httpProxy> Error calling http://10.0.0.5:9090/api/v1/query...
[2026-05-16T09:51:19.509Z] error: <httpProxy> [
  500,
  Error: connect ECONNREFUSED 10.0.0.5:9090
      at <unknown> (Error: connect ECONNREFUSED 10.0.0.5:9090) {
    errno: -111,
    code: 'ECONNREFUSED',
    syscall: 'connect',
    address: '10.0.0.5',
    port: 9090
  }
]
[2026-05-16T09:51:19.510Z] error: <httpProxy> Error calling http://10.0.0.5:9090/api/v1/query...
[2026-05-16T09:51:19.510Z] error: <httpProxy> [
  500,
  Error: connect ECONNREFUSED 10.0.0.5:9090
      at <unknown> (Error: connect ECONNREFUSED 10.0.0.5:9090) {
    errno: -111,
    code: 'ECONNREFUSED',
    syscall: 'connect',
    address: '10.0.0.5',
    port: 9090
  }
]
[2026-05-16T09:51:19.535Z] error: <httpProxy> Error calling http://10.0.0.5:9090/api/v1/query...
[2026-05-16T09:51:19.535Z] error: <httpProxy> [
  500,
  Error: connect ECONNREFUSED 10.0.0.5:9090
      at <unknown> (Error: connect ECONNREFUSED 10.0.0.5:9090) {
    errno: -111,
    code: 'ECONNREFUSED',
    syscall: 'connect',
    address: '10.0.0.5',
    port: 9090
  }
]
[2026-05-16T09:51:19.536Z] error: <httpProxy> Error calling http://10.0.0.5:9090/api/v1/query...
[2026-05-16T09:51:19.537Z] error: <httpProxy> [
  500,
  Error: connect ECONNREFUSED 10.0.0.5:9090
      at <unknown> (Error: connect ECONNREFUSED 10.0.0.5:9090) {
    errno: -111,
    code: 'ECONNREFUSED',
    syscall: 'connect',
    address: '10.0.0.5',
    port: 9090
  }
]
[2026-05-16T09:51:19.537Z] error: <httpProxy> Error calling http://10.0.0.5:9090/api/v1/query...
[2026-05-16T09:51:19.537Z] error: <httpProxy> [
  500,
  Error: connect ECONNREFUSED 10.0.0.5:9090
      at <unknown> (Error: connect ECONNREFUSED 10.0.0.5:9090) {
    errno: -111,
    code: 'ECONNREFUSED',
    syscall: 'connect',
    address: '10.0.0.5',
    port: 9090
  }
]
[2026-05-16T09:51:19.538Z] error: <httpProxy> Error calling http://10.0.0.5:9090/api/v1/query...
[2026-05-16T09:51:19.538Z] error: <httpProxy> [
  500,
  Error: connect ECONNREFUSED 10.0.0.5:9090
      at <unknown> (Error: connect ECONNREFUSED 10.0.0.5:9090) {
    errno: -111,
    code: 'ECONNREFUSED',
    syscall: 'connect',
    address: '10.0.0.5',
    port: 9090
  }
]
[2026-05-16T09:51:19.543Z] error: <httpProxy> Error calling http://10.0.0.5:9090/api/v1/query...
[2026-05-16T09:51:19.544Z] error: <httpProxy> [
  500,
  Error: connect ECONNREFUSED 10.0.0.5:9090
      at <unknown> (Error: connect ECONNREFUSED 10.0.0.5:9090) {
    errno: -111,
    code: 'ECONNREFUSED',
    syscall: 'connect',
    address: '10.0.0.5',
    port: 9090
  }
]
[2026-05-16T09:51:19.552Z] error: <httpProxy> Error calling http://10.0.0.5:9090/api/v1/query...
[2026-05-16T09:51:19.552Z] error: <httpProxy> [
  500,
  Error: connect ECONNREFUSED 10.0.0.5:9090
      at <unknown> (Error: connect ECONNREFUSED 10.0.0.5:9090) {
    errno: -111,
    code: 'ECONNREFUSED',
    syscall: 'connect',
    address: '10.0.0.5',
    port: 9090
  }
]
[2026-05-16T09:51:19.553Z] error: <httpProxy> Error calling http://10.0.0.5:9090/api/v1/query...
[2026-05-16T09:51:19.553Z] error: <httpProxy> [
  500,
  Error: connect ECONNREFUSED 10.0.0.5:9090
      at <unknown> (Error: connect ECONNREFUSED 10.0.0.5:9090) {
    errno: -111,
    code: 'ECONNREFUSED',
    syscall: 'connect',
    address: '10.0.0.5',
    port: 9090
  }
]
[2026-05-16T09:51:19.554Z] error: <httpProxy> Error calling http://10.0.0.5:9090/api/v1/query...
[2026-05-16T09:51:19.554Z] error: <httpProxy> [
  500,
  Error: connect ECONNREFUSED 10.0.0.5:9090
      at <unknown> (Error: connect ECONNREFUSED 10.0.0.5:9090) {
    errno: -111,
    code: 'ECONNREFUSED',
    syscall: 'connect',
    address: '10.0.0.5',
    port: 9090
  }
]
[2026-05-16T09:51:19.554Z] error: <httpProxy> Error calling http://10.0.0.5:9090/api/v1/query...
[2026-05-16T09:51:19.554Z] error: <httpProxy> [
  500,
  Error: connect ECONNREFUSED 10.0.0.5:9090
      at <unknown> (Error: connect ECONNREFUSED 10.0.0.5:9090) {
    errno: -111,
    code: 'ECONNREFUSED',
    syscall: 'connect',
    address: '10.0.0.5',
    port: 9090
  }
]
[2026-05-16T09:51:34.526Z] error: <httpProxy> Error calling http://10.0.0.5:9090/api/v1/query...
[2026-05-16T09:51:34.526Z] error: <httpProxy> [
  500,
  Error: connect ECONNREFUSED 10.0.0.5:9090
      at <unknown> (Error: connect ECONNREFUSED 10.0.0.5:9090) {
    errno: -111,
    code: 'ECONNREFUSED',
    syscall: 'connect',
    address: '10.0.0.5',
    port: 9090
  }
]
[2026-05-16T09:51:34.526Z] error: <httpProxy> Error calling http://10.0.0.5:9090/api/v1/query...
[2026-05-16T09:51:34.527Z] error: <httpProxy> [
  500,
  Error: connect ECONNREFUSED 10.0.0.5:9090
      at <unknown> (Error: connect ECONNREFUSED 10.0.0.5:9090) {
    errno: -111,
    code: 'ECONNREFUSED',
    syscall: 'connect',
    address: '10.0.0.5',
    port: 9090
  }
]
[2026-05-16T09:51:34.527Z] error: <httpProxy> Error calling http://10.0.0.5:9090/api/v1/query...
[2026-05-16T09:51:34.527Z] error: <httpProxy> [
  500,
  Error: connect ECONNREFUSED 10.0.0.5:9090
      at <unknown> (Error: connect ECONNREFUSED 10.0.0.5:9090) {
    errno: -111,
    code: 'ECONNREFUSED',
    syscall: 'connect',
    address: '10.0.0.5',
    port: 9090
  }
]
[2026-05-16T09:51:34.528Z] error: <httpProxy> Error calling http://10.0.0.5:9090/api/v1/query...
[2026-05-16T09:51:34.528Z] error: <httpProxy> [
  500,
  Error: connect ECONNREFUSED 10.0.0.5:9090
      at <unknown> (Error: connect ECONNREFUSED 10.0.0.5:9090) {
    errno: -111,
    code: 'ECONNREFUSED',
    syscall: 'connect',
    address: '10.0.0.5',
    port: 9090
  }
]
[2026-05-16T09:51:34.528Z] error: <httpProxy> Error calling http://10.0.0.5:9090/api/v1/query...
[2026-05-16T09:51:34.528Z] error: <httpProxy> [
  500,
  Error: connect ECONNREFUSED 10.0.0.5:9090
      at <unknown> (Error: connect ECONNREFUSED 10.0.0.5:9090) {
    errno: -111,
    code: 'ECONNREFUSED',
    syscall: 'connect',
    address: '10.0.0.5',
    port: 9090
  }
]
[2026-05-16T09:51:34.555Z] error: <httpProxy> Error calling http://10.0.0.5:9090/api/v1/query...
[2026-05-16T09:51:34.555Z] error: <httpProxy> [
  500,
  Error: connect ECONNREFUSED 10.0.0.5:9090
      at <unknown> (Error: connect ECONNREFUSED 10.0.0.5:9090) {
    errno: -111,
    code: 'ECONNREFUSED',
    syscall: 'connect',
    address: '10.0.0.5',
    port: 9090
  }
]
[2026-05-16T09:51:34.556Z] error: <httpProxy> Error calling http://10.0.0.5:9090/api/v1/query...
[2026-05-16T09:51:34.556Z] error: <httpProxy> [
  500,
  Error: connect ECONNREFUSED 10.0.0.5:9090
      at <unknown> (Error: connect ECONNREFUSED 10.0.0.5:9090) {
    errno: -111,
    code: 'ECONNREFUSED',
    syscall: 'connect',
    address: '10.0.0.5',
    port: 9090
  }
]
[2026-05-16T09:51:34.556Z] error: <httpProxy> Error calling http://10.0.0.5:9090/api/v1/query...
[2026-05-16T09:51:34.556Z] error: <httpProxy> [
  500,
  Error: connect ECONNREFUSED 10.0.0.5:9090
      at <unknown> (Error: connect ECONNREFUSED 10.0.0.5:9090) {
    errno: -111,
    code: 'ECONNREFUSED',
    syscall: 'connect',
    address: '10.0.0.5',
    port: 9090
  }
]
[2026-05-16T09:51:34.557Z] error: <httpProxy> Error calling http://10.0.0.5:9090/api/v1/query...
[2026-05-16T09:51:34.557Z] error: <httpProxy> [
  500,
  Error: connect ECONNREFUSED 10.0.0.5:9090
      at <unknown> (Error: connect ECONNREFUSED 10.0.0.5:9090) {
    errno: -111,
    code: 'ECONNREFUSED',
    syscall: 'connect',
    address: '10.0.0.5',
    port: 9090
  }
]
[2026-05-16T09:51:34.557Z] error: <httpProxy> Error calling http://10.0.0.5:9090/api/v1/query...
[2026-05-16T09:51:34.557Z] error: <httpProxy> [
  500,
  Error: connect ECONNREFUSED 10.0.0.5:9090
      at <unknown> (Error: connect ECONNREFUSED 10.0.0.5:9090) {
    errno: -111,
    code: 'ECONNREFUSED',
    syscall: 'connect',
    address: '10.0.0.5',
    port: 9090
  }
]
[2026-05-16T09:51:34.562Z] error: <httpProxy> Error calling http://10.0.0.5:9090/api/v1/query...
[2026-05-16T09:51:34.562Z] error: <httpProxy> [
  500,
  Error: connect ECONNREFUSED 10.0.0.5:9090
      at <unknown> (Error: connect ECONNREFUSED 10.0.0.5:9090) {
    errno: -111,
    code: 'ECONNREFUSED',
    syscall: 'connect',
    address: '10.0.0.5',
    port: 9090
  }
]
[2026-05-16T09:51:34.563Z] error: <httpProxy> Error calling http://10.0.0.5:9090/api/v1/query...
[2026-05-16T09:51:34.563Z] error: <httpProxy> [
  500,
  Error: connect ECONNREFUSED 10.0.0.5:9090
      at <unknown> (Error: connect ECONNREFUSED 10.0.0.5:9090) {
    errno: -111,
    code: 'ECONNREFUSED',
    syscall: 'connect',
    address: '10.0.0.5',
    port: 9090
  }
]
[2026-05-16T09:51:34.563Z] error: <httpProxy> Error calling http://10.0.0.5:9090/api/v1/query...
[2026-05-16T09:51:34.563Z] error: <httpProxy> [
  500,
  Error: connect ECONNREFUSED 10.0.0.5:9090
      at <unknown> (Error: connect ECONNREFUSED 10.0.0.5:9090) {
    errno: -111,
    code: 'ECONNREFUSED',
    syscall: 'connect',
    address: '10.0.0.5',
    port: 9090
  }
]
[2026-05-16T09:51:34.564Z] error: <httpProxy> Error calling http://10.0.0.5:9090/api/v1/query...
[2026-05-16T09:51:34.564Z] error: <httpProxy> [
  500,
  Error: connect ECONNREFUSED 10.0.0.5:9090
      at <unknown> (Error: connect ECONNREFUSED 10.0.0.5:9090) {
    errno: -111,
    code: 'ECONNREFUSED',
    syscall: 'connect',
    address: '10.0.0.5',
    port: 9090
  }
]
[2026-05-16T09:56:04.864Z] error: <httpProxy> Error calling http://10.0.0.5:9090/api/v1/query...
[2026-05-16T09:56:04.867Z] error: <httpProxy> [
  500,
  Error: connect ECONNREFUSED 10.0.0.5:9090
      at <unknown> (Error: connect ECONNREFUSED 10.0.0.5:9090) {
    errno: -111,
    code: 'ECONNREFUSED',
    syscall: 'connect',
    address: '10.0.0.5',
    port: 9090
  }
]
[2026-05-16T09:56:04.868Z] error: <httpProxy> Error calling http://10.0.0.5:9090/api/v1/query...
[2026-05-16T09:56:04.868Z] error: <httpProxy> [
  500,
  Error: connect ECONNREFUSED 10.0.0.5:9090
      at <unknown> (Error: connect ECONNREFUSED 10.0.0.5:9090) {
    errno: -111,
    code: 'ECONNREFUSED',
    syscall: 'connect',
    address: '10.0.0.5',
    port: 9090
  }
]
[2026-05-16T09:56:04.869Z] error: <httpProxy> Error calling http://10.0.0.5:9090/api/v1/query...
[2026-05-16T09:56:04.870Z] error: <httpProxy> [
  500,
  Error: connect ECONNREFUSED 10.0.0.5:9090
      at <unknown> (Error: connect ECONNREFUSED 10.0.0.5:9090) {
    errno: -111,
    code: 'ECONNREFUSED',
    syscall: 'connect',
    address: '10.0.0.5',
    port: 9090
  }
]
[2026-05-16T09:56:04.871Z] error: <httpProxy> Error calling http://10.0.0.5:9090/api/v1/query...
[2026-05-16T09:56:04.871Z] error: <httpProxy> [
  500,
  Error: connect ECONNREFUSED 10.0.0.5:9090
      at <unknown> (Error: connect ECONNREFUSED 10.0.0.5:9090) {
    errno: -111,
    code: 'ECONNREFUSED',
    syscall: 'connect',
    address: '10.0.0.5',
    port: 9090
  }
]
[2026-05-16T09:56:04.871Z] error: <httpProxy> Error calling http://10.0.0.5:9090/api/v1/query...
[2026-05-16T09:56:04.872Z] error: <httpProxy> [
  500,
  Error: connect ECONNREFUSED 10.0.0.5:9090
      at <unknown> (Error: connect ECONNREFUSED 10.0.0.5:9090) {
    errno: -111,
    code: 'ECONNREFUSED',
    syscall: 'connect',
    address: '10.0.0.5',
    port: 9090
  }
]
[2026-05-16T09:56:04.872Z] error: <httpProxy> Error calling http://10.0.0.5:9090/api/v1/query...
[2026-05-16T09:56:04.873Z] error: <httpProxy> [
  500,
  Error: connect ECONNREFUSED 10.0.0.5:9090
      at <unknown> (Error: connect ECONNREFUSED 10.0.0.5:9090) {
    errno: -111,
    code: 'ECONNREFUSED',
    syscall: 'connect',
    address: '10.0.0.5',
    port: 9090
  }
]
[2026-05-16T09:56:04.899Z] error: <httpProxy> Error calling http://10.0.0.5:9090/api/v1/query...
[2026-05-16T09:56:04.899Z] error: <httpProxy> [
  500,
  Error: connect ECONNREFUSED 10.0.0.5:9090
      at <unknown> (Error: connect ECONNREFUSED 10.0.0.5:9090) {
    errno: -111,
    code: 'ECONNREFUSED',
    syscall: 'connect',
    address: '10.0.0.5',
    port: 9090
  }
]
[2026-05-16T09:56:04.967Z] error: <httpProxy> Error calling http://10.0.0.5:9090/api/v1/query...
[2026-05-16T09:56:04.968Z] error: <httpProxy> [
  500,
  Error: connect ECONNREFUSED 10.0.0.5:9090
      at <unknown> (Error: connect ECONNREFUSED 10.0.0.5:9090) {
    errno: -111,
    code: 'ECONNREFUSED',
    syscall: 'connect',
    address: '10.0.0.5',
    port: 9090
  }
]
[2026-05-16T09:56:04.980Z] error: <httpProxy> Error calling http://10.0.0.5:9090/api/v1/query...
[2026-05-16T09:56:04.980Z] error: <httpProxy> [
  500,
  Error: connect ECONNREFUSED 10.0.0.5:9090
      at <unknown> (Error: connect ECONNREFUSED 10.0.0.5:9090) {
    errno: -111,
    code: 'ECONNREFUSED',
    syscall: 'connect',
    address: '10.0.0.5',
    port: 9090
  }
]
[2026-05-16T09:56:04.982Z] error: <httpProxy> Error calling http://10.0.0.5:9090/api/v1/query...
[2026-05-16T09:56:04.982Z] error: <httpProxy> [
  500,
  Error: connect ECONNREFUSED 10.0.0.5:9090
      at <unknown> (Error: connect ECONNREFUSED 10.0.0.5:9090) {
    errno: -111,
    code: 'ECONNREFUSED',
    syscall: 'connect',
    address: '10.0.0.5',
    port: 9090
  }
]
[2026-05-16T09:56:04.982Z] error: <httpProxy> Error calling http://10.0.0.5:9090/api/v1/query...
[2026-05-16T09:56:04.982Z] error: <httpProxy> [
  500,
  Error: connect ECONNREFUSED 10.0.0.5:9090
      at <unknown> (Error: connect ECONNREFUSED 10.0.0.5:9090) {
    errno: -111,
    code: 'ECONNREFUSED',
    syscall: 'connect',
    address: '10.0.0.5',
    port: 9090
  }
]
[2026-05-16T09:56:04.983Z] error: <httpProxy> Error calling http://10.0.0.5:9090/api/v1/query...
[2026-05-16T09:56:04.983Z] error: <httpProxy> [
  500,
  Error: connect ECONNREFUSED 10.0.0.5:9090
      at <unknown> (Error: connect ECONNREFUSED 10.0.0.5:9090) {
    errno: -111,
    code: 'ECONNREFUSED',
    syscall: 'connect',
    address: '10.0.0.5',
    port: 9090
  }
]
[2026-05-16T09:56:04.984Z] error: <httpProxy> Error calling http://10.0.0.5:9090/api/v1/query...
[2026-05-16T09:56:04.984Z] error: <httpProxy> [
  500,
  Error: connect ECONNREFUSED 10.0.0.5:9090
      at <unknown> (Error: connect ECONNREFUSED 10.0.0.5:9090) {
    errno: -111,
    code: 'ECONNREFUSED',
    syscall: 'connect',
    address: '10.0.0.5',
    port: 9090
  }
]
[2026-05-16T09:56:04.984Z] error: <httpProxy> Error calling http://10.0.0.5:9090/api/v1/query...
[2026-05-16T09:56:04.985Z] error: <httpProxy> [
  500,
  Error: connect ECONNREFUSED 10.0.0.5:9090
      at <unknown> (Error: connect ECONNREFUSED 10.0.0.5:9090) {
    errno: -111,
    code: 'ECONNREFUSED',
    syscall: 'connect',
    address: '10.0.0.5',
    port: 9090
  }
]
